F	X	Y	Z	W	P	R
5	0	0	100	0	0	0
10	2	0	100	0	-0.06821	0
5	2	0	0.001	0	-0.06821	0
10	2	0	0.001	0	-0.06821	0
10	1.167	2.02	0.002	0.06891	-0.03978	0
10	-1.333	2.31	0.002	0.07877	0.04548	0
10	-3	0	0.003	0	0.10231	0
10	-1.667	-2.886	0.003	-0.09844	0.05684	0
10	1.834	-3.176	0.004	-0.10831	-0.06253	0
10	4	0	0.005	0	-0.13642	0
10	3.678	1.93	0.005	0.06584	-0.12544	0
10	2.447	3.545	0.006	0.12092	-0.08346	0
10	0.538	4.429	0.006	0.15107	-0.01834	0
10	-1.636	4.315	0.006	0.14717	0.05581	0
10	-3.57	3.162	0.007	0.10785	0.12174	0
10	-4.78	1.178	0.007	0.04018	0.16302	0
10	-4.929	-1.215	0.008	-0.04144	0.16812	0
10	-3.915	-3.469	0.008	-0.1183	0.13354	0
10	-1.91	-5.035	0.009	-0.17172	0.06512	0
10	0.668	-5.498	0.009	-0.18749	-0.02277	0
10	3.233	-4.684	0.01	-0.15976	-0.11027	0
10	5.176	-2.717	0.01	-0.09265	-0.17654	0
10	6	0	0.011	0	-0.20463	0
7.734	5.774	1.982	0.011	0.0676	-0.19693	0
7.749	4.901	3.815	0.011	0.13011	-0.16716	0
7.762	3.455	5.288	0.012	0.18033	-0.11782	0
7.767	1.576	6.225	0.012	0.21228	-0.05376	0
7.78	-0.539	6.504	0.013	0.22181	0.01838	0
7.786	-2.664	6.073	0.013	0.20713	0.09086	0
7.802	-4.563	4.957	0.014	0.16904	0.15562	0
7.807	-6.017	3.256	0.014	0.11106	0.20522	0
7.824	-6.852	1.143	0.014	0.039	0.23369	0
7.835	-6.957	-1.161	0.015	-0.03959	0.23726	0
7.842	-6.295	-3.407	0.015	-0.11619	0.2147	0
7.857	-4.919	-5.344	0.016	-0.18224	0.16777	0
7.868	-2.96	-6.747	0.016	-0.23012	0.10094	0
7.878	-0.617	-7.448	0.017	-0.25403	0.02105	0
7.886	1.861	-7.347	0.017	-0.25057	-0.06345	0
7.897	4.203	-6.433	0.018	-0.21939	-0.14333	0
7.911	6.147	-4.784	0.018	-0.16316	-0.20963	0
7.926	7.467	-2.563	0.019	-0.08743	-0.25467	0
7.927	8	0	0.019	0	-0.27284	0
6.033	7.826	2.009	0.019	0.06853	-0.26691	0
6.045	7.151	3.931	0.02	0.13407	-0.24387	0
6.05	6.007	5.641	0.02	0.19237	-0.20486	0
6.063	4.458	7.025	0.021	0.23958	-0.15204	0
6.066	2.596	7.989	0.021	0.27246	-0.08853	0
6.077	0.532	8.463	0.021	0.28864	-0.01816	0
6.084	-1.604	8.408	0.022	0.28677	0.0547	0
6.09	-3.679	7.818	0.022	0.26662	0.12546	0
6.102	-5.558	6.719	0.023	0.22915	0.18957	0
6.112	-7.119	5.173	0.023	0.17641	0.2428	0
6.117	-8.256	3.269	0.023	0.11149	0.28158	0
6.128	-8.889	1.123	0.024	0.0383	0.30317	0
6.137	-8.969	-1.133	0.024	-0.03864	0.30588	0
6.143	-8.48	-3.357	0.025	-0.1145	0.28919	0
6.152	-7.443	-5.408	0.025	-0.18443	0.25384	0
6.158	-5.915	-7.15	0.026	-0.24386	0.20174	0
6.164	-3.985	-8.469	0.026	-0.28884	0.13592	0
6.176	-1.769	-9.273	0.027	-0.31625	0.06033	0
6.187	0.598	-9.501	0.027	-0.32404	-0.02039	0
6.198	2.967	-9.13	0.027	-0.31138	-0.10117	0
6.203	5.187	-8.173	0.028	-0.27874	-0.17689	0
6.216	7.115	-6.681	0.028	-0.22786	-0.24265	0
6.224	8.623	-4.74	0.029	-0.16167	-0.29408	0
6.231	9.608	-2.467	0.029	-0.08414	-0.32769	0
6.233	10	0	0.03	0	-0.34105	0
5.034	9.859	2.026	0.03	0.0691	-0.33624	0
5.043	9.308	3.994	0.031	0.13623	-0.31745	0
5.05	8.367	5.824	0.031	0.19861	-0.28535	0
5.06	7.067	7.435	0.031	0.25357	-0.24103	0
5.066	5.46	8.761	0.032	0.29878	-0.18623	0
5.07	3.608	9.74	0.032	0.33219	-0.12303	0
5.077	1.583	10.331	0.033	0.35235	-0.05398	0
5.085	-0.533	10.503	0.033	0.35819	0.01816	0
5.091	-2.652	10.243	0.033	0.34934	0.09045	0
5.099	-4.688	9.557	0.034	0.32594	0.15988	0
5.105	-6.556	8.469	0.034	0.28884	0.22358	0
5.111	-8.175	7.018	0.035	0.23934	0.2788	0
5.119	-9.477	5.26	0.035	0.1794	0.32321	0
5.126	-10.403	3.264	0.035	0.11131	0.35479	0
5.135	-10.912	1.11	0.036	0.03784	0.37214	0
5.142	-10.975	-1.116	0.036	-0.03806	0.37431	0
5.147	-10.588	-3.322	0.037	-0.11329	0.36111	0
5.152	-9.759	-5.416	0.037	-0.18473	0.33282	0
5.161	-8.518	-7.312	0.038	-0.24938	0.2905	0
5.17	-6.911	-8.928	0.038	-0.30448	0.23569	0
5.175	-5.001	-10.195	0.038	-0.34768	0.17055	0
5.185	-2.862	-11.054	0.039	-0.37701	0.09761	0
5.19	-0.582	-11.469	0.039	-0.39116	0.01984	0
5.196	1.749	-11.415	0.04	-0.3893	-0.05964	0
5.202	4.033	-10.89	0.04	-0.3714	-0.13756	0
5.208	6.177	-9.91	0.041	-0.33797	-0.21065	0
5.217	8.09	-8.511	0.041	-0.29025	-0.2759	0
5.228	9.69	-6.744	0.041	-0.23002	-0.33047	0
5.237	10.909	-4.681	0.042	-0.15966	-0.37205	0
5.242	11.691	-2.403	0.042	-0.08194	-0.39871	0
5.244	12	0	0.043	0	-0.40926	0
4.284	11.889	1.984	0.043	0.06766	-0.40546	0
4.292	11.449	3.93	0.044	0.13405	-0.39047	0
4.299	10.693	5.787	0.044	0.19735	-0.36467	0
4.304	9.636	7.5	0.044	0.25579	-0.32864	0
4.31	8.306	9.022	0.045	0.3077	-0.28326	0
4.316	6.736	10.311	0.045	0.35164	-0.22974	0
4.323	4.968	11.326	0.046	0.38628	-0.16944	0
4.325	3.049	12.041	0.046	0.41065	-0.10399	0
4.333	1.03	12.431	0.046	0.42397	-0.03513	0
4.339	-1.034	12.483	0.047	0.42574	0.03528	0
4.343	-3.088	12.194	0.047	0.41588	0.10532	0
4.35	-5.074	11.568	0.047	0.39453	0.17305	0
4.356	-6.938	10.619	0.048	0.36215	0.2366	0
4.361	-8.627	9.371	0.048	0.31959	0.29421	0
4.362	-10.092	7.855	0.049	0.2679	0.3442	0
4.37	-11.294	6.112	0.049	0.20845	0.38519	0
4.375	-12.196	4.187	0.049	0.14279	0.41596	0
4.382	-12.77	2.131	0.05	0.07268	0.43553	0
4.387	-13	0	0.05	0	0.44336	0
4.394	-12.875	-2.149	0.051	-0.07327	0.4391	0
4.399	-12.395	-4.255	0.051	-0.14512	0.42273	0
4.406	-11.572	-6.263	0.052	-0.21358	0.39467	0
4.411	-10.425	-8.114	0.052	-0.27674	0.35555	0
4.419	-8.983	-9.758	0.052	-0.33279	0.30636	0
4.427	-7.283	-11.148	0.053	-0.38019	0.24839	0
4.431	-5.37	-12.242	0.053	-0.41752	0.18314	0
4.439	-3.295	-13.01	0.054	-0.44372	0.11237	0
4.445	-1.113	-13.428	0.054	-0.45796	0.03795	0
4.451	1.117	-13.48	0.054	-0.45973	-0.0381	0
4.458	3.334	-13.163	0.055	-0.44894	-0.11369	0
4.462	5.476	-12.484	0.055	-0.42576	-0.18675	0
4.469	7.484	-11.456	0.056	-0.3907	-0.25526	0
4.474	9.304	-10.107	0.056	-0.34468	-0.31731	0
4.482	10.881	-8.469	0.057	-0.28885	-0.37111	0
4.487	12.174	-6.588	0.057	-0.22468	-0.41518	0
4.495	13.142	-4.512	0.057	-0.15387	-0.44821	0
4.499	13.757	-2.296	0.058	-0.07829	-0.46917	0
4.502	14	0	0.058	0	-0.47747	0
3.893	13.902	1.999	0.059	0.06817	-0.47413	0
3.9	13.52	3.97	0.059	0.13539	-0.46111	0
3.906	12.859	5.872	0.059	0.20027	-0.43854	0
3.91	11.931	7.667	0.06	0.26149	-0.4069	0
3.919	10.752	9.317	0.06	0.31774	-0.3667	0
3.924	9.347	10.787	0.061	0.36788	-0.31877	0
3.924	7.741	12.045	0.061	0.4108	-0.264	0
3.931	5.967	13.066	0.061	0.44562	-0.2035	0
3.934	4.06	13.825	0.062	0.47151	-0.13845	0
3.94	2.057	14.308	0.062	0.48797	-0.07016	0
3.945	0	14.5	0.063	0.49452	0	0
3.951	-2.07	14.397	0.063	0.49101	0.0706	0
3.954	-4.111	14	0.063	0.47747	0.1402	0
3.962	-6.08	13.313	0.064	0.45405	0.20735	0
3.966	-7.938	12.351	0.064	0.42124	0.27071	0
3.974	-9.644	11.13	0.065	0.37959	0.32891	0
3.98	-11.165	9.674	0.065	0.32994	0.38077	0
3.982	-12.466	8.011	0.065	0.27322	0.42514	0
3.989	-13.521	6.175	0.066	0.21058	0.46113	0
3.994	-14.305	4.2	0.066	0.14325	0.48787	0
4	-14.803	2.128	0.067	0.07259	0.50485	0
4.004	-15	0	0.067	0	0.51158	0
4.011	-14.892	-2.141	0.067	-0.07302	0.50789	0
4.016	-14.48	-4.252	0.068	-0.145	0.49383	0
4.021	-13.768	-6.288	0.068	-0.21444	0.46957	0
4.028	-12.772	-8.208	0.069	-0.27993	0.43559	0
4.032	-11.508	-9.972	0.069	-0.34008	0.39247	0
4.037	-10.002	-11.543	0.069	-0.39366	0.34111	0
4.045	-8.281	-12.886	0.07	-0.43949	0.28244	0
4.048	-6.382	-13.976	0.07	-0.47664	0.21767	0
4.057	-4.341	-14.785	0.071	-0.50424	0.14806	0
4.062	-2.2	-15.298	0.071	-0.52173	0.07501	0
4.065	0	-15.5	0.072	-0.52863	0	0
4.073	2.212	-15.387	0.072	-0.52477	-0.07545	0
4.08	4.393	-14.959	0.072	-0.51019	-0.14981	0
4.085	6.495	-14.223	0.073	-0.48508	-0.22152	0
4.092	8.478	-13.193	0.073	-0.44993	-0.28915	0
4.095	10.299	-11.886	0.074	-0.40536	-0.35124	0
4.101	11.92	-10.329	0.074	-0.35227	-0.40655	0
4.11	13.307	-8.552	0.074	-0.29166	-0.45383	0
4.115	14.43	-6.59	0.075	-0.22475	-0.49215	0
4.122	15.265	-4.482	0.075	-0.15286	-0.5206	0
4.125	15.793	-2.271	0.076	-0.07744	-0.53861	0
4.128	16	0	0.076	0	-0.54568	0
3.638	15.914	2.01	0.077	0.06856	-0.54273	0
3.644	15.575	3.999	0.077	0.13638	-0.53118	0
3.65	14.988	5.934	0.077	0.20238	-0.51117	0
3.654	14.161	7.785	0.078	0.26551	-0.48297	0
3.662	13.106	9.522	0.078	0.32475	-0.44698	0
3.665	11.838	11.117	0.078	0.37915	-0.40375	0
3.67	10.377	12.544	0.079	0.42781	-0.35391	0
3.675	8.745	13.779	0.079	0.46995	-0.29824	0
3.682	6.966	14.803	0.08	0.50486	-0.23756	0
3.686	5.068	15.597	0.08	0.53195	-0.17284	0
3.69	3.081	16.149	0.08	0.55076	-0.10506	0
3.696	1.035	16.447	0.081	0.56094	-0.03529	0
3.701	-1.037	16.487	0.081	0.56231	0.03538	0
3.706	-3.103	16.267	0.082	0.55478	0.10583	0
3.71	-5.13	15.788	0.082	0.53844	0.17495	0
3.717	-7.085	15.056	0.082	0.5135	0.24163	0
3.719	-8.938	14.083	0.083	0.48031	0.30481	0
3.726	-10.658	12.883	0.083	0.43937	0.36348	0
3.729	-12.218	11.473	0.084	0.39129	0.41668	0
3.734	-13.591	9.875	0.084	0.33678	0.46354	0
3.739	-14.757	8.113	0.084	0.27668	0.50329	0
3.744	-15.695	6.214	0.085	0.21192	0.53527	0
3.75	-16.388	4.208	0.085	0.14351	0.55893	0
3.755	-16.826	2.126	0.086	0.07249	0.57386	0
3.76	-17	0	0.086	0	0.57979	0
3.766	-16.906	-2.136	0.086	-0.07284	0.57657	0
3.771	-16.543	-4.248	0.087	-0.14486	0.56422	0
3.775	-15.918	-6.302	0.087	-0.21494	0.54288	0
3.782	-15.037	-8.267	0.088	-0.28194	0.51285	0
3.784	-13.915	-10.11	0.088	-0.3448	0.47457	0
3.792	-12.567	-11.802	0.088	-0.40249	0.42861	0
3.8	-11.015	-13.314	0.089	-0.45409	0.37565	0
3.805	-9.281	-14.624	0.089	-0.49874	0.31651	0
3.809	-7.392	-15.708	0.09	-0.53572	0.25209	0
3.816	-5.377	-16.548	0.09	-0.56439	0.18338	0
3.822	-3.268	-17.131	0.091	-0.58426	0.11145	0
3.827	-1.098	-17.446	0.091	-0.59498	0.03743	0
3.833	1.1	-17.485	0.091	-0.59634	-0.03752	0
3.839	3.29	-17.249	0.092	-0.58828	-0.11222	0
3.844	5.439	-16.739	0.092	-0.57087	-0.18549	0
3.847	7.511	-15.961	0.093	-0.54436	-0.25615	0
3.855	9.473	-14.928	0.093	-0.50911	-0.32309	0
3.86	11.295	-13.653	0.093	-0.46565	-0.38522	0
3.864	12.946	-12.158	0.094	-0.41463	-0.44154	0
3.87	14.401	-10.463	0.094	-0.35682	-0.49113	0
3.877	15.633	-8.594	0.095	-0.29311	-0.53318	0
3.883	16.624	-6.582	0.095	-0.22448	-0.56698	0
3.889	17.357	-4.457	0.096	-0.15199	-0.59196	0
3.892	17.818	-2.251	0.096	-0.07677	-0.6077	0
3.895	18	0	0.096	0	-0.6139	0
3.422	17.926	1.984	0.097	0.06767	-0.61136	0
3.428	17.633	3.952	0.097	0.13477	-0.60136	0
3.433	17.124	5.879	0.098	0.20049	-0.58402	0
3.438	16.405	7.742	0.098	0.26403	-0.5595	0
3.443	15.484	9.518	0.098	0.3246	-0.52807	0
3.448	14.371	11.185	0.099	0.38148	-0.49012	0
3.454	13.078	12.723	0.099	0.43392	-0.44604	0
3.455	11.622	14.111	0.099	0.48127	-0.39636	0
3.46	10.018	15.334	0.1	0.52295	-0.34166	0
3.465	8.286	16.374	0.1	0.55843	-0.28259	0
3.472	6.447	17.219	0.101	0.58725	-0.21986	0
3.475	4.522	17.857	0.101	0.60903	-0.15423	0
3.48	2.535	18.281	0.101	0.62348	-0.08646	0
3.486	0.51	18.484	0.102	0.6304	-0.01738	0
3.49	-1.53	18.463	0.102	0.62968	0.05218	0
3.494	-3.558	18.217	0.103	0.62129	0.12136	0
3.499	-5.551	17.748	0.103	0.60531	0.18932	0
3.505	-7.484	17.063	0.103	0.58193	0.25525	0
3.508	-9.333	16.166	0.104	0.55135	0.31832	0
3.515	-11.076	15.069	0.104	0.51394	0.37775	0
3.518	-12.69	13.785	0.104	0.47014	0.4328	0
3.522	-14.156	12.329	0.105	0.42047	0.48279	0
3.529	-15.455	10.716	0.105	0.36548	0.5271	0
3.534	-16.571	8.968	0.106	0.30584	0.56516	0
3.539	-17.489	7.104	0.106	0.24226	0.59648	0
3.543	-18.198	5.146	0.106	0.1755	0.62066	0
3.55	-18.689	3.119	0.107	0.10636	0.63738	0
3.555	-18.953	1.046	0.107	0.03566	0.6464	0
3.56	-18.989	-1.048	0.108	-0.03573	0.64763	0
3.565	-18.793	-3.136	0.108	-0.10696	0.64095	0
3.569	-18.368	-5.194	0.108	-0.17713	0.62644	0
3.574	-17.717	-7.196	0.109	-0.24542	0.60426	0
3.58	-16.849	-9.118	0.109	-0.31097	0.57464	0
3.583	-15.772	-10.936	0.11	-0.37298	0.53792	0
3.589	-14.5	-12.628	0.11	-0.43068	0.49452	0
3.593	-13.047	-14.172	0.11	-0.48334	0.44495	0
3.599	-11.429	-15.55	0.111	-0.53032	0.38979	0
3.604	-9.667	-16.743	0.111	-0.57102	0.32967	0
3.607	-7.78	-17.737	0.112	-0.60492	0.26533	0
3.613	-5.792	-18.519	0.112	-0.63161	0.19754	0
3.619	-3.727	-19.078	0.112	-0.65068	0.1271	0
3.625	-1.608	-19.407	0.113	-0.6619	0.05485	0
3.631	0.538	-19.502	0.113	-0.66511	-0.01833	0
3.637	2.685	-19.359	0.114	-0.66024	-0.09155	0
3.642	4.807	-18.98	0.114	-0.64731	-0.16392	0
3.647	6.877	-18.369	0.115	-0.62647	-0.23455	0
3.652	8.872	-17.532	0.115	-0.59793	-0.30258	0
3.657	10.766	-16.479	0.115	-0.56201	-0.36718	0
3.662	12.536	-15.221	0.116	-0.51913	-0.42754	0
3.665	14.159	-13.775	0.116	-0.46978	-0.4829	0
3.671	15.616	-12.155	0.117	-0.41454	-0.53259	0
3.678	16.889	-10.382	0.117	-0.35407	-0.57601	0
3.682	17.961	-8.476	0.117	-0.28906	-0.61255	0
3.69	18.817	-6.46	0.118	-0.22031	-0.64176	0
3.695	19.448	-4.358	0.118	-0.14864	-0.66327	0
3.698	19.844	-2.196	0.119	-0.07491	-0.67678	0
3.702	20	0	0.119	0	-0.68211	0
3.354	19.932	1.994	0.119	0.06802	-0.67981	0
3.36	19.665	3.976	0.12	0.13558	-0.67069	0
3.365	19.202	5.923	0.12	0.20201	-0.6549	0
3.37	18.547	7.818	0.121	0.26663	-0.63254	0
3.375	17.704	9.641	0.121	0.3288	-0.6038	0
3.381	16.682	11.374	0.121	0.38789	-0.56893	0
3.386	15.491	12.998	0.122	0.44331	-0.52832	0
3.388	14.142	14.499	0.122	0.49449	-0.48232	0
3.393	12.648	15.86	0.122	0.54092	-0.43136	0
3.4	11.023	17.067	0.123	0.58207	-0.37593	0
3.403	9.283	18.108	0.123	0.61758	-0.31661	0
3.409	7.446	18.972	0.124	0.64705	-0.25395	0
3.413	5.529	19.65	0.124	0.67017	-0.18855	0
3.418	3.55	20.133	0.124	0.68666	-0.12107	0
3.423	1.53	20.419	0.125	0.69639	-0.05219	0
3.428	-0.511	20.502	0.125	0.69922	0.01744	0
3.433	-2.554	20.381	0.126	0.69509	0.08711	0
3.437	-4.577	20.055	0.126	0.68399	0.15611	0
3.443	-6.562	19.53	0.126	0.66609	0.22378	0
3.447	-8.487	18.809	0.127	0.64148	0.28945	0
3.45	-10.333	17.898	0.127	0.61042	0.35242	0
3.455	-12.082	16.806	0.128	0.57316	0.41206	0
3.461	-13.717	15.543	0.128	0.53009	0.46781	0
3.465	-15.22	14.122	0.128	0.48162	0.51907	0
3.472	-16.576	12.556	0.129	0.42821	0.56531	0
3.476	-17.77	10.859	0.129	0.37035	0.60604	0
3.483	-18.792	9.049	0.129	0.30863	0.64089	0
3.487	-19.629	7.144	0.13	0.24366	0.66946	0
3.492	-20.274	5.163	0.13	0.17607	0.69146	0
3.498	-20.718	3.123	0.131	0.10649	0.7066	0
3.504	-20.958	1.046	0.131	0.03567	0.71478	0
3.509	-20.99	-1.048	0.131	-0.03572	0.71587	0
3.514	-20.813	-3.137	0.132	-0.10698	0.70984	0
3.518	-20.427	-5.202	0.132	-0.1774	0.69668	0
3.522	-19.838	-7.22	0.133	-0.24625	0.67658	0
3.528	-19.049	-9.174	0.133	-0.31286	0.64968	0
3.532	-18.068	-11.042	0.133	-0.37657	0.61623	0
3.538	-16.904	-12.804	0.134	-0.43669	0.57651	0
3.542	-15.569	-14.445	0.134	-0.49266	0.53097	0
3.544	-14.074	-15.948	0.135	-0.5439	0.48	0
3.553	-12.435	-17.296	0.135	-0.58988	0.42409	0
3.559	-10.667	-18.475	0.135	-0.63009	0.36378	0
3.565	-8.787	-19.474	0.136	-0.66418	0.29969	0
3.57	-6.815	-20.283	0.136	-0.69176	0.23241	0
3.576	-4.768	-20.892	0.137	-0.71252	0.16262	0
3.581	-2.668	-21.293	0.137	-0.72622	0.09101	0
3.586	-0.536	-21.485	0.137	-0.73277	0.01828	0
3.591	1.609	-21.464	0.138	-0.73204	-0.05486	0
3.595	3.743	-21.229	0.138	-0.72401	-0.12766	0
3.6	5.847	-20.78	0.139	-0.70872	-0.19939	0
3.604	7.898	-20.125	0.139	-0.68636	-0.26937	0
3.611	9.877	-19.267	0.14	-0.65709	-0.33687	0
3.615	11.764	-18.214	0.14	-0.6212	-0.40121	0
3.623	13.538	-16.977	0.14	-0.579	-0.46172	0
3.628	15.184	-15.567	0.141	-0.53092	-0.51785	0
3.632	16.683	-13.999	0.141	-0.47742	-0.56897	0
3.637	18.02	-12.286	0.142	-0.41902	-0.61458	0
3.645	19.181	-10.445	0.142	-0.35624	-0.65419	0
3.65	20.155	-8.496	0.142	-0.28976	-0.68741	0
3.657	20.932	-6.457	0.143	-0.2202	-0.71389	0
3.662	21.502	-4.347	0.143	-0.14825	-0.73334	0
3.666	21.859	-2.187	0.144	-0.07459	-0.74551	0
3.67	22	0	0.144	0	-0.75032	0
3.356	21.938	2.003	0.144	0.06831	-0.7482	0
3.361	21.693	3.995	0.145	0.13625	-0.73986	0
3.366	21.268	5.959	0.145	0.20323	-0.72536	0
3.371	20.665	7.879	0.146	0.2687	-0.70479	0
3.376	19.889	9.738	0.146	0.33211	-0.67832	0
3.382	18.946	11.521	0.146	0.39293	-0.64616	0
3.386	17.843	13.214	0.147	0.45065	-0.60854	0
3.392	16.589	14.801	0.147	0.50478	-0.56578	0
3.396	15.194	16.269	0.147	0.55487	-0.5182	0
3.401	13.67	17.606	0.148	0.60047	-0.4662	0
3.404	12.028	18.801	0.148	0.64121	-0.41021	0
3.41	10.281	19.843	0.149	0.67674	-0.35065	0
3.416	8.446	20.722	0.149	0.70674	-0.28803	0
3.422	6.535	21.432	0.149	0.73095	-0.22287	0
3.426	4.564	21.966	0.15	0.74916	-0.15567	0
3.432	2.552	22.319	0.15	0.76119	-0.08702	0
3.437	0.512	22.487	0.151	0.76694	-0.01746	0
3.442	-1.537	22.469	0.151	0.76634	0.05242	0
3.446	-3.578	22.265	0.151	0.75937	0.12204	0
3.451	-5.596	21.876	0.152	0.74608	0.19084	0
3.456	-7.571	21.304	0.152	0.72657	0.25821	0
3.461	-9.489	20.553	0.153	0.70097	0.32364	0
3.466	-11.333	19.63	0.153	0.6695	0.38653	0
3.472	-13.088	18.542	0.153	0.63238	0.44637	0
3.477	-14.739	17.297	0.154	0.58992	0.50268	0
3.479	-16.272	15.905	0.154	0.54246	0.55494	0
3.485	-17.673	14.378	0.154	0.49036	0.60275	0
3.492	-18.931	12.728	0.155	0.43407	0.64566	0
3.497	-20.036	10.967	0.155	0.37404	0.68333	0
3.504	-20.977	9.111	0.156	0.31074	0.71542	0
3.508	-21.746	7.175	0.156	0.24471	0.74165	0
3.514	-22.336	5.174	0.156	0.17647	0.7618	0
3.52	-22.743	3.126	0.157	0.10661	0.77567	0
3.525	-22.962	1.046	0.157	0.03568	0.78314	0
3.531	-22.99	-1.048	0.158	-0.03573	0.78409	0
3.536	-22.828	-3.138	0.158	-0.10701	0.77858	0
3.54	-22.477	-5.207	0.158	-0.17758	0.76658	0
3.545	-21.938	-7.239	0.159	-0.24687	0.7482	0
3.551	-21.215	-9.215	0.159	-0.31427	0.72355	0
3.555	-20.315	-11.12	0.16	-0.37925	0.69284	0
3.561	-19.243	-12.937	0.16	-0.44123	0.6563	0
3.564	-18.01	-14.652	0.16	-0.4997	0.61423	0
3.57	-16.623	-16.249	0.161	-0.55418	0.56694	0
3.576	-15.096	-17.716	0.161	-0.60419	0.51484	0
3.582	-13.439	-19.039	0.162	-0.64932	0.45833	0
3.586	-11.667	-20.207	0.162	-0.68917	0.39788	0
3.592	-9.793	-21.21	0.162	-0.72339	0.33399	0
3.597	-7.833	-22.04	0.163	-0.7517	0.26715	0
3.603	-5.804	-22.689	0.163	-0.77384	0.19793	0
3.61	-3.721	-23.152	0.164	-0.78961	0.1269	0
3.616	-1.602	-23.423	0.164	-0.79887	0.05464	0
3.622	0.535	-23.501	0.164	-0.80152	-0.01824	0
3.628	2.673	-23.384	0.165	-0.79752	-0.09117	0
3.634	4.794	-23.072	0.165	-0.78689	-0.16351	0
3.639	6.881	-22.568	0.166	-0.7697	-0.23468	0
3.644	8.916	-21.876	0.166	-0.74609	-0.30407	0
3.65	10.881	-21	0.167	-0.71623	-0.37111	0
3.654	12.762	-19.948	0.167	-0.68034	-0.43524	0
3.66	14.541	-18.728	0.167	-0.63872	-0.49591	0
3.665	16.203	-17.349	0.168	-0.59171	-0.55261	0
3.67	17.735	-15.823	0.168	-0.53965	-0.60487	0
3.676	19.124	-14.162	0.169	-0.48301	-0.65223	0
3.682	20.357	-12.379	0.169	-0.4222	-0.6943	0
3.689	21.425	-10.49	0.169	-0.35776	-0.73071	0
3.695	22.317	-8.509	0.17	-0.29019	-0.76114	0
3.702	23.026	-6.452	0.17	-0.22003	-0.78533	0
3.707	23.546	-4.336	0.171	-0.14789	-0.80305	0
3.712	23.872	-2.18	0.171	-0.07434	-0.81416	0
3.716	24	0	0.171	0	-0.81854	0
3.424	23.943	2.011	0.172	0.06857	-0.81659	0
3.429	23.716	4.011	0.172	0.1368	-0.80886	0
3.434	23.323	5.988	0.173	0.20423	-0.79546	0
3.44	22.766	7.928	0.173	0.27038	-0.77645	0
3.444	22.047	9.816	0.173	0.33477	-0.75191	0
3.451	21.172	11.639	0.174	0.39695	-0.72207	0
3.456	20.146	13.385	0.174	0.45649	-0.68708	0
3.462	18.976	15.04	0.174	0.51294	-0.64717	0
3.466	17.67	16.593	0.175	0.56592	-0.60265	0
3.469	16.238	18.034	0.175	0.61505	-0.55379	0
3.477	14.688	19.35	0.176	0.65994	-0.50092	0
3.482	13.031	20.534	0.176	0.70032	-0.44443	0
3.488	11.28	21.576	0.176	0.73588	-0.3847	0
3.493	9.445	22.469	0.177	0.76631	-0.32212	0
3.498	7.54	23.206	0.177	0.79145	-0.25715	0
3.504	5.578	23.782	0.178	0.81109	-0.19023	0
3.509	3.572	24.191	0.178	0.82504	-0.12183	0
3.515	1.537	24.432	0.178	0.83326	-0.05242	0
3.52	-0.513	24.502	0.179	0.83565	0.0175	0
3.526	-2.564	24.399	0.179	0.83213	0.08746	0
3.531	-4.602	24.125	0.18	0.8228	0.15695	0
3.536	-6.612	23.681	0.18	0.80767	0.2255	0
3.541	-8.579	23.069	0.18	0.7868	0.2926	0
3.545	-10.491	22.295	0.181	0.76038	0.3578	0
3.55	-12.333	21.362	0.181	0.72857	0.42063	0
3.554	-14.093	20.277	0.181	0.69154	0.48063	0
3.561	-15.757	19.047	0.182	0.64961	0.5374	0
3.566	-17.315	17.681	0.182	0.60302	0.59052	0
3.571	-18.753	16.187	0.183	0.55207	0.63958	0
3.577	-20.064	14.577	0.183	0.49715	0.68428	0
3.584	-21.236	12.861	0.183	0.43863	0.72427	0
3.59	-22.261	11.051	0.184	0.37688	0.75923	0
3.596	-23.133	9.159	0.184	0.31236	0.78896	0
3.602	-23.844	7.199	0.185	0.24552	0.81322	0
3.608	-24.388	5.184	0.185	0.17679	0.83178	0
3.614	-24.763	3.128	0.185	0.10669	0.84457	0
3.62	-24.965	1.046	0.186	0.03569	0.85146	0
3.625	-24.991	-1.047	0.186	-0.03572	0.85234	0
3.631	-24.843	-3.138	0.187	-0.10703	0.84728	0
3.636	-24.519	-5.212	0.187	-0.17774	0.83625	0
3.641	-24.022	-7.253	0.187	-0.24735	0.81929	0
3.647	-23.356	-9.247	0.188	-0.31538	0.79657	0
3.652	-22.524	-11.181	0.188	-0.38133	0.76821	0
3.657	-21.532	-13.04	0.189	-0.44474	0.73436	0
3.662	-20.387	-14.812	0.189	-0.50517	0.69532	0
3.668	-19.097	-16.484	0.189	-0.56218	0.6513	0
3.671	-17.669	-18.043	0.19	-0.61535	0.60259	0
3.678	-16.114	-19.479	0.19	-0.66432	0.54957	0
3.685	-14.443	-20.781	0.191	-0.70874	0.49258	0
3.691	-12.667	-21.939	0.191	-0.74824	0.43199	0
3.698	-10.798	-22.946	0.191	-0.7826	0.36826	0
3.704	-8.849	-23.795	0.192	-0.81154	0.3018	0
3.711	-6.834	-24.477	0.192	-0.8348	0.23307	0
3.717	-4.767	-24.989	0.193	-0.85229	0.16258	0
3.723	-2.662	-25.327	0.193	-0.86382	0.09079	0
3.729	-0.534	-25.487	0.193	-0.86927	0.01821	0
3.734	1.602	-25.47	0.194	-0.86867	-0.05465	0
3.739	3.732	-25.273	0.194	-0.86196	-0.12728	0
3.744	5.84	-24.897	0.195	-0.84915	-0.19916	0
3.749	7.911	-24.347	0.195	-0.83038	-0.2698	0
3.755	9.931	-23.625	0.195	-0.80573	-0.33869	0
3.761	11.885	-22.734	0.196	-0.77535	-0.40533	0
3.767	13.76	-21.682	0.196	-0.73949	-0.46929	0
3.774	15.542	-20.476	0.197	-0.69836	-0.53008	0
3.781	17.219	-19.123	0.197	-0.65221	-0.58725	0
3.786	18.778	-17.634	0.198	-0.60141	-0.64044	0
3.79	20.209	-16.018	0.198	-0.54628	-0.68924	0
3.798	21.5	-14.285	0.198	-0.48718	-0.73328	0
3.805	22.644	-12.449	0.199	-0.42456	-0.77228	0
3.812	23.631	-10.521	0.199	-0.35882	-0.80594	0
3.819	24.453	-8.515	0.2	-0.29041	-0.83398	0
3.825	25.106	-6.446	0.2	-0.21984	-0.85625	0
3.832	25.584	-4.327	0.2	-0.14758	-0.87255	0
3.837	25.882	-2.173	0.201	-0.07412	-0.88273	0
3.842	26	0	0.201	0	-0.88676	0
3.52	25.948	1.992	0.202	0.06794	-0.88497	0
3.525	25.744	3.976	0.202	0.1356	-0.87802	0
3.53	25.387	5.941	0.202	0.20261	-0.86585	0
3.535	24.882	7.874	0.203	0.26855	-0.84861	0
3.541	24.228	9.765	0.203	0.33303	-0.82632	0
3.547	23.431	11.601	0.203	0.39566	-0.79914	0
3.552	22.496	13.374	0.204	0.45612	-0.76723	0
3.558	21.426	15.07	0.204	0.51398	-0.73073	0
3.562	20.229	16.682	0.205	0.56895	-0.6899	0
3.567	18.91	18.198	0.205	0.62066	-0.64492	0
3.573	17.477	19.611	0.205	0.66883	-0.59605	0
3.577	15.939	20.911	0.206	0.71317	-0.54362	0
3.583	14.305	22.09	0.206	0.75338	-0.48788	0
3.591	12.584	23.141	0.207	0.78923	-0.42917	0
3.597	10.785	24.059	0.207	0.82056	-0.36783	0
3.603	8.92	24.837	0.207	0.84708	-0.30422	0
3.61	7	25.471	0.208	0.8687	-0.23872	0
3.616	5.034	25.955	0.208	0.88523	-0.17168	0
3.622	3.035	26.288	0.208	0.89659	-0.1035	0
3.627	1.015	26.469	0.209	0.90274	-0.0346	0
3.633	-1.015	26.493	0.209	0.90356	0.03463	0
3.638	-3.043	26.362	0.21	0.8991	0.10379	0
3.644	-5.057	26.075	0.21	0.88932	0.17247	0
3.649	-7.045	25.635	0.21	0.87429	0.24025	0
3.654	-8.995	25.044	0.211	0.85414	0.30676	0
3.659	-10.895	24.304	0.211	0.8289	0.37157	0
3.664	-12.736	23.42	0.212	0.79876	0.43435	0
3.668	-14.504	22.397	0.212	0.76386	0.49466	0
3.673	-16.19	21.24	0.212	0.7244	0.55218	0
3.678	-17.785	19.957	0.213	0.68064	0.60658	0
3.686	-19.278	18.553	0.213	0.63277	0.6575	0
3.692	-20.661	17.039	0.213	0.5811	0.70464	0
3.697	-21.925	15.421	0.214	0.52595	0.74775	0
3.703	-23.061	13.71	0.214	0.46759	0.78652	0
3.708	-24.066	11.915	0.215	0.40638	0.82078	0
3.714	-24.929	10.047	0.215	0.34266	0.85024	0
3.721	-25.648	8.117	0.215	0.27682	0.87476	0
3.727	-26.219	6.136	0.216	0.20925	0.89421	0
3.733	-26.635	4.114	0.216	0.1403	0.90842	0
3.739	-26.897	2.065	0.217	0.07042	0.91735	0
3.744	-27	0	0.217	0	0.92086	0
3.751	-26.945	-2.069	0.217	-0.07055	0.91898	0
3.757	-26.732	-4.129	0.218	-0.14081	0.91172	0
3.763	-26.361	-6.169	0.218	-0.21039	0.89906	0
3.769	-25.835	-8.176	0.219	-0.27884	0.88113	0
3.774	-25.156	-10.139	0.219	-0.34577	0.85796	0
3.779	-24.327	-12.045	0.219	-0.41079	0.82971	0
3.786	-23.355	-13.885	0.22	-0.47355	0.79655	0
3.792	-22.244	-15.646	0.22	-0.5336	0.75863	0
3.799	-21	-17.318	0.221	-0.59065	0.71622	0
3.805	-19.63	-18.892	0.221	-0.64431	0.66949	0
3.809	-18.142	-20.357	0.221	-0.69429	0.61874	0
3.817	-16.546	-21.706	0.222	-0.74029	0.56429	0
3.824	-14.849	-22.929	0.222	-0.78201	0.50642	0
3.831	-13.062	-24.019	0.222	-0.8192	0.44546	0
3.838	-11.194	-24.972	0.223	-0.85168	0.38178	0
3.845	-9.258	-25.778	0.223	-0.87918	0.31575	0
3.852	-7.265	-26.435	0.224	-0.90159	0.24776	0
3.858	-5.224	-26.937	0.224	-0.91872	0.17817	0
3.865	-3.149	-27.282	0.224	-0.93048	0.10741	0
3.872	-1.053	-27.468	0.225	-0.93682	0.03591	0
3.879	1.054	-27.492	0.225	-0.93764	-0.03594	0
3.885	3.158	-27.355	0.226	-0.93298	-0.1077	0
3.89	5.248	-27.057	0.226	-0.9228	-0.17897	0
3.896	7.31	-26.599	0.226	-0.90718	-0.24929	0
3.902	9.333	-25.985	0.227	-0.88624	-0.31829	0
3.907	11.304	-25.216	0.227	-0.86002	-0.38552	0
3.913	13.213	-24.299	0.228	-0.82873	-0.45064	0
3.919	15.048	-23.236	0.228	-0.79248	-0.5132	0
3.924	16.797	-22.035	0.228	-0.75152	-0.57285	0
3.931	18.451	-20.704	0.229	-0.7061	-0.62927	0
3.936	19.999	-19.247	0.229	-0.65642	-0.68207	0
3.944	21.432	-17.675	0.23	-0.6028	-0.73095	0
3.949	22.743	-15.997	0.23	-0.54557	-0.77565	0
3.957	23.921	-14.221	0.231	-0.48502	-0.81584	0
3.964	24.962	-12.359	0.231	-0.42151	-0.85135	0
3.973	25.857	-10.421	0.231	-0.35541	-0.88188	0
3.979	26.602	-8.419	0.232	-0.28712	-0.90728	0
3.986	27.192	-6.363	0.232	-0.21702	-0.92743	0
3.994	27.623	-4.266	0.233	-0.14551	-0.94213	0
4	27.894	-2.141	0.233	-0.07303	-0.95136	0
4.006	28	0	0.233	0	-0.95497	0
3.739	27.952	1.999	0.234	0.06818	-0.95332	0
3.744	27.76	3.991	0.234	0.13612	-0.94677	0
3.749	27.427	5.966	0.234	0.20348	-0.93541	0
3.755	26.953	7.914	0.235	0.26992	-0.91926	0
3.761	26.341	9.825	0.235	0.33508	-0.8984	0
3.767	25.593	11.688	0.236	0.39862	-0.87289	0
3.773	24.715	13.495	0.236	0.46025	-0.84291	0
3.779	23.708	15.236	0.236	0.51963	-0.80859	0
3.784	22.579	16.903	0.237	0.57647	-0.77008	0
3.79	21.333	18.485	0.237	0.63043	-0.72756	0
3.794	19.976	19.976	0.238	0.68128	-0.68128	0
3.802	18.515	21.367	0.238	0.72874	-0.63145	0
3.809	16.956	22.651	0.238	0.77254	-0.5783	0
3.815	15.31	23.823	0.239	0.81249	-0.52214	0
3.821	13.582	24.874	0.239	0.84836	-0.46322	0
3.828	11.783	25.801	0.239	0.87996	-0.40185	0
3.833	9.92	26.596	0.24	0.90709	-0.33832	0
3.839	8.004	27.258	0.24	0.92967	-0.27297	0
3.847	6.044	27.782	0.241	0.94755	-0.20612	0
3.853	4.05	28.165	0.241	0.96061	-0.13811	0
3.859	2.032	28.404	0.241	0.96877	-0.06929	0
3.865	0	28.5	0.242	0.97203	0	0
3.871	-2.035	28.45	0.242	0.97033	0.0694	0
3.878	-4.062	28.254	0.243	0.96365	0.13855	0
3.885	-6.073	27.915	0.243	0.95208	0.20711	0
3.889	-8.055	27.433	0.243	0.93563	0.27472	0
3.894	-10	26.81	0.244	0.91438	0.34104	0
3.902	-11.896	26.048	0.244	0.8884	0.4057	0
3.908	-13.735	25.153	0.244	0.85788	0.46842	0
3.914	-15.507	24.129	0.245	0.82294	0.52885	0
3.921	-17.202	22.98	0.245	0.78373	0.58668	0
3.926	-18.812	21.71	0.246	0.74045	0.64159	0
3.932	-20.329	20.329	0.246	0.69334	0.69334	0
3.939	-21.745	18.842	0.246	0.64262	0.74163	0
3.946	-23.052	17.256	0.247	0.58852	0.78619	0
3.953	-24.243	15.58	0.247	0.53136	0.82684	0
3.959	-25.313	13.822	0.248	0.47139	0.86333	0
3.965	-26.256	11.99	0.248	0.40893	0.89548	0
3.972	-27.065	10.095	0.248	0.34428	0.92307	0
3.981	-27.738	8.145	0.249	0.27778	0.94603	0
3.988	-28.271	6.15	0.249	0.20975	0.96421	0
3.993	-28.66	4.121	0.25	0.14054	0.9775	0
4	-28.903	2.067	0.25	0.0705	0.98578	0
4.006	-29	0	0.25	0	0.98908	0
4.013	-28.949	-2.071	0.251	-0.07061	0.98735	0
4.02	-28.749	-4.134	0.251	-0.14098	0.98053	0
4.027	-28.404	-6.179	0.251	-0.21073	0.96874	0
4.035	-27.913	-8.196	0.252	-0.27952	0.95199	0
4.039	-27.278	-10.175	0.252	-0.347	0.93036	0
4.045	-26.503	-12.103	0.253	-0.41278	0.90392	0
4.051	-25.592	-13.974	0.253	-0.47659	0.87285	0
4.057	-24.55	-15.777	0.253	-0.53807	0.83728	0
4.065	-23.38	-17.502	0.254	-0.5969	0.79739	0
4.071	-22.088	-19.14	0.254	-0.65276	0.75334	0
4.078	-20.683	-20.683	0.255	-0.7054	0.7054	0
4.085	-19.17	-22.123	0.255	-0.75452	0.65379	0
4.092	-17.556	-23.452	0.255	-0.79984	0.59874	0
4.098	-15.85	-24.664	0.256	-0.84119	0.54058	0
4.106	-14.061	-25.752	0.256	-0.8783	0.47957	0
4.113	-12.198	-26.711	0.257	-0.91099	0.41601	0
4.122	-10.27	-27.533	0.257	-0.93905	0.35024	0
4.131	-8.286	-28.218	0.257	-0.9624	0.28258	0
4.137	-6.256	-28.759	0.258	-0.98088	0.21337	0
4.144	-4.192	-29.155	0.258	-0.99438	0.14297	0
4.151	-2.103	-29.402	0.259	-1.00279	0.07172	0
4.158	0	-29.5	0.259	-1.00614	0	0
4.166	2.106	-29.448	0.259	-1.00436	-0.07183	0
4.173	4.205	-29.244	0.26	-0.99742	-0.1434	0
4.179	6.285	-28.892	0.26	-0.98541	-0.21436	0
4.187	8.337	-28.392	0.261	-0.96836	-0.28433	0
4.194	10.349	-27.747	0.261	-0.94634	-0.35296	0
4.198	12.311	-26.958	0.261	-0.91943	-0.41987	0
4.206	14.214	-26.031	0.262	-0.88782	-0.48476	0
4.21	16.047	-24.97	0.262	-0.85163	-0.54729	0
4.218	17.801	-23.78	0.263	-0.81104	-0.60712	0
4.226	19.467	-22.466	0.263	-0.76622	-0.66393	0
4.233	21.036	-21.036	0.263	-0.71746	-0.71746	0
4.24	22.501	-19.497	0.264	-0.66496	-0.76741	0
4.247	23.852	-17.855	0.264	-0.60896	-0.8135	0
4.254	25.085	-16.121	0.265	-0.5498	-0.85553	0
4.264	26.191	-14.301	0.265	-0.48774	-0.89327	0
4.272	27.165	-12.406	0.265	-0.4231	-0.9265	0
4.283	28.002	-10.444	0.266	-0.3562	-0.95503	0
4.289	28.697	-8.427	0.266	-0.28738	-0.97876	0
4.297	29.248	-6.363	0.267	-0.217	-0.99754	0
4.306	29.65	-4.263	0.267	-0.14539	-1.01126	0
4.314	29.901	-2.139	0.267	-0.07294	-1.0198	0
4.321	30	0	0.268	0	-1.02319	0
4.052	29.954	2.005	0.268	0.06839	-1.02162	0
4.057	29.775	4.005	0.269	0.13657	-1.01552	0
4.062	29.462	5.988	0.269	0.20422	-1.00483	0
4.067	29.016	7.948	0.269	0.27107	-0.98963	0
4.075	28.44	9.876	0.27	0.3368	-0.96999	0
4.082	27.737	11.762	0.27	0.40113	-0.94601	0
4.087	26.908	13.598	0.271	0.46375	-0.91774	0
4.095	25.958	15.375	0.271	0.52437	-0.88534	0
4.1	24.891	17.086	0.271	0.58274	-0.84892	0
4.106	23.711	18.725	0.272	0.63861	-0.80869	0
4.111	22.423	20.281	0.272	0.69168	-0.76475	0
4.119	21.033	21.748	0.272	0.74172	-0.71735	0
4.126	19.548	23.121	0.273	0.78856	-0.66668	0
4.132	17.972	24.392	0.273	0.83191	-0.61295	0
4.14	16.314	25.556	0.274	0.8716	-0.55639	0
4.148	14.581	26.607	0.274	0.90745	-0.49727	0
4.158	12.781	27.541	0.274	0.93932	-0.43588	0
4.166	10.92	28.353	0.275	0.96701	-0.37242	0
4.173	9.008	29.039	0.275	0.99041	-0.30721	0
4.183	7.053	29.597	0.276	1.00945	-0.24055	0
4.193	5.064	30.023	0.276	1.02398	-0.17271	0
4.198	3.05	30.315	0.276	1.03394	-0.10402	0
4.205	1.019	30.472	0.277	1.03929	-0.03475	0
4.212	-1.02	30.494	0.277	1.04004	0.03477	0
4.219	-3.056	30.379	0.277	1.03611	0.10423	0
4.227	-5.082	30.127	0.278	1.02754	0.17331	0
4.233	-7.088	29.741	0.278	1.01436	0.24172	0
4.237	-9.065	29.222	0.279	0.99667	0.30915	0
4.243	-11.004	28.571	0.279	0.97446	0.37529	0
4.25	-12.897	27.791	0.279	0.94786	0.43984	0
4.254	-14.734	26.887	0.28	0.91702	0.50252	0
4.261	-16.509	25.861	0.28	0.88201	0.56304	0
4.265	-18.212	24.717	0.281	0.843	0.62112	0
4.273	-19.836	23.462	0.281	0.80018	0.67651	0
4.28	-21.374	22.1	0.281	0.75374	0.72897	0
4.287	-22.818	20.637	0.282	0.70385	0.77821	0
4.296	-24.162	19.08	0.282	0.65074	0.82405	0
4.303	-25.4	17.436	0.283	0.59467	0.8663	0
4.311	-26.526	15.711	0.283	0.53584	0.90471	0
4.318	-27.535	13.914	0.283	0.47455	0.93911	0
4.326	-28.422	12.052	0.284	0.41104	0.96938	0
4.334	-29.185	10.134	0.284	0.34562	0.99538	0
4.346	-29.817	8.168	0.284	0.27855	1.01694	0
4.353	-30.316	6.162	0.285	0.21015	1.03398	0
4.359	-30.681	4.126	0.285	0.14073	1.04641	0
4.366	-30.91	2.069	0.286	0.07057	1.05423	0
4.373	-31	0	0.286	0	1.0573	0
4.381	-30.952	-2.072	0.286	-0.07067	1.05566	0
4.389	-30.766	-4.138	0.287	-0.14112	1.04932	0
4.398	-30.442	-6.187	0.287	-0.21102	1.03826	0
4.408	-29.981	-8.212	0.288	-0.28008	1.02253	0
4.411	-29.385	-10.204	0.288	-0.34799	1.00221	0
4.416	-28.658	-12.152	0.288	-0.41445	0.97742	0
4.424	-27.801	-14.049	0.289	-0.47913	0.94818	0
4.429	-26.819	-15.885	0.289	-0.54175	0.91468	0
4.438	-25.715	-17.652	0.29	-0.60204	0.87704	0
4.445	-24.496	-19.344	0.29	-0.65975	0.83545	0
4.452	-23.165	-20.951	0.29	-0.71456	0.79005	0
4.459	-21.728	-22.467	0.291	-0.76624	0.74106	0
4.468	-20.193	-23.885	0.291	-0.81461	0.68871	0
4.475	-18.565	-25.197	0.292	-0.85937	0.63318	0
4.485	-16.852	-26.399	0.292	-0.90035	0.57474	0
4.495	-15.061	-27.484	0.292	-0.93736	0.51366	0
4.504	-13.202	-28.448	0.293	-0.97026	0.45024	0
4.513	-11.279	-29.286	0.293	-0.99884	0.38468	0
4.527	-9.304	-29.994	0.294	-1.02299	0.31732	0
4.532	-7.285	-30.57	0.294	-1.04263	0.24845	0
4.54	-5.23	-31.009	0.294	-1.05761	0.17838	0
4.55	-3.15	-31.31	0.295	-1.06788	0.10743	0
4.559	-1.052	-31.471	0.295	-1.07338	0.03589	0
4.567	1.053	-31.493	0.296	-1.07413	-0.03591	0
4.574	3.156	-31.374	0.296	-1.07005	-0.10765	0
4.58	5.248	-31.114	0.296	-1.06118	-0.17898	0
4.587	7.319	-30.714	0.297	-1.04755	-0.24962	0
4.597	9.361	-30.177	0.297	-1.02925	-0.31926	0
4.602	11.363	-29.504	0.298	-1.00629	-0.38755	0
4.607	13.318	-28.698	0.298	-0.9788	-0.4542	0
4.616	15.215	-27.764	0.298	-0.94694	-0.51891	0
4.62	17.047	-26.704	0.299	-0.91076	-0.58139	0
4.628	18.805	-25.522	0.299	-0.87046	-0.64135	0
4.635	20.481	-24.225	0.3	-0.82622	-0.69853	0
4.643	22.069	-22.819	0.3	-0.77825	-0.75268	0
4.651	23.559	-21.308	0.3	-0.72673	-0.8035	0
4.659	24.946	-19.7	0.301	-0.67188	-0.85082	0
4.669	26.225	-18.002	0.301	-0.61397	-0.89442	0
4.678	27.387	-16.221	0.302	-0.55322	-0.93405	0
4.688	28.427	-14.365	0.302	-0.48993	-0.96956	0
4.698	29.343	-12.443	0.302	-0.42436	-1.00078	0
4.712	30.129	-10.462	0.303	-0.35681	-1.0276	0
4.717	30.781	-8.432	0.303	-0.28756	-1.04984	0
4.727	31.296	-6.361	0.304	-0.21694	-1.0674	0
4.739	31.672	-4.26	0.304	-0.14528	-1.08022	0
4.75	31.908	-2.136	0.304	-0.07285	-1.08826	0
4.758	32	0	0.305	0	-1.09141	0
4.435	31.958	1.99	0.305	0.06788	-1.08998	0
4.441	31.792	3.976	0.306	0.13561	-1.08433	0
4.445	31.502	5.948	0.306	0.20287	-1.07444	0
4.45	31.091	7.9	0.306	0.26943	-1.06041	0
4.458	30.559	9.824	0.307	0.33505	-1.04225	0
4.469	29.907	11.712	0.307	0.39944	-1.02004	0
4.471	29.14	13.557	0.307	0.46237	-0.99385	0
4.479	28.257	15.352	0.308	0.52358	-0.96374	0
4.484	27.265	17.089	0.308	0.58284	-0.9299	0
4.492	26.166	18.763	0.309	0.63993	-0.89241	0
4.496	24.964	20.366	0.309	0.6946	-0.85143	0
4.505	23.665	21.892	0.309	0.74665	-0.8071	0
4.512	22.271	23.335	0.31	0.79586	-0.75956	0
4.519	20.79	24.69	0.31	0.84206	-0.70905	0
4.53	19.227	25.95	0.31	0.88506	-0.65574	0
4.536	17.587	27.113	0.311	0.9247	-0.59981	0
4.547	15.877	28.171	0.311	0.9608	-0.5415	0
4.552	14.104	29.12	0.312	0.99319	-0.48101	0
4.568	12.273	29.96	0.312	1.02181	-0.41858	0
4.573	10.394	30.683	0.312	1.04651	-0.35447	0
4.583	8.471	31.29	0.313	1.06718	-0.28891	0
4.597	6.513	31.775	0.313	1.08375	-0.22213	0
4.607	4.528	32.138	0.314	1.09611	-0.15443	0
4.612	2.523	32.377	0.314	1.10427	-0.08603	0
4.619	0.505	32.491	0.314	1.10817	-0.01723	0
4.627	-1.516	32.48	0.315	1.10777	0.05171	0
4.636	-3.535	32.342	0.315	1.10309	0.12057	0
4.646	-5.542	32.079	0.315	1.0941	0.18901	0
4.65	-7.53	31.692	0.316	1.0809	0.25681	0
4.653	-9.492	31.181	0.316	1.06349	0.32372	0
4.661	-11.419	30.55	0.317	1.04194	0.38944	0
4.67	-13.304	29.799	0.317	1.01634	0.45374	0
4.672	-15.14	28.931	0.317	0.98673	0.51636	0
4.683	-16.92	27.951	0.318	0.9533	0.57705	0
4.685	-18.636	26.861	0.318	0.91614	0.63558	0
4.693	-20.282	25.666	0.319	0.87538	0.69174	0
4.701	-21.852	24.371	0.319	0.83119	0.74528	0
4.708	-23.339	22.978	0.319	0.78369	0.79598	0
4.716	-24.737	21.496	0.32	0.73313	0.84368	0
4.727	-26.041	19.929	0.32	0.67968	0.88817	0
4.734	-27.247	18.282	0.32	0.62352	0.92928	0
4.745	-28.348	16.563	0.321	0.56489	0.96684	0
4.755	-29.34	14.777	0.321	0.50399	1.00067	0
4.768	-30.22	12.932	0.322	0.44106	1.0307	0
4.775	-30.984	11.036	0.322	0.37636	1.05677	0
4.789	-31.63	9.094	0.322	0.31013	1.07878	0
4.801	-32.154	7.114	0.323	0.24261	1.09665	0
4.807	-32.552	5.104	0.323	0.17407	1.11025	0
4.815	-32.827	3.072	0.324	0.10478	1.11961	0
4.823	-32.974	1.026	0.324	0.03499	1.12464	0
4.832	-32.994	-1.027	0.324	-0.03501	1.12532	0
4.84	-32.886	-3.078	0.325	-0.10497	1.12165	0
4.848	-32.651	-5.119	0.325	-0.1746	1.11362	0
4.859	-32.288	-7.143	0.325	-0.24362	1.10125	0
4.867	-31.801	-9.143	0.326	-0.31181	1.08462	0
4.868	-31.19	-11.109	0.326	-0.37886	1.06378	0
4.876	-30.457	-13.034	0.327	-0.44452	1.03879	0
4.883	-29.606	-14.912	0.327	-0.50856	1.00975	0
4.887	-28.638	-16.733	0.327	-0.57067	0.97674	0
4.895	-27.559	-18.492	0.328	-0.63066	0.93993	0
4.901	-26.372	-20.182	0.328	-0.68831	0.89944	0
4.909	-25.081	-21.795	0.329	-0.74334	0.85542	0
4.918	-23.692	-23.326	0.329	-0.79556	0.80804	0
4.926	-22.209	-24.768	0.329	-0.84475	0.75744	0
4.937	-20.638	-26.117	0.33	-0.89074	0.70388	0
4.945	-18.986	-27.366	0.33	-0.93335	0.64752	0
4.956	-17.258	-28.51	0.331	-0.97238	0.5886	0
4.968	-15.462	-29.546	0.331	-1.0077	0.52733	0
4.978	-13.603	-30.467	0.331	-1.03914	0.46392	0
4.987	-11.689	-31.273	0.332	-1.06661	0.39866	0
5.006	-9.728	-31.958	0.332	-1.08998	0.33179	0
5.01	-7.727	-32.521	0.333	-1.10917	0.26353	0
5.019	-5.694	-32.958	0.333	-1.12408	0.19419	0
5.03	-3.636	-33.267	0.333	-1.13463	0.12401	0
5.042	-1.562	-33.449	0.334	-1.14083	0.05326	0
5.052	0.521	-33.501	0.334	-1.14261	-0.01777	0
5.061	2.604	-33.424	0.335	-1.13998	-0.08881	0
5.067	4.68	-33.217	0.335	-1.13292	-0.15962	0
5.074	6.74	-32.88	0.335	-1.12144	-0.22986	0
5.085	8.777	-32.417	0.336	-1.10564	-0.29932	0
5.095	10.781	-31.828	0.336	-1.08553	-0.36769	0
5.095	12.746	-31.114	0.337	-1.0612	-0.43471	0
5.105	14.665	-30.28	0.337	-1.03273	-0.50015	0
5.108	16.528	-29.326	0.337	-1.0002	-0.5637	0
5.117	18.33	-28.259	0.338	-0.96379	-0.62516	0
5.122	20.064	-27.08	0.338	-0.9236	-0.68429	0
5.134	21.721	-25.796	0.338	-0.87979	-0.74082	0
5.14	23.297	-24.41	0.339	-0.83253	-0.79455	0
5.148	24.783	-22.927	0.339	-0.78195	-0.84526	0
5.161	26.176	-21.355	0.34	-0.72832	-0.89277	0
5.17	27.469	-19.698	0.34	-0.67181	-0.93687	0
5.179	28.658	-17.962	0.34	-0.61261	-0.97742	0
5.195	29.737	-16.156	0.341	-0.551	-1.01421	0
5.202	30.701	-14.283	0.341	-0.48714	-1.0471	0
5.218	31.548	-12.355	0.342	-0.42136	-1.076	0
5.232	32.274	-10.376	0.342	-0.35386	-1.10077	0
5.238	32.876	-8.354	0.342	-0.2849	-1.1213	0
5.251	33.352	-6.298	0.343	-0.21478	-1.13752	0
5.266	33.697	-4.215	0.343	-0.14374	-1.14932	0
5.28	33.914	-2.112	0.344	-0.07204	-1.15671	0
5.29	34	0	0.344	0	-1.15964	0
5.001	33.96	1.996	0.344	0.06808	-1.15829	0
5.006	33.803	3.988	0.345	0.13602	-1.1529	0
5.009	33.529	5.968	0.345	0.20354	-1.14357	0
5.013	33.139	7.93	0.346	0.27046	-1.13028	0
5.021	32.634	9.866	0.346	0.3365	-1.11304	0
5.038	32.017	11.772	0.346	0.40147	-1.09198	0
5.035	31.288	13.638	0.347	0.46511	-1.06713	0
5.044	30.451	15.459	0.347	0.52724	-1.03856	0
5.05	29.507	17.228	0.347	0.58758	-1.00636	0
5.056	28.46	18.941	0.348	0.64599	-0.97067	0
5.062	27.315	20.59	0.348	0.70223	-0.93161	0
5.074	26.073	22.169	0.349	0.7561	-0.88924	0
5.078	24.741	23.674	0.349	0.80743	-0.84381	0
5.086	23.322	25.1	0.349	0.85604	-0.7954	0
5.098	21.82	26.439	0.35	0.90172	-0.74418	0
5.109	20.242	27.689	0.35	0.94437	-0.69035	0
5.115	18.592	28.845	0.351	0.98381	-0.6341	0
5.135	16.876	29.903	0.351	1.01987	-0.57556	0
5.139	15.101	30.858	0.351	1.05247	-0.51501	0
5.156	13.271	31.709	0.352	1.08149	-0.4526	0
5.165	11.393	32.451	0.352	1.1068	-0.38857	0
5.173	9.474	33.081	0.352	1.12829	-0.32311	0
5.189	7.521	33.599	0.353	1.14594	-0.25649	0
5.209	5.539	34.001	0.353	1.15967	-0.18889	0
5.212	3.536	34.285	0.354	1.16936	-0.12059	0
5.219	1.518	34.453	0.354	1.17507	-0.05177	0
5.228	-0.506	34.501	0.354	1.17674	0.01727	0
5.238	-2.532	34.43	0.355	1.17431	0.08635	0
5.25	-4.55	34.241	0.355	1.16786	0.15519	0
5.262	-6.556	33.933	0.356	1.15737	0.22359	0
5.26	-8.54	33.508	0.356	1.14285	0.29127	0
5.262	-10.498	32.967	0.356	1.12439	0.35804	0
5.274	-12.421	32.312	0.357	1.10205	0.42363	0
5.278	-14.304	31.544	0.357	1.07587	0.48785	0
5.281	-16.139	30.666	0.357	1.04592	0.55043	0
5.292	-17.921	29.683	0.358	1.01237	0.61119	0
5.296	-19.643	28.595	0.358	0.97528	0.66992	0
5.304	-21.298	27.408	0.359	0.93477	0.72638	0
5.315	-22.882	26.125	0.359	0.89101	0.78042	0
5.32	-24.389	24.75	0.359	0.84413	0.83182	0
5.333	-25.813	23.288	0.36	0.79426	0.88039	0
5.341	-27.15	21.745	0.36	0.74164	0.92599	0
5.353	-28.395	20.125	0.361	0.68638	0.96846	0
5.365	-29.543	18.434	0.361	0.62869	1.00759	0
5.375	-30.59	16.677	0.361	0.56877	1.04333	0
5.391	-31.533	14.861	0.362	0.50685	1.0755	0
5.405	-32.369	12.992	0.362	0.44309	1.104	0
5.413	-33.093	11.076	0.362	0.37774	1.12869	0
5.433	-33.704	9.119	0.363	0.31101	1.14954	0
5.448	-34.2	7.13	0.363	0.24316	1.16645	0
5.452	-34.577	5.113	0.364	0.17437	1.17932	0
5.461	-34.836	3.077	0.364	0.10493	1.18817	0
5.471	-34.976	1.027	0.364	0.03503	1.19293	0
5.481	-34.994	-1.028	0.365	-0.03505	1.19354	0
5.49	-34.892	-3.082	0.365	-0.10509	1.19007	0
5.499	-34.67	-5.126	0.366	-0.17484	1.18249	0
5.513	-34.327	-7.156	0.366	-0.24406	1.17079	0
5.525	-33.866	-9.163	0.366	-0.31251	1.15507	0
5.52	-33.288	-11.141	0.367	-0.37997	1.13535	0
5.527	-32.594	-13.082	0.367	-0.44616	1.11166	0
5.54	-31.787	-14.981	0.368	-0.51092	1.08414	0
5.537	-30.87	-16.829	0.368	-0.57396	1.05286	0
5.552	-29.845	-18.622	0.368	-0.63512	1.01789	0
5.552	-28.715	-20.352	0.369	-0.69411	0.97937	0
5.564	-27.486	-22.014	0.369	-0.7508	0.93744	0
5.574	-26.161	-23.602	0.37	-0.80495	0.89224	0
5.577	-24.743	-25.109	0.37	-0.85638	0.84388	0
5.589	-23.24	-26.532	0.37	-0.90491	0.7926	0
5.607	-21.654	-27.866	0.371	-0.95039	0.73852	0
5.612	-19.992	-29.103	0.371	-0.9926	0.68182	0
5.63	-18.259	-30.243	0.371	-1.03147	0.62272	0
5.638	-16.461	-31.279	0.372	-1.06681	0.56142	0
5.659	-14.605	-32.207	0.372	-1.09848	0.49811	0
5.664	-12.696	-33.027	0.373	-1.12644	0.43301	0
5.688	-10.742	-33.733	0.373	-1.15052	0.36636	0
5.7	-8.748	-34.324	0.373	-1.17068	0.29836	0
5.706	-6.723	-34.796	0.374	-1.18677	0.22927	0
5.718	-4.671	-35.149	0.374	-1.19883	0.15931	0
5.733	-2.602	-35.381	0.375	-1.20676	0.08874	0
5.745	-0.521	-35.491	0.375	-1.2105	0.01777	0
5.754	1.563	-35.48	0.375	-1.21011	-0.05332	0
5.761	3.645	-35.346	0.376	-1.20554	-0.12432	0
5.766	5.716	-35.089	0.376	-1.19677	-0.19494	0
5.774	7.77	-34.711	0.377	-1.18389	-0.26498	0
5.791	9.798	-34.214	0.377	-1.16692	-0.33417	0
5.794	11.796	-33.596	0.377	-1.14587	-0.40229	0
5.794	13.754	-32.864	0.378	-1.12088	-0.46908	0
5.816	15.668	-32.017	0.378	-1.092	-0.53435	0
5.808	17.529	-31.059	0.379	-1.05932	-0.59782	0
5.828	19.331	-29.992	0.379	-1.02291	-0.6593	0
5.822	21.069	-28.821	0.379	-0.98298	-0.71857	0
5.834	22.737	-27.549	0.38	-0.9396	-0.77545	0
5.847	24.326	-26.181	0.38	-0.89293	-0.82967	0
5.856	25.835	-24.721	0.381	-0.84313	-0.88112	0
5.863	27.255	-23.175	0.381	-0.79039	-0.92957	0
5.877	28.583	-21.546	0.381	-0.73483	-0.97486	0
5.897	29.814	-19.842	0.382	-0.67672	-1.01684	0
5.901	30.943	-18.067	0.382	-0.6162	-1.05538	0
5.93	31.966	-16.229	0.383	-0.55348	-1.09027	0
5.93	32.881	-14.332	0.383	-0.48879	-1.12148	0
5.954	33.683	-12.384	0.383	-0.42237	-1.14884	0
5.967	34.37	-10.391	0.384	-0.3544	-1.17227	0
5.974	34.939	-8.361	0.384	-0.28515	-1.19165	0
5.991	35.388	-6.299	0.385	-0.21483	-1.20698	0
6.012	35.715	-4.214	0.385	-0.14371	-1.21815	0
6.03	35.919	-2.111	0.385	-0.07201	-1.2251	0
6.044	36	0	0.386	0	-1.22786	0
5.731	35.962	2.002	0.386	0.06827	-1.22658	0
5.734	35.812	3.999	0.387	0.13639	-1.22146	0
5.734	35.553	5.986	0.387	0.20417	-1.2126	0
5.735	35.183	7.956	0.387	0.27135	-1.19998	0
5.743	34.702	9.904	0.388	0.33778	-1.18359	0
5.764	34.115	11.823	0.388	0.40324	-1.16357	0
5.76	33.422	13.708	0.388	0.46751	-1.13992	0
5.764	32.625	15.552	0.389	0.53041	-1.11273	0
5.777	31.725	17.349	0.389	0.59171	-1.08203	0
5.775	30.727	19.095	0.39	0.65123	-1.048	0
5.786	29.633	20.783	0.39	0.70883	-1.01068	0
5.792	28.446	22.409	0.39	0.76426	-0.97018	0
5.802	27.17	23.967	0.391	0.81741	-0.92666	0
5.813	25.809	25.453	0.391	0.86808	-0.88023	0
5.818	24.366	26.86	0.391	0.9161	-0.83101	0
5.834	22.847	28.186	0.392	0.96133	-0.77921	0
5.842	21.256	29.427	0.392	1.00366	-0.72493	0
5.855	19.597	30.578	0.393	1.04292	-0.66836	0
5.874	17.876	31.635	0.393	1.07896	-0.60965	0
5.882	16.098	32.596	0.393	1.11173	-0.54902	0
5.898	14.268	33.456	0.394	1.1411	-0.48662	0
5.921	12.393	34.214	0.394	1.16692	-0.42267	0
5.924	10.478	34.867	0.395	1.1892	-0.35734	0
5.943	8.528	35.413	0.395	1.20782	-0.29084	0
5.97	6.55	35.849	0.395	1.2227	-0.22338	0
5.982	4.549	36.175	0.396	1.23383	-0.15516	0
5.986	2.533	36.39	0.396	1.24116	-0.08639	0
5.994	0.507	36.492	0.396	1.24466	-0.01729	0
6.004	-1.522	36.481	0.397	1.24428	0.05191	0
6.017	-3.549	36.358	0.397	1.24008	0.12104	0
6.034	-5.567	36.123	0.398	1.23204	0.18986	0
6.038	-7.569	35.774	0.398	1.22015	0.25815	0
6.032	-9.551	35.315	0.398	1.20451	0.32572	0
6.036	-11.504	34.747	0.399	1.18512	0.39235	0
6.06	-13.423	34.07	0.399	1.16203	0.4578	0
6.048	-15.304	33.288	0.4	1.13534	0.52193	0
6.058	-17.138	32.402	0.4	1.10511	0.58451	0
6.061	-18.922	31.414	0.4	1.07144	0.64534	0
6.07	-20.648	30.328	0.401	1.03439	0.70422	0
6.073	-22.313	29.148	0.401	0.99414	0.76099	0
6.095	-23.91	27.877	0.401	0.95078	0.81545	0
6.092	-25.434	26.517	0.402	0.9044	0.86744	0
6.099	-26.881	25.075	0.402	0.85521	0.91682	0
6.12	-28.247	23.554	0.403	0.80332	0.96341	0
6.133	-29.526	21.958	0.403	0.74888	1.00704	0
6.139	-30.716	20.293	0.403	0.69209	1.04762	0
6.165	-31.812	18.563	0.404	0.63311	1.085	0
6.168	-32.81	16.775	0.404	0.57213	1.11905	0
6.196	-33.707	14.933	0.405	0.50929	1.14965	0
6.205	-34.502	13.043	0.405	0.44482	1.17676	0
6.217	-35.191	11.11	0.405	0.37892	1.20026	0
6.249	-35.77	9.142	0.406	0.31178	1.22003	0
6.263	-36.241	7.143	0.406	0.24361	1.23607	0
6.265	-36.599	5.121	0.407	0.17465	1.24831	0
6.275	-36.844	3.08	0.407	0.10505	1.25667	0
6.287	-36.977	1.028	0.407	0.03507	1.26118	0
6.298	-36.995	-1.029	0.408	-0.03509	1.26179	0
6.308	-36.898	-3.085	0.408	-0.10521	1.2585	0
6.318	-36.687	-5.133	0.408	-0.17506	1.25128	0
6.334	-36.362	-7.167	0.409	-0.24443	1.24022	0
6.354	-35.925	-9.181	0.409	-0.31313	1.22531	0
6.339	-35.376	-11.169	0.41	-0.38091	1.20657	0
6.342	-34.717	-13.124	0.41	-0.4476	1.1841	0
6.367	-33.951	-15.041	0.41	-0.51296	1.15795	0
6.35	-33.077	-16.912	0.411	-0.57679	1.12816	0
6.372	-32.102	-18.733	0.411	-0.63888	1.0949	0
6.362	-31.026	-20.498	0.412	-0.69909	1.0582	0
6.384	-29.854	-22.201	0.412	-0.75719	1.0182	0
6.384	-28.587	-23.837	0.412	-0.81298	0.97499	0
6.388	-27.231	-25.401	0.413	-0.86633	0.92874	0
6.403	-25.79	-26.888	0.413	-0.91706	0.87958	0
6.419	-24.266	-28.293	0.414	-0.96497	0.82762	0
6.429	-22.668	-29.612	0.414	-1.00995	0.7731	0
6.436	-20.997	-30.841	0.414	-1.05187	0.71612	0
6.473	-19.259	-31.975	0.415	-1.09055	0.65685	0
6.469	-17.461	-33.012	0.415	-1.12592	0.59551	0
6.509	-15.607	-33.947	0.416	-1.15784	0.53227	0
6.504	-13.703	-34.779	0.416	-1.18621	0.46733	0
6.527	-11.754	-35.503	0.416	-1.2109	0.40088	0
6.559	-9.768	-36.119	0.417	-1.2319	0.33313	0
6.556	-7.749	-36.623	0.417	-1.24912	0.26428	0
6.567	-5.704	-37.014	0.417	-1.26245	0.19454	0
6.586	-3.64	-37.292	0.418	-1.27193	0.12414	0
6.604	-1.563	-37.454	0.418	-1.27747	0.05329	0
6.618	0.521	-37.5	0.419	-1.27904	-0.01777	0
6.626	2.606	-37.431	0.419	-1.27669	-0.08886	0
6.631	4.684	-37.247	0.419	-1.27039	-0.15975	0
6.636	6.75	-36.946	0.42	-1.26015	-0.23022	0
6.649	8.797	-36.531	0.42	-1.24596	-0.30003	0
6.68	10.819	-36.003	0.421	-1.22795	-0.36898	0
6.658	12.809	-35.362	0.421	-1.20611	-0.43686	0
6.661	14.761	-34.612	0.421	-1.18051	-0.50343	0
6.678	16.67	-33.754	0.422	-1.15125	-0.56853	0
6.668	18.529	-32.791	0.422	-1.1184	-0.63193	0
6.687	20.332	-31.725	0.423	-1.08203	-0.69343	0
6.688	22.074	-30.561	0.423	-1.04231	-0.75285	0
6.694	23.75	-29.3	0.423	-0.99933	-0.81001	0
6.712	25.353	-27.949	0.424	-0.95323	-0.8647	0
6.709	26.879	-26.509	0.424	-0.9041	-0.91675	0
6.726	28.325	-24.986	0.425	-0.85216	-0.96605	0
6.744	29.684	-23.384	0.425	-0.79753	-1.01241	0
6.752	30.951	-21.708	0.425	-0.74036	-1.05565	0
6.787	32.125	-19.964	0.426	-0.68087	-1.09569	0
6.785	33.201	-18.156	0.426	-0.61923	-1.13237	0
6.82	34.174	-16.291	0.427	-0.55559	-1.16556	0
6.819	35.043	-14.373	0.427	-0.49019	-1.19521	0
6.86	35.805	-12.409	0.427	-0.42321	-1.2212	0
6.866	36.456	-10.405	0.428	-0.35485	-1.24343	0
6.874	36.995	-8.366	0.428	-0.28533	-1.2618	0
6.897	37.42	-6.301	0.429	-0.21489	-1.27631	0
6.926	37.73	-4.213	0.429	-0.1437	-1.28689	0
6.951	37.923	-2.111	0.429	-0.07199	-1.29347	0
6.968	38	0	0.43	0	-1.29609	0
6.624	37.964	2.006	0.43	0.06842	-1.29486	0
6.624	37.822	4.009	0.431	0.13671	-1.29002	0
6.618	37.574	6.002	0.431	0.2047	-1.28154	0
6.615	37.221	7.98	0.431	0.27216	-1.26952	0
6.62	36.765	9.938	0.432	0.33892	-1.25394	0
6.646	36.205	11.869	0.432	0.4048	-1.23486	0
6.64	35.544	13.77	0.432	0.46961	-1.21231	0
6.635	34.782	15.633	0.433	0.53317	-1.18632	0
6.663	33.924	17.455	0.433	0.5953	-1.15704	0
6.642	32.97	19.229	0.434	0.65582	-1.12451	0
6.667	31.924	20.952	0.434	0.71457	-1.08881	0
6.653	30.787	22.618	0.434	0.77139	-1.05003	0
6.672	29.563	24.221	0.435	0.82608	-1.00828	0
6.685	28.256	25.759	0.435	0.87853	-0.96371	0
6.678	26.869	27.226	0.436	0.92858	-0.9164	0
6.693	25.406	28.619	0.436	0.97608	-0.86651	0
6.729	23.871	29.933	0.436	1.02092	-0.81413	0
6.721	22.268	31.165	0.437	1.06294	-0.75945	0
6.745	20.601	32.31	0.437	1.102	-0.70259	0
6.754	18.875	33.367	0.437	1.13805	-0.64375	0
6.781	17.096	34.332	0.438	1.17096	-0.58305	0
6.788	15.266	35.202	0.438	1.20065	-0.52066	0
6.839	13.393	35.975	0.439	1.227	-0.45677	0
6.826	11.481	36.647	0.439	1.24992	-0.39155	0
6.842	9.535	37.218	0.439	1.26941	-0.3252	0
6.876	7.561	37.686	0.44	1.28537	-0.25787	0
6.91	5.564	38.049	0.44	1.29777	-0.18975	0
6.906	3.55	38.307	0.441	1.30656	-0.12106	0
6.912	1.524	38.457	0.441	1.31167	-0.05197	0
6.922	-0.508	38.501	0.441	1.31317	0.01733	0
6.934	-2.541	38.437	0.442	1.311	0.08666	0
6.952	-4.568	38.266	0.442	1.30517	0.15578	0
6.979	-6.584	37.989	0.442	1.2957	0.22453	0
6.958	-8.583	37.604	0.443	1.28258	0.29271	0
6.947	-10.56	37.115	0.443	1.2659	0.36014	0
6.957	-12.51	36.522	0.444	1.24566	0.42665	0
6.978	-14.426	35.827	0.444	1.22195	0.49201	0
6.956	-16.304	35.031	0.444	1.1948	0.55605	0
6.985	-18.137	34.136	0.445	1.16427	0.61858	0
6.968	-19.922	33.146	0.445	1.13049	0.67945	0
6.995	-21.654	32.062	0.446	1.09352	0.73851	0
6.973	-23.326	30.888	0.446	1.05348	0.79554	0
6.988	-24.934	29.627	0.446	1.01047	0.8504	0
7.001	-26.474	28.282	0.447	0.96458	0.90292	0
7.016	-27.942	26.857	0.447	0.91598	0.95298	0
7.016	-29.333	25.356	0.447	0.86477	1.00045	0
7.035	-30.644	23.783	0.448	0.81113	1.04516	0
7.069	-31.87	22.142	0.448	0.75517	1.08699	0
7.059	-33.009	20.438	0.449	0.69706	1.12582	0
7.107	-34.056	18.675	0.449	0.63692	1.16154	0
7.096	-35.009	16.859	0.449	0.57499	1.19406	0
7.146	-35.866	14.995	0.45	0.5114	1.22328	0
7.141	-36.623	13.087	0.45	0.44633	1.24911	0
7.16	-37.279	11.141	0.451	0.37996	1.27149	0
7.207	-37.831	9.161	0.451	0.31244	1.29031	0
7.217	-38.278	7.155	0.451	0.24403	1.30557	0
7.216	-38.619	5.128	0.452	0.17487	1.31721	0
7.226	-38.853	3.084	0.452	0.10517	1.32518	0
7.239	-38.978	1.03	0.453	0.03511	1.32946	0
7.25	-38.994	-1.03	0.453	-0.03513	1.33001	0
7.259	-38.903	-3.088	0.453	-0.1053	1.32688	0
7.27	-38.702	-5.139	0.454	-0.17525	1.32005	0
7.289	-38.394	-7.177	0.454	-0.24477	1.30953	0
7.322	-37.978	-9.197	0.455	-0.31366	1.29534	0
7.29	-37.455	-11.194	0.455	-0.38176	1.2775	0
7.282	-36.828	-13.16	0.455	-0.44883	1.25611	0
7.317	-36.098	-15.092	0.456	-0.51472	1.23121	0
7.288	-35.267	-16.983	0.456	-0.57922	1.20285	0
7.302	-34.336	-18.829	0.456	-0.64217	1.17111	0
7.293	-33.308	-20.624	0.457	-0.70338	1.13603	0
7.317	-32.187	-22.362	0.457	-0.76268	1.0978	0
7.311	-30.976	-24.04	0.458	-0.81991	1.05647	0
7.326	-29.677	-25.652	0.458	-0.8749	1.01217	0
7.326	-28.293	-27.195	0.458	-0.92752	0.96498	0
7.328	-26.831	-28.663	0.459	-0.97758	0.91508	0
7.365	-25.291	-30.051	0.459	-1.02493	0.86257	0
7.366	-23.68	-31.357	0.46	-1.06949	0.80763	0
7.388	-22.002	-32.577	0.46	-1.1111	0.75038	0
7.414	-20.26	-33.708	0.46	-1.14967	0.69098	0
7.414	-18.461	-34.745	0.461	-1.18505	0.62962	0
7.453	-16.609	-35.685	0.461	-1.21713	0.56644	0
7.463	-14.709	-36.528	0.462	-1.24587	0.50164	0
7.479	-12.766	-37.269	0.462	-1.27116	0.43538	0
7.538	-10.785	-37.908	0.462	-1.29293	0.36783	0
7.532	-8.774	-38.44	0.463	-1.31111	0.29922	0
7.536	-6.736	-38.866	0.463	-1.32562	0.22972	0
7.555	-4.677	-39.184	0.464	-1.33647	0.15952	0
7.577	-2.604	-39.393	0.464	-1.34361	0.08881	0
7.595	-0.521	-39.493	0.464	-1.347	0.01777	0
7.604	1.564	-39.482	0.465	-1.34664	-0.05335	0
7.606	3.647	-39.36	0.465	-1.34249	-0.12439	0
7.605	5.722	-39.13	0.466	-1.33463	-0.19514	0
7.611	7.783	-38.79	0.466	-1.32303	-0.26543	0
7.634	9.823	-38.342	0.466	-1.30774	-0.33501	0
7.648	11.838	-37.786	0.467	-1.28879	-0.40373	0
7.618	13.821	-37.124	0.467	-1.26619	-0.47136	0
7.637	15.768	-36.358	0.467	-1.24008	-0.53775	0
7.632	17.672	-35.49	0.468	-1.21048	-0.60272	0
7.629	19.529	-34.523	0.468	-1.17748	-0.66605	0
7.63	21.333	-33.459	0.469	-1.14118	-0.72757	0
7.64	23.078	-32.299	0.469	-1.10163	-0.78709	0
7.629	24.761	-31.05	0.469	-1.059	-0.8445	0
7.658	26.377	-29.712	0.47	-1.01337	-0.89961	0
7.678	27.92	-28.291	0.47	-0.9649	-0.95225	0
7.662	29.387	-26.79	0.471	-0.91369	-1.00227	0
7.673	30.773	-25.212	0.471	-0.85989	-1.04955	0
7.724	32.073	-23.563	0.471	-0.80362	-1.09391	0
7.719	33.286	-21.846	0.472	-0.74507	-1.1353	0
7.749	34.408	-20.068	0.472	-0.68441	-1.17354	0
7.762	35.434	-18.232	0.473	-0.62179	-1.20855	0
7.792	36.362	-16.343	0.473	-0.55739	-1.24021	0
7.797	37.189	-14.407	0.473	-0.49134	-1.26842	0
7.864	37.914	-12.429	0.474	-0.42391	-1.29314	0
7.85	38.533	-10.416	0.474	-0.35523	-1.31427	0
7.859	39.046	-8.371	0.475	-0.2855	-1.33176	0
7.891	39.45	-6.302	0.475	-0.21492	-1.34555	0
7.93	39.743	-4.212	0.475	-0.14366	-1.35556	0
7.963	39.927	-2.11	0.476	-0.07196	-1.36183	0
7.983	40	0	0.476	0	-1.36431	0
7.546	39.966	1.995	0.477	0.06802	-1.36316	0
7.539	39.833	3.986	0.477	0.13593	-1.35862	0
7.524	39.601	5.969	0.477	0.20356	-1.35069	0
7.511	39.269	7.939	0.478	0.27074	-1.33936	0
7.51	38.84	9.89	0.478	0.3373	-1.32473	0
7.536	38.314	11.818	0.479	0.40306	-1.30679	0
7.538	37.692	13.719	0.479	0.46788	-1.28558	0
7.511	36.976	15.587	0.479	0.53158	-1.26116	0
7.543	36.168	17.417	0.48	0.59402	-1.23358	0
7.512	35.269	19.206	0.48	0.65503	-1.20291	0
7.529	34.281	20.949	0.48	0.71447	-1.16922	0
7.512	33.206	22.64	0.481	0.77215	-1.13257	0
7.553	32.049	24.277	0.481	0.82797	-1.0931	0
7.533	30.812	25.854	0.482	0.88178	-1.05089	0
7.535	29.497	27.369	0.482	0.93344	-1.00602	0
7.553	28.107	28.816	0.482	0.98282	-0.95862	0
7.566	26.646	30.193	0.483	1.02979	-0.9088	0
7.567	25.118	31.497	0.483	1.07426	-0.85666	0
7.581	23.526	32.723	0.483	1.11607	-0.80237	0
7.634	21.874	33.867	0.484	1.15511	-0.74602	0
7.617	20.167	34.929	0.484	1.19134	-0.68779	0
7.675	18.408	35.905	0.485	1.22463	-0.6278	0
7.655	16.602	36.793	0.485	1.25491	-0.56621	0
7.695	14.753	37.59	0.485	1.28208	-0.50316	0
7.725	12.866	38.294	0.486	1.3061	-0.43878	0
7.718	10.945	38.903	0.486	1.32688	-0.37329	0
7.75	8.996	39.415	0.487	1.34437	-0.30681	0
7.803	7.023	39.83	0.487	1.3585	-0.23952	0
7.823	5.031	40.146	0.487	1.36929	-0.17158	0
7.816	3.025	40.363	0.488	1.37669	-0.10317	0
7.819	1.01	40.479	0.488	1.38067	-0.03444	0
7.828	-1.01	40.495	0.488	1.38121	0.03445	0
7.842	-3.029	40.411	0.489	1.37832	0.10329	0
7.865	-5.041	40.225	0.489	1.372	0.17192	0
7.887	-7.042	39.94	0.49	1.36226	0.24018	0
7.85	-9.028	39.554	0.49	1.34909	0.30789	0
7.828	-10.992	39.07	0.49	1.33259	0.37489	0
7.84	-12.931	38.489	0.491	1.31276	0.44102	0
7.862	-14.84	37.811	0.491	1.28964	0.50612	0
7.819	-16.713	37.039	0.492	1.2633	0.56999	0
7.853	-18.546	36.174	0.492	1.2338	0.6325	0
7.821	-20.333	35.219	0.492	1.20121	0.69348	0
7.857	-22.072	34.175	0.493	1.1656	0.75279	0
7.825	-23.757	33.044	0.493	1.12704	0.81025	0
7.848	-25.385	31.832	0.493	1.08567	0.86576	0
7.828	-26.951	30.538	0.494	1.04156	0.91918	0
7.838	-28.451	29.169	0.494	0.99483	0.97034	0
7.881	-29.881	27.725	0.495	0.9456	1.01912	0
7.869	-31.238	26.212	0.495	0.89397	1.06541	0
7.877	-32.518	24.632	0.495	0.84008	1.10909	0
7.909	-33.719	22.989	0.496	0.78406	1.15004	0
7.906	-34.835	21.288	0.496	0.72603	1.18814	0
7.97	-35.868	19.532	0.496	0.66615	1.22334	0
7.953	-36.811	17.727	0.497	0.60458	1.25553	0
8.002	-37.664	15.876	0.497	0.54147	1.28461	0
8.016	-38.423	13.985	0.498	0.47695	1.31052	0
8.017	-39.088	12.057	0.498	0.41121	1.33319	0
8.068	-39.656	10.098	0.498	0.34438	1.35256	0
8.111	-40.125	8.112	0.499	0.27665	1.36859	0
8.091	-40.495	6.103	0.499	0.20815	1.38119	0
8.092	-40.764	4.079	0.5	0.13911	1.39039	0
8.102	-40.933	2.043	0.5	0.06967	1.39615	0
8.112	-41	0	0.5	0	1.39843	0
8.121	-40.965	-2.044	0.501	-0.06972	1.39724	0
8.129	-40.828	-4.085	0.501	-0.13933	1.39257	0
8.143	-40.59	-6.118	0.502	-0.20864	1.38443	0
8.174	-40.249	-8.137	0.502	-0.2775	1.3728	0
8.181	-39.809	-10.137	0.502	-0.34571	1.35779	0
8.137	-39.269	-12.113	0.503	-0.41312	1.33938	0
8.137	-38.632	-14.061	0.503	-0.47954	1.31764	0
8.18	-37.898	-15.975	0.503	-0.54483	1.29259	0
8.123	-37.069	-17.851	0.504	-0.60882	1.26432	0
8.159	-36.147	-19.684	0.504	-0.67134	1.23287	0
8.113	-35.134	-21.47	0.505	-0.73226	1.19832	0
8.154	-34.033	-23.203	0.505	-0.79137	1.16075	0
8.107	-32.847	-24.88	0.505	-0.84857	1.12029	0
8.13	-31.578	-26.497	0.506	-0.90371	1.07702	0
8.165	-30.23	-28.049	0.506	-0.95664	1.03103	0
8.134	-28.805	-29.532	0.507	-1.00724	0.98244	0
8.136	-27.308	-30.943	0.507	-1.05537	0.93137	0
8.185	-25.741	-32.279	0.507	-1.10093	0.87793	0
8.196	-24.11	-33.535	0.508	-1.14377	0.82228	0
8.192	-22.416	-34.707	0.508	-1.18377	0.76452	0
8.243	-20.667	-35.795	0.509	-1.22088	0.70484	0
8.229	-18.864	-36.795	0.509	-1.25499	0.64336	0
8.285	-17.013	-37.704	0.509	-1.286	0.58023	0
8.291	-15.118	-38.52	0.51	-1.31384	0.51562	0
8.305	-13.184	-39.241	0.51	-1.33844	0.44964	0
8.381	-11.216	-39.865	0.511	-1.35972	0.38252	0
8.374	-9.219	-40.39	0.511	-1.37763	0.3144	0
8.368	-7.197	-40.814	0.511	-1.3921	0.24544	0
8.386	-5.155	-41.138	0.512	-1.40314	0.17582	0
8.411	-3.1	-41.36	0.512	-1.41071	0.10571	0
8.432	-1.035	-41.479	0.512	-1.41477	0.03529	0
8.442	1.035	-41.495	0.513	-1.41532	-0.0353	0
8.441	3.103	-41.408	0.513	-1.41234	-0.10584	0
8.434	5.165	-41.218	0.514	-1.40585	-0.17616	0
8.429	7.216	-40.925	0.514	-1.39586	-0.2461	0
8.443	9.25	-40.529	0.514	-1.38235	-0.31548	0
8.496	11.263	-40.033	0.515	-1.36543	-0.38413	0
8.431	13.25	-39.437	0.515	-1.3451	-0.45188	0
8.413	15.205	-38.742	0.516	-1.3214	-0.51858	0
8.464	17.124	-37.95	0.516	-1.2944	-0.58402	0
8.394	19.002	-37.064	0.516	-1.26416	-0.64806	0
8.438	20.834	-36.085	0.517	-1.23075	-0.71054	0
8.384	22.615	-35.015	0.517	-1.19426	-0.7713	0
8.429	24.341	-33.856	0.518	-1.15474	-0.83016	0
8.414	26.008	-32.614	0.518	-1.11234	-0.88703	0
8.399	27.612	-31.288	0.518	-1.06713	-0.94175	0
8.42	29.149	-29.884	0.519	-1.01925	-0.99416	0
8.413	30.614	-28.405	0.519	-0.9688	-1.04413	0
8.456	32.004	-26.854	0.52	-0.9159	-1.09154	0
8.432	33.315	-25.235	0.52	-0.86068	-1.13628	0
8.461	34.545	-23.553	0.52	-0.80328	-1.17822	0
8.506	35.689	-21.809	0.521	-0.74382	-1.21724	0
8.504	36.746	-20.01	0.521	-0.68246	-1.2533	0
8.554	37.712	-18.161	0.522	-0.61938	-1.28626	0
8.551	38.585	-16.265	0.522	-0.55471	-1.31604	0
8.573	39.363	-14.327	0.522	-0.48862	-1.34258	0
8.661	40.043	-12.352	0.523	-0.42126	-1.36579	0
8.619	40.625	-10.345	0.523	-0.3528	-1.38562	0
8.63	41.105	-8.31	0.524	-0.28341	-1.40203	0
8.67	41.483	-6.252	0.524	-0.21323	-1.41492	0
8.717	41.759	-4.178	0.524	-0.1425	-1.42434	0
8.757	41.932	-2.093	0.525	-0.07137	-1.43022	0
8.778	42	0	0.525	0	-1.43254	0
8.38	41.967	1.999	0.525	0.06817	-1.43143	0
8.363	41.84	3.996	0.526	0.13627	-1.42707	0
8.335	41.617	5.984	0.526	0.20407	-1.41948	0
8.308	41.301	7.96	0.527	0.27147	-1.40869	0
8.297	40.89	9.92	0.527	0.3383	-1.39468	0
8.321	40.386	11.859	0.527	0.40444	-1.37748	0
8.335	39.79	13.772	0.528	0.46968	-1.35716	0
8.277	39.104	15.655	0.528	0.5339	-1.33374	0
8.298	38.328	17.504	0.528	0.59697	-1.30729	0
8.272	37.466	19.315	0.529	0.65876	-1.27787	0
8.261	36.518	21.083	0.529	0.71906	-1.24552	0
8.255	35.486	22.805	0.53	0.77778	-1.21032	0
8.263	34.372	24.477	0.53	0.83481	-1.17234	0
8.259	33.181	26.094	0.53	0.88996	-1.13169	0
8.289	31.913	27.653	0.531	0.94313	-1.08845	0
8.245	30.572	29.15	0.531	0.9942	-1.04271	0
8.252	29.161	30.584	0.532	1.0431	-0.99458	0
8.313	27.683	31.948	0.532	1.08964	-0.94416	0
8.292	26.141	33.241	0.532	1.13373	-0.89156	0
8.303	24.538	34.459	0.533	1.17529	-0.8369	0
8.323	22.879	35.6	0.533	1.21423	-0.78029	0
8.328	21.167	36.661	0.533	1.25042	-0.72189	0
8.375	19.405	37.64	0.534	1.28382	-0.66182	0
8.385	17.598	38.536	0.534	1.31436	-0.6002	0
8.404	15.751	39.343	0.535	1.34191	-0.53717	0
8.489	13.866	40.062	0.535	1.36644	-0.47289	0
8.445	11.948	40.691	0.535	1.38789	-0.40749	0
8.462	10.002	41.228	0.536	1.40621	-0.3411	0
8.517	8.032	41.672	0.536	1.42136	-0.27391	0
8.58	6.042	42.023	0.537	1.43332	-0.20606	0
8.554	4.037	42.278	0.537	1.44202	-0.13769	0
8.546	2.021	42.437	0.537	1.44745	-0.06894	0
8.548	0	42.5	0.538	1.4496	0	0
8.556	-2.023	42.467	0.538	1.44847	0.06898	0
8.573	-4.043	42.337	0.538	1.44405	0.13789	0
8.604	-6.055	42.112	0.539	1.43636	0.2065	0
8.585	-8.055	41.792	0.539	1.42544	0.2747	0
8.535	-10.037	41.376	0.54	1.41125	0.34232	0
8.516	-12	40.866	0.54	1.39385	0.40924	0
8.552	-13.935	40.263	0.54	1.37328	0.47526	0
8.523	-15.84	39.568	0.541	1.34958	0.54024	0
8.488	-17.711	38.783	0.541	1.3228	0.60405	0
8.533	-19.544	37.911	0.542	1.29303	0.66657	0
8.459	-21.333	36.951	0.542	1.26029	0.72759	0
8.501	-23.075	35.906	0.542	1.22467	0.787	0
8.445	-24.767	34.78	0.543	1.18624	0.8447	0
8.467	-26.403	33.574	0.543	1.1451	0.9005	0
8.497	-27.98	32.291	0.543	1.10134	0.9543	0
8.45	-29.495	30.934	0.544	1.05505	1.00597	0
8.455	-30.946	29.506	0.544	1.00635	1.05545	0
8.512	-32.326	28.01	0.545	0.95533	1.10252	0
8.497	-33.634	26.45	0.545	0.9021	1.14714	0
8.482	-34.866	24.828	0.545	0.8468	1.18918	0
8.562	-36.021	23.149	0.546	0.78951	1.22857	0
8.523	-37.094	21.416	0.546	0.73042	1.2652	0
8.61	-38.085	19.634	0.547	0.66963	1.29898	0
8.572	-38.991	17.806	0.547	0.60728	1.32988	0
8.651	-39.808	15.936	0.547	0.54351	1.35775	0
8.635	-40.535	14.029	0.548	0.47847	1.38256	0
8.64	-41.171	12.089	0.548	0.4123	1.40426	0
8.705	-41.714	10.119	0.548	0.34512	1.42279	0
8.743	-42.163	8.126	0.549	0.27714	1.43811	0
8.714	-42.518	6.113	0.549	0.20849	1.45021	0
8.711	-42.775	4.085	0.55	0.13931	1.459	0
8.717	-42.936	2.045	0.55	0.06975	1.46449	0
8.723	-43	0	0.55	0	1.46666	0
8.727	-42.966	-2.047	0.551	-0.0698	1.46551	0
8.73	-42.835	-4.091	0.551	-0.13951	1.46103	0
8.739	-42.607	-6.126	0.552	-0.20893	1.45325	0
8.768	-42.283	-8.149	0.552	-0.27793	1.44219	0
8.78	-41.862	-10.155	0.552	-0.34634	1.42783	0
8.711	-41.345	-12.14	0.553	-0.41405	1.41021	0
8.695	-40.735	-14.099	0.553	-0.48084	1.38939	0
8.76	-40.032	-16.026	0.553	-0.54658	1.36541	0
8.672	-39.238	-17.919	0.554	-0.61113	1.33832	0
8.684	-38.355	-19.774	0.554	-0.67439	1.30819	0
8.648	-37.384	-21.584	0.555	-0.73612	1.27506	0
8.652	-36.327	-23.346	0.555	-0.79622	1.23902	0
8.613	-35.187	-25.057	0.555	-0.85459	1.20013	0
8.661	-33.967	-26.712	0.556	-0.91104	1.15851	0
8.625	-32.669	-28.308	0.556	-0.96547	1.11423	0
8.639	-31.296	-29.84	0.557	-1.01774	1.0674	0
8.644	-29.851	-31.307	0.557	-1.06779	1.01812	0
8.636	-28.338	-32.704	0.557	-1.11541	0.96649	0
8.683	-26.759	-34.027	0.558	-1.16054	0.91264	0
8.646	-25.118	-35.273	0.558	-1.20307	0.85669	0
8.684	-23.419	-36.442	0.559	-1.24292	0.79873	0
8.709	-21.667	-37.527	0.559	-1.27997	0.73895	0
8.73	-19.863	-38.529	0.559	-1.31414	0.67745	0
8.753	-18.014	-39.445	0.56	-1.3454	0.61436	0
8.8	-16.122	-40.272	0.56	-1.37358	0.54985	0
8.774	-14.193	-41.007	0.561	-1.39868	0.48405	0
8.835	-12.23	-41.651	0.561	-1.42062	0.4171	0
8.877	-10.237	-42.2	0.561	-1.43937	0.34914	0
8.846	-8.221	-42.654	0.562	-1.45486	0.28037	0
8.851	-6.184	-43.013	0.562	-1.46709	0.21092	0
8.872	-4.132	-43.273	0.562	-1.47598	0.14094	0
8.894	-2.069	-43.436	0.563	-1.48153	0.07056	0
8.906	0	-43.5	0.563	-1.48372	0	0
8.905	2.07	-43.466	0.564	-1.48255	-0.07061	0
8.892	4.138	-43.333	0.564	-1.47802	-0.14113	0
8.876	6.197	-43.102	0.564	-1.47013	-0.21135	0
8.87	8.244	-42.774	0.565	-1.45894	-0.28116	0
8.896	10.273	-42.348	0.565	-1.44441	-0.35036	0
8.906	12.281	-41.825	0.566	-1.42658	-0.41885	0
8.83	14.262	-41.208	0.566	-1.40551	-0.48641	0
8.835	16.212	-40.496	0.566	-1.38125	-0.55292	0
8.842	18.127	-39.693	0.567	-1.35384	-0.61822	0
8.796	20.003	-38.799	0.567	-1.32336	-0.6822	0
8.826	21.834	-37.817	0.568	-1.28983	-0.74464	0
8.762	23.616	-36.748	0.568	-1.25337	-0.80544	0
8.764	25.347	-35.594	0.568	-1.21402	-0.86448	0
8.753	27.021	-34.36	0.569	-1.17191	-0.92158	0
8.73	28.635	-33.047	0.569	-1.12712	-0.97663	0
8.776	30.185	-31.658	0.57	-1.07974	-1.02951	0
8.779	31.669	-30.196	0.57	-1.02989	-1.08014	0
8.738	33.081	-28.665	0.57	-0.97766	-1.1283	0
8.764	34.42	-27.068	0.571	-0.92319	-1.17395	0
8.794	35.681	-25.409	0.571	-0.86658	-1.21697	0
8.789	36.862	-23.69	0.572	-0.80795	-1.25727	0
8.883	37.96	-21.917	0.572	-0.74748	-1.29474	0
8.829	38.974	-20.093	0.572	-0.68526	-1.3293	0
8.914	39.9	-18.221	0.573	-0.62145	-1.36091	0
8.87	40.736	-16.308	0.573	-0.55619	-1.38942	0
8.906	41.48	-14.356	0.574	-0.48963	-1.4148	0
8.979	42.13	-12.371	0.574	-0.42191	-1.43699	0
8.936	42.686	-10.355	0.574	-0.35316	-1.45594	0
8.947	43.145	-8.315	0.575	-0.2836	-1.47161	0
8.989	43.508	-6.256	0.575	-0.21334	-1.48398	0
9.038	43.771	-4.18	0.576	-0.14256	-1.49296	0
9.078	43.935	-2.093	0.576	-0.07137	-1.49856	0
9.097	44	0	0.576	0	-1.50078	0
8.695	43.968	2.004	0.577	0.06833	-1.4997	0
8.668	43.847	4.003	0.577	0.13654	-1.49554	0
8.628	43.633	5.997	0.577	0.20453	-1.48825	0
8.589	43.329	7.98	0.578	0.27215	-1.47789	0
8.567	42.935	9.946	0.578	0.33922	-1.46444	0
8.581	42.452	11.894	0.579	0.40566	-1.44797	0
8.608	41.88	13.819	0.579	0.47129	-1.42845	0
8.525	41.222	15.716	0.579	0.53601	-1.40599	0
8.526	40.477	17.581	0.58	0.59961	-1.38057	0
8.518	39.648	19.412	0.58	0.66206	-1.3523	0
8.472	38.735	21.203	0.58	0.72316	-1.32117	0
8.49	37.743	22.952	0.581	0.78279	-1.28733	0
8.449	36.671	24.654	0.581	0.84084	-1.25075	0
8.461	35.523	26.307	0.582	0.89721	-1.21158	0
8.48	34.3	27.905	0.582	0.95172	-1.16986	0
8.426	33.005	29.447	0.582	1.00433	-1.1257	0
8.437	31.641	30.929	0.583	1.05487	-1.07916	0
8.467	30.21	32.348	0.583	1.10328	-1.03036	0
8.454	28.716	33.7	0.584	1.14939	-0.9794	0
8.434	27.162	34.984	0.584	1.19319	-0.92637	0
8.495	25.549	36.195	0.584	1.23452	-0.87137	0
8.487	23.884	37.333	0.585	1.27333	-0.81457	0
8.517	22.167	38.394	0.585	1.30951	-0.756	0
8.51	20.403	39.376	0.585	1.34303	-0.69585	0
8.556	18.596	40.276	0.586	1.37374	-0.63422	0
8.532	16.749	41.095	0.586	1.40167	-0.57122	0
8.612	14.865	41.828	0.587	1.42667	-0.50699	0
8.596	12.951	42.475	0.587	1.44876	-0.4417	0
8.59	11.008	43.034	0.587	1.46784	-0.37542	0
8.633	9.04	43.506	0.588	1.48391	-0.30832	0
8.703	7.053	43.886	0.588	1.49688	-0.24054	0
8.707	5.05	44.176	0.589	1.50679	-0.17224	0
8.688	3.035	44.374	0.589	1.51355	-0.10352	0
8.682	1.013	44.481	0.589	1.5172	-0.03453	0
8.681	-1.013	44.495	0.59	1.51768	0.03454	0
8.686	-3.038	44.418	0.59	1.51504	0.10362	0
8.7	-5.059	44.248	0.59	1.50923	0.17252	0
8.727	-7.069	43.987	0.591	1.50032	0.24109	0
8.654	-9.067	43.633	0.591	1.48825	0.30923	0
8.601	-11.047	43.189	0.592	1.47312	0.37677	0
8.591	-13.006	42.655	0.592	1.4549	0.44357	0
8.645	-14.938	42.033	0.592	1.43368	0.50948	0
8.551	-16.842	41.323	0.593	1.40944	0.57439	0
8.544	-18.711	40.527	0.593	1.38229	0.63816	0
8.543	-20.543	39.646	0.593	1.35224	0.70062	0
8.508	-22.333	38.683	0.594	1.31938	0.7617	0
8.527	-24.079	37.638	0.594	1.28373	0.82122	0
8.498	-25.775	36.515	0.595	1.24544	0.87908	0
8.466	-27.419	35.315	0.595	1.20451	0.93516	0
8.497	-29.008	34.042	0.595	1.16107	0.98936	0
8.457	-30.536	32.697	0.596	1.11519	1.04149	0
8.494	-32.004	31.284	0.596	1.06698	1.09155	0
8.48	-33.405	29.804	0.597	1.0165	1.13935	0
8.474	-34.739	28.262	0.597	0.9639	1.18484	0
8.523	-36	26.66	0.597	0.90927	1.22787	0
8.472	-37.189	25.002	0.598	0.85272	1.26842	0
8.52	-38.3	23.291	0.598	0.79434	1.30633	0
8.513	-39.334	21.531	0.599	0.73433	1.34158	0
8.567	-40.286	19.724	0.599	0.67271	1.37405	0
8.547	-41.155	17.876	0.599	0.60967	1.40373	0
8.641	-41.939	15.99	0.6	0.54534	1.43047	0
8.592	-42.638	14.069	0.6	0.47982	1.4543	0
8.601	-43.248	12.117	0.6	0.41326	1.4751	0
8.668	-43.769	10.139	0.601	0.3458	1.49289	0
8.691	-44.199	8.14	0.601	0.27761	1.50755	0
8.663	-44.538	6.122	0.602	0.20877	1.51914	0
8.656	-44.785	4.089	0.602	0.13946	1.52755	0
8.658	-44.939	2.048	0.602	0.06984	1.53282	0
8.66	-45	0	0.603	0	1.53489	0
8.657	-44.967	-2.049	0.603	-0.06988	1.53378	0
8.652	-44.842	-4.094	0.604	-0.13964	1.52952	0
8.652	-44.623	-6.133	0.604	-0.20917	1.52205	0
8.669	-44.313	-8.161	0.604	-0.27833	1.51145	0
8.683	-43.909	-10.172	0.605	-0.34691	1.49768	0
8.602	-43.415	-12.164	0.605	-0.41486	1.48082	0
8.571	-42.83	-14.132	0.605	-0.48198	1.46085	0
8.613	-42.156	-16.073	0.606	-0.54816	1.43787	0
8.548	-41.394	-17.98	0.606	-0.6132	1.41186	0
8.532	-40.546	-19.852	0.607	-0.67706	1.38294	0
8.522	-39.613	-21.684	0.607	-0.73953	1.3511	0
8.485	-38.598	-23.471	0.607	-0.80051	1.31648	0
8.471	-37.501	-25.212	0.608	-0.85987	1.27906	0
8.469	-36.326	-26.902	0.608	-0.91751	1.239	0
8.44	-35.076	-28.536	0.609	-0.97324	1.19633	0
8.487	-33.751	-30.113	0.609	-1.02704	1.15116	0
8.459	-32.356	-31.628	0.609	-1.07871	1.10355	0
8.423	-30.893	-33.079	0.61	-1.12821	1.05365	0
8.445	-29.365	-34.461	0.61	-1.17535	1.00152	0
8.485	-27.775	-35.774	0.611	-1.22013	0.94729	0
8.46	-26.126	-37.012	0.611	-1.26239	0.89104	0
8.502	-24.423	-38.175	0.611	-1.30207	0.83295	0
8.467	-22.667	-39.26	0.612	-1.33905	0.77306	0
8.516	-20.863	-40.264	0.612	-1.37332	0.71154	0
8.492	-19.015	-41.184	0.613	-1.40471	0.64851	0
8.585	-17.126	-42.021	0.613	-1.43326	0.58409	0
8.529	-15.2	-42.77	0.613	-1.45882	0.51841	0
8.557	-13.243	-43.432	0.614	-1.48139	0.45165	0
8.65	-11.256	-44.003	0.614	-1.50089	0.38387	0
8.602	-9.244	-44.485	0.614	-1.51731	0.31526	0
8.592	-7.212	-44.873	0.615	-1.53057	0.24595	0
8.604	-5.164	-45.17	0.615	-1.54068	0.17612	0
8.623	-3.103	-45.372	0.616	-1.54758	0.10584	0
8.635	-1.035	-45.481	0.616	-1.55131	0.03531	0
8.635	1.036	-45.495	0.616	-1.55179	-0.03532	0
8.62	3.106	-45.416	0.617	-1.54908	-0.10595	0
8.597	5.172	-45.241	0.617	-1.54312	-0.1764	0
8.576	7.228	-44.974	0.618	-1.534	-0.2465	0
8.572	9.27	-44.612	0.618	-1.52165	-0.31616	0
8.601	11.295	-44.158	0.618	-1.50618	-0.38522	0
8.546	13.298	-43.612	0.619	-1.48753	-0.45352	0
8.493	15.273	-42.976	0.619	-1.46583	-0.5209	0
8.518	17.219	-42.249	0.62	-1.44103	-0.58726	0
8.465	19.131	-41.435	0.62	-1.41326	-0.65246	0
8.448	21.003	-40.534	0.62	-1.38253	-0.71631	0
8.435	22.834	-39.549	0.621	-1.34892	-0.77875	0
8.42	24.618	-38.48	0.621	-1.31247	-0.83961	0
8.404	26.352	-37.332	0.622	-1.27331	-0.89875	0
8.45	28.032	-36.105	0.622	-1.23145	-0.95608	0
8.384	29.657	-34.803	0.622	-1.18704	-1.01148	0
8.37	31.219	-33.428	0.623	-1.14012	-1.06477	0
8.402	32.719	-31.983	0.623	-1.09082	-1.11594	0
8.403	34.151	-30.47	0.624	-1.03921	-1.1648	0
8.372	35.515	-28.893	0.624	-0.98543	-1.2113	0
8.367	36.804	-27.255	0.624	-0.92957	-1.25528	0
8.438	38.019	-25.56	0.625	-0.87175	-1.29673	0
8.396	39.155	-23.81	0.625	-0.81207	-1.33548	0
8.455	40.211	-22.011	0.626	-0.7507	-1.37151	0
8.417	41.184	-20.164	0.626	-0.6877	-1.40469	0
8.491	42.073	-18.274	0.626	-0.62326	-1.43502	0
8.438	42.874	-16.346	0.627	-0.55749	-1.46235	0
8.478	43.587	-14.382	0.627	-0.49051	-1.4867	0
8.521	44.21	-12.387	0.627	-0.42246	-1.50796	0
8.489	44.743	-10.365	0.628	-0.3535	-1.52613	0
8.499	45.182	-8.321	0.628	-0.28379	-1.54111	0
8.533	45.529	-6.258	0.629	-0.21342	-1.55294	0
8.574	45.781	-4.18	0.629	-0.14256	-1.56152	0
8.606	45.938	-2.093	0.629	-0.07139	-1.56691	0
8.618	46	0	0.63	0	-1.56901	0
8.191	45.971	1.993	0.63	0.06799	-1.56801	0
8.161	45.855	3.984	0.631	0.13589	-1.56407	0
8.119	45.653	5.968	0.631	0.20354	-1.55715	0
8.077	45.365	7.943	0.631	0.27089	-1.54734	0
8.049	44.992	9.904	0.632	0.33776	-1.53462	0
8.047	44.534	11.847	0.632	0.40404	-1.519	0
8.085	43.993	13.769	0.633	0.46958	-1.50053	0
7.996	43.367	15.666	0.633	0.5343	-1.47918	0
7.975	42.661	17.536	0.633	0.59805	-1.45508	0
7.998	41.874	19.373	0.634	0.66073	-1.42823	0
7.926	41.008	21.175	0.634	0.72218	-1.39869	0
7.965	40.064	22.938	0.634	0.78233	-1.3665	0
7.898	39.044	24.66	0.635	0.84103	-1.33169	0
7.945	37.95	26.336	0.635	0.89821	-1.29439	0
7.903	36.785	27.963	0.636	0.95371	-1.25465	0
7.888	35.55	29.539	0.636	1.00748	-1.21251	0
7.883	34.247	31.061	0.636	1.05937	-1.16805	0
7.863	32.879	32.525	0.637	1.10932	-1.12139	0
7.895	31.449	33.928	0.637	1.1572	-1.07262	0
7.884	29.959	35.27	0.637	1.20295	-1.02178	0
7.873	28.411	36.546	0.638	1.24647	-0.96899	0
7.885	26.809	37.753	0.638	1.28765	-0.91434	0
7.861	25.156	38.89	0.639	1.32645	-0.85797	0
7.925	23.455	39.955	0.639	1.36279	-0.79994	0
7.884	21.708	40.946	0.639	1.3966	-0.74038	0
7.947	19.92	41.861	0.64	1.4278	-0.67938	0
7.913	18.094	42.696	0.64	1.4563	-0.61709	0
7.926	16.232	43.453	0.64	1.48212	-0.55359	0
7.98	14.338	44.129	0.641	1.50518	-0.48901	0
7.942	12.417	44.722	0.641	1.52542	-0.42348	0
7.951	10.471	45.232	0.642	1.5428	-0.35711	0
7.993	8.505	45.656	0.642	1.55726	-0.29005	0
8.051	6.521	45.995	0.642	1.56884	-0.22239	0
8.027	4.523	46.248	0.643	1.57748	-0.15426	0
8.014	2.516	46.415	0.643	1.58316	-0.08581	0
8.007	0.504	46.494	0.644	1.58587	-0.01719	0
8.002	-1.511	46.485	0.644	1.58557	0.05154	0
8.001	-3.525	46.39	0.644	1.58232	0.12021	0
8.006	-5.533	46.208	0.645	1.5761	0.1887	0
8.005	-7.531	45.939	0.645	1.56692	0.25684	0
7.941	-9.517	45.583	0.645	1.55479	0.32458	0
7.896	-11.486	45.141	0.646	1.53969	0.39173	0
7.885	-13.435	44.614	0.646	1.52172	0.4582	0
7.922	-15.359	44.004	0.647	1.5009	0.52382	0
7.836	-17.256	43.31	0.647	1.47723	0.58852	0
7.826	-19.122	42.533	0.647	1.45074	0.65215	0
7.821	-20.953	41.678	0.648	1.42155	0.7146	0
7.783	-22.745	40.743	0.648	1.38968	0.77572	0
7.798	-24.496	39.732	0.649	1.35516	0.83545	0
7.774	-26.202	38.645	0.649	1.31808	0.89364	0
7.772	-27.859	37.484	0.649	1.27848	0.95017	0
7.765	-29.465	36.253	0.65	1.23649	1.00495	0
7.726	-31.017	34.953	0.65	1.19214	1.0579	0
7.742	-32.512	33.586	0.65	1.14553	1.10889	0
7.777	-33.947	32.156	0.651	1.09673	1.15783	0
7.721	-35.317	30.664	0.651	1.04585	1.20458	0
7.72	-36.624	29.114	0.652	0.99298	1.24914	0
7.756	-37.862	27.508	0.652	0.9382	1.29138	0
7.732	-39.03	25.85	0.652	0.88164	1.33122	0
7.777	-40.125	24.142	0.653	0.82338	1.36858	0
7.732	-41.144	22.388	0.653	0.76356	1.40335	0
7.784	-42.088	20.591	0.654	0.70225	1.43555	0
7.74	-42.954	18.753	0.654	0.63959	1.46508	0
7.783	-43.739	16.88	0.654	0.5757	1.49186	0
7.782	-44.442	14.975	0.655	0.51071	1.51586	0
7.771	-45.062	13.039	0.655	0.44469	1.53699	0
7.808	-45.598	11.078	0.655	0.3778	1.55528	0
7.863	-46.049	9.094	0.656	0.31017	1.57066	0
7.835	-46.413	7.094	0.656	0.24194	1.5831	0
7.824	-46.691	5.078	0.657	0.17318	1.59257	0
7.822	-46.88	3.051	0.657	0.10406	1.59903	0
7.821	-46.982	1.018	0.657	0.03471	1.60251	0
7.816	-46.996	-1.018	0.658	-0.03472	1.60299	0
7.807	-46.922	-3.054	0.658	-0.10416	1.60046	0
7.797	-46.758	-5.085	0.659	-0.17343	1.59488	0
7.792	-46.508	-7.108	0.659	-0.24243	1.58634	0
7.802	-46.17	-9.118	0.659	-0.31098	1.57481	0
7.767	-45.745	-11.113	0.66	-0.37902	1.56032	0
7.71	-45.234	-13.089	0.66	-0.44639	1.54289	0
7.695	-44.637	-15.04	0.66	-0.51295	1.52252	0
7.723	-43.957	-16.964	0.661	-0.57857	1.49931	0
7.649	-43.194	-18.858	0.661	-0.64317	1.47327	0
7.656	-42.349	-20.718	0.662	-0.7066	1.44444	0
7.627	-41.424	-22.54	0.662	-0.76874	1.41288	0
7.628	-40.42	-24.319	0.662	-0.82943	1.37864	0
7.614	-39.34	-26.055	0.663	-0.88864	1.3418	0
7.623	-38.186	-27.743	0.663	-0.94622	1.30242	0
7.575	-36.959	-29.38	0.664	-1.00206	1.26057	0
7.581	-35.662	-30.963	0.664	-1.05605	1.21632	0
7.585	-34.297	-32.487	0.664	-1.10804	1.16976	0
7.585	-32.867	-33.953	0.665	-1.15803	1.12099	0
7.557	-31.374	-35.355	0.665	-1.20587	1.07008	0
7.568	-29.822	-36.692	0.666	-1.25147	1.01713	0
7.599	-28.214	-37.961	0.666	-1.29474	0.96226	0
7.548	-26.55	-39.158	0.666	-1.33559	0.90551	0
7.57	-24.836	-40.283	0.667	-1.37398	0.84705	0
7.551	-23.074	-41.334	0.667	-1.40981	0.78696	0
7.578	-21.269	-42.307	0.667	-1.443	0.72538	0
7.56	-19.422	-43.201	0.668	-1.47352	0.66238	0
7.624	-17.537	-44.014	0.668	-1.50125	0.59809	0
7.58	-15.618	-44.746	0.669	-1.52621	0.53265	0
7.594	-13.67	-45.393	0.669	-1.54831	0.4662	0
7.655	-11.694	-45.957	0.669	-1.56753	0.39881	0
7.631	-9.694	-46.433	0.67	-1.58377	0.33063	0
7.621	-7.676	-46.823	0.67	-1.59709	0.26179	0
7.627	-5.643	-47.125	0.671	-1.6074	0.19244	0
7.637	-3.597	-47.34	0.671	-1.61471	0.12267	0
7.644	-1.543	-47.465	0.671	-1.61899	0.05263	0
7.642	0.515	-47.5	0.672	-1.62019	-0.01756	0
7.629	2.572	-47.447	0.672	-1.61839	-0.08772	0
7.607	4.627	-47.305	0.673	-1.61354	-0.15779	0
7.584	6.674	-47.074	0.673	-1.60566	-0.2276	0
7.568	8.709	-46.755	0.673	-1.59476	-0.29703	0
7.569	10.729	-46.346	0.674	-1.58083	-0.36591	0
7.56	12.73	-45.852	0.674	-1.56394	-0.43417	0
7.499	14.709	-45.27	0.674	-1.54411	-0.50166	0
7.486	16.662	-44.604	0.675	-1.52137	-0.56825	0
7.497	18.584	-43.853	0.675	-1.49575	-0.6338	0
7.444	20.471	-43.019	0.676	-1.4673	-0.69817	0
7.473	22.322	-42.104	0.676	-1.43608	-0.76131	0
7.426	24.132	-41.109	0.676	-1.40216	-0.82305	0
7.459	25.898	-40.037	0.677	-1.36557	-0.88328	0
7.401	27.616	-38.889	0.677	-1.32642	-0.94187	0
7.403	29.283	-37.667	0.678	-1.28471	-0.99872	0
7.393	30.896	-36.373	0.678	-1.2406	-1.05376	0
7.381	32.452	-35.011	0.678	-1.19412	-1.10684	0
7.404	33.948	-33.583	0.679	-1.1454	-1.15786	0
7.389	35.381	-32.09	0.679	-1.09447	-1.20676	0
7.364	36.748	-30.535	0.68	-1.04145	-1.25339	0
7.388	38.048	-28.923	0.68	-0.98645	-1.29772	0
7.353	39.276	-27.256	0.68	-0.9296	-1.33962	0
7.367	40.432	-25.536	0.681	-0.87094	-1.37905	0
7.367	41.512	-23.767	0.681	-0.8106	-1.41588	0
7.374	42.515	-21.953	0.682	-0.74872	-1.4501	0
7.37	43.438	-20.097	0.682	-0.68542	-1.48161	0
7.391	44.281	-18.202	0.682	-0.62077	-1.51036	0
7.366	45.041	-16.271	0.683	-0.55492	-1.5363	0
7.4	45.716	-14.308	0.683	-0.48798	-1.55933	0
7.412	46.306	-12.319	0.683	-0.42013	-1.57947	0
7.397	46.81	-10.304	0.684	-0.35141	-1.59666	0
7.406	47.227	-8.269	0.684	-0.282	-1.61086	0
7.429	47.554	-6.217	0.685	-0.21202	-1.62204	0
7.455	47.792	-4.153	0.685	-0.14163	-1.63015	0
7.474	47.941	-2.079	0.685	-0.0709	-1.63523	0
7.479	48	0	0.686	0	-1.63725	0
7.17	47.971	1.997	0.686	0.06811	-1.63627	0
7.144	47.86	3.992	0.687	0.13615	-1.63246	0
7.11	47.666	5.981	0.687	0.20398	-1.62586	0
7.076	47.389	7.961	0.687	0.2715	-1.6164	0
7.048	47.029	9.929	0.688	0.33861	-1.60413	0
7.037	46.588	11.88	0.688	0.40515	-1.58908	0
7.051	46.067	13.811	0.689	0.47103	-1.5713	0
6.995	45.465	15.72	0.689	0.53612	-1.55076	0
6.971	44.784	17.602	0.689	0.60032	-1.52752	0
6.995	44.025	19.455	0.69	0.66352	-1.50163	0
6.937	43.19	21.276	0.69	0.72562	-1.47315	0
6.946	42.279	23.06	0.69	0.78648	-1.44207	0
6.917	41.294	24.805	0.691	0.84601	-1.40848	0
6.932	40.238	26.509	0.691	0.90411	-1.37243	0
6.912	39.111	28.168	0.692	0.96072	-1.33399	0
6.932	37.916	29.779	0.692	1.01565	-1.29321	0
6.893	36.654	31.339	0.692	1.06886	-1.25018	0
6.884	35.328	32.845	0.693	1.12025	-1.20495	0
6.913	33.941	34.296	0.693	1.16974	-1.15764	0
6.89	32.494	35.688	0.693	1.21722	-1.10827	0
6.864	30.99	37.019	0.694	1.26262	-1.05696	0
6.88	29.431	38.286	0.694	1.30585	-1.00379	0
6.874	27.821	39.489	0.695	1.34687	-0.94887	0
6.868	26.161	40.623	0.695	1.38557	-0.89224	0
6.869	24.455	41.687	0.695	1.42188	-0.83406	0
6.852	22.706	42.68	0.696	1.45574	-0.7744	0
6.86	20.917	43.6	0.696	1.48714	-0.71338	0
6.862	19.09	44.445	0.696	1.51594	-0.65108	0
6.853	17.23	45.212	0.697	1.54213	-0.58762	0
6.894	15.338	45.902	0.697	1.56567	-0.52311	0
6.878	13.419	46.514	0.698	1.58654	-0.45767	0
6.875	11.476	47.044	0.698	1.60464	-0.39139	0
6.894	9.512	47.494	0.698	1.61998	-0.3244	0
6.928	7.529	47.861	0.699	1.63252	-0.25678	0
6.937	5.533	48.147	0.699	1.64226	-0.18871	0
6.927	3.527	48.349	0.7	1.64914	-0.12028	0
6.92	1.513	48.466	0.7	1.65316	-0.0516	0
6.914	-0.505	48.5	0.7	1.65432	0.01721	0
6.906	-2.522	48.451	0.701	1.65265	0.08602	0
6.9	-4.537	48.317	0.701	1.64808	0.15472	0
6.897	-6.544	48.1	0.701	1.64065	0.22319	0
6.866	-8.542	47.799	0.702	1.63038	0.29132	0
6.823	-10.527	47.416	0.702	1.61731	0.35901	0
6.796	-12.493	46.949	0.703	1.60139	0.42608	0
6.793	-14.439	46.401	0.703	1.5827	0.49245	0
6.783	-16.361	45.773	0.703	1.56126	0.558	0
6.745	-18.256	45.066	0.704	1.53713	0.62263	0
6.757	-20.12	44.279	0.704	1.51029	0.68621	0
6.731	-21.951	43.415	0.705	1.48083	0.74864	0
6.723	-23.744	42.476	0.705	1.44878	0.80981	0
6.707	-25.497	41.463	0.705	1.41421	0.8696	0
6.704	-27.208	40.377	0.706	1.37719	0.92797	0
6.686	-28.872	39.221	0.706	1.33774	0.98472	0
6.714	-30.487	37.996	0.706	1.29596	1.03979	0
6.696	-32.049	36.705	0.707	1.25191	1.09309	0
6.679	-33.558	35.35	0.707	1.2057	1.14456	0
6.684	-35.009	33.933	0.708	1.15735	1.19405	0
6.674	-36.4	32.456	0.708	1.10697	1.24149	0
6.666	-37.728	30.922	0.708	1.05464	1.28681	0
6.646	-38.993	29.334	0.709	1.00049	1.32996	0
6.667	-40.19	27.694	0.709	0.94455	1.3708	0
6.649	-41.319	26.005	0.71	0.88692	1.4093	0
6.649	-42.376	24.27	0.71	0.82775	1.44537	0
6.631	-43.361	22.493	0.71	0.76713	1.47899	0
6.645	-44.271	20.675	0.711	0.70513	1.51003	0
6.624	-45.105	18.821	0.711	0.64188	1.53847	0
6.654	-45.861	16.933	0.711	0.57749	1.56426	0
6.641	-46.539	15.015	0.712	0.51207	1.5874	0
6.638	-47.136	13.069	0.712	0.44573	1.60776	0
6.663	-47.651	11.1	0.713	0.37857	1.62534	0
6.692	-48.085	9.11	0.713	0.3107	1.64013	0
6.681	-48.436	7.104	0.713	0.24228	1.65211	0
6.677	-48.702	5.084	0.714	0.1734	1.66121	0
6.675	-48.885	3.055	0.714	0.10419	1.66743	0
6.673	-48.982	1.019	0.715	0.03476	1.67076	0
6.667	-48.996	-1.019	0.715	-0.03477	1.67124	0
6.656	-48.925	-3.057	0.715	-0.10427	1.66879	0
6.644	-48.768	-5.091	0.716	-0.17364	1.66345	0
6.633	-48.527	-7.117	0.716	-0.24274	1.65522	0
6.628	-48.203	-9.132	0.716	-0.31146	1.64416	0
6.603	-47.793	-11.133	0.717	-0.3797	1.6302	0
6.561	-47.301	-13.115	0.717	-0.44729	1.61341	0
6.543	-46.727	-15.075	0.718	-0.51415	1.59382	0
6.554	-46.073	-17.011	0.718	-0.58016	1.5715	0
6.511	-45.337	-18.918	0.718	-0.64519	1.54641	0
6.506	-44.523	-20.793	0.719	-0.70914	1.51862	0
6.5	-43.631	-22.633	0.719	-0.7719	1.48819	0
6.487	-42.664	-24.435	0.72	-0.83337	1.4552	0
6.492	-41.622	-26.195	0.72	-0.89342	1.41964	0
6.488	-40.506	-27.912	0.72	-0.95198	1.38159	0
6.471	-39.321	-29.581	0.721	-1.00889	1.34114	0
6.482	-38.067	-31.2	0.721	-1.06411	1.29837	0
6.458	-36.746	-32.765	0.722	-1.1175	1.25331	0
6.464	-35.361	-34.274	0.722	-1.16898	1.20605	0
6.472	-33.913	-35.725	0.722	-1.21847	1.15668	0
6.444	-32.407	-37.115	0.723	-1.26589	1.1053	0
6.438	-30.843	-38.441	0.723	-1.31113	1.05196	0
6.435	-29.225	-39.701	0.723	-1.35412	0.99677	0
6.419	-27.556	-40.893	0.724	-1.39478	0.93982	0
6.444	-25.838	-42.016	0.724	-1.4331	0.88121	0
6.411	-24.074	-43.066	0.725	-1.46892	0.82106	0
6.431	-22.267	-44.042	0.725	-1.5022	0.75944	0
6.398	-20.422	-44.942	0.725	-1.53291	0.69649	0
6.414	-18.539	-45.764	0.726	-1.56097	0.63229	0
6.406	-16.624	-46.509	0.726	-1.58638	0.56698	0
6.401	-14.679	-47.173	0.727	-1.60902	0.50063	0
6.426	-12.708	-47.755	0.727	-1.62889	0.43339	0
6.437	-10.713	-48.255	0.727	-1.64595	0.36536	0
6.431	-8.698	-48.673	0.728	-1.6602	0.29664	0
6.434	-6.668	-49.005	0.728	-1.67155	0.2274	0
6.441	-4.625	-49.253	0.729	-1.68001	0.15772	0
6.446	-2.572	-49.416	0.729	-1.68556	0.08773	0
6.445	-0.515	-49.494	0.729	-1.68823	0.01756	0
6.438	1.545	-49.486	0.73	-1.68794	-0.05268	0
6.424	3.603	-49.392	0.73	-1.68473	-0.12287	0
6.406	5.656	-49.212	0.73	-1.6786	-0.19289	0
6.387	7.7	-48.948	0.731	-1.66959	-0.26261	0
6.372	9.733	-48.598	0.731	-1.65765	-0.33194	0
6.367	11.749	-48.164	0.732	-1.64283	-0.4007	0
6.335	13.746	-47.646	0.732	-1.62516	-0.46881	0
6.305	15.72	-47.046	0.732	-1.6047	-0.53615	0
6.304	17.668	-46.364	0.733	-1.58141	-0.60258	0
6.286	19.587	-45.6	0.733	-1.55538	-0.66801	0
6.268	21.472	-44.758	0.734	-1.52663	-0.73232	0
6.276	23.322	-43.838	0.734	-1.49526	-0.79541	0
6.252	25.132	-42.842	0.734	-1.46125	-0.85715	0
6.261	26.899	-41.77	0.735	-1.4247	-0.91743	0
6.248	28.622	-40.625	0.735	-1.38564	-0.97618	0
6.25	30.295	-39.41	0.736	-1.3442	-1.03327	0
6.266	31.917	-38.126	0.736	-1.30039	-1.08858	0
6.237	33.484	-36.775	0.736	-1.2543	-1.14203	0
6.229	34.994	-35.36	0.737	-1.20602	-1.19353	0
6.24	36.445	-33.883	0.737	-1.15564	-1.24302	0
6.234	37.832	-32.346	0.738	-1.10322	-1.29036	0
6.206	39.155	-30.752	0.738	-1.04886	-1.3355	0
6.204	40.411	-29.105	0.738	-0.99265	-1.37834	0
6.197	41.599	-27.406	0.739	-0.9347	-1.41886	0
6.186	42.714	-25.658	0.739	-0.87509	-1.4569	0
6.193	43.756	-23.865	0.739	-0.81395	-1.49244	0
6.177	44.722	-22.03	0.74	-0.75136	-1.52542	0
6.178	45.613	-20.157	0.74	-0.68745	-1.5558	0
6.176	46.424	-18.247	0.741	-0.62231	-1.58347	0
6.167	47.155	-16.304	0.741	-0.55605	-1.60841	0
6.188	47.805	-14.332	0.741	-0.4888	-1.63059	0
6.191	48.373	-12.335	0.742	-0.42067	-1.64998	0
6.188	48.857	-10.315	0.742	-0.35177	-1.66649	0
6.198	49.257	-8.275	0.743	-0.2822	-1.68013	0
6.212	49.571	-6.22	0.743	-0.21214	-1.69086	0
6.227	49.801	-4.154	0.743	-0.14167	-1.6987	0
6.236	49.944	-2.079	0.744	-0.07091	-1.70356	0
6.236	50	0	0.744	0	-1.70548	0
5.988	49.973	2.001	0.745	0.06824	-1.70456	0
5.97	49.865	4	0.745	0.13641	-1.70087	0
5.947	49.678	5.993	0.745	0.2044	-1.69449	0
5.921	49.411	7.978	0.746	0.27209	-1.68539	0
5.898	49.065	9.951	0.746	0.33938	-1.67358	0
5.882	48.639	11.909	0.746	0.40616	-1.65906	0
5.878	48.136	13.849	0.747	0.47233	-1.6419	0
5.848	47.556	15.768	0.747	0.53778	-1.6221	0
5.827	46.899	17.663	0.748	0.6024	-1.59969	0
5.833	46.166	19.53	0.748	0.66607	-1.57467	0
5.808	45.359	21.367	0.748	0.72873	-1.54716	0
5.806	44.48	23.171	0.749	0.79025	-1.51714	0
5.799	43.528	24.938	0.749	0.85053	-1.48469	0
5.798	42.506	26.666	0.75	0.90947	-1.4498	0
5.796	41.416	28.353	0.75	0.967	-1.41261	0
5.81	40.259	29.995	0.75	1.02301	-1.37314	0
5.789	39.036	31.59	0.751	1.07742	-1.33144	0
5.791	37.75	33.134	0.751	1.1301	-1.28757	0
5.786	36.404	34.627	0.751	1.18102	-1.24164	0
5.786	34.998	36.065	0.752	1.23008	-1.19369	0
5.772	33.536	37.446	0.752	1.27719	-1.14381	0
5.772	32.019	38.767	0.753	1.32226	-1.09205	0
5.771	30.45	40.027	0.753	1.36525	-1.03853	0
5.741	28.831	41.224	0.753	1.40608	-0.98333	0
5.74	27.165	42.355	0.754	1.44465	-0.9265	0
5.728	25.456	43.419	0.754	1.48096	-0.86819	0
5.727	23.704	44.414	0.754	1.51491	-0.80845	0
5.717	21.914	45.339	0.755	1.54645	-0.74738	0
5.727	20.087	46.19	0.755	1.5755	-0.68508	0
5.708	18.228	46.969	0.756	1.60207	-0.62166	0
5.717	16.338	47.673	0.756	1.62609	-0.55721	0
5.724	14.421	48.301	0.756	1.64752	-0.49184	0
5.719	12.48	48.851	0.757	1.66628	-0.42563	0
5.728	10.518	49.324	0.757	1.68242	-0.35873	0
5.745	8.539	49.718	0.758	1.69587	-0.29121	0
5.763	6.544	50.033	0.758	1.7066	-0.22319	0
5.758	4.538	50.267	0.758	1.71458	-0.15478	0
5.754	2.524	50.421	0.759	1.71984	-0.08609	0
5.749	0.505	50.494	0.759	1.72235	-0.01722	0
5.743	-1.516	50.487	0.759	1.72211	0.0517	0
5.735	-3.536	50.398	0.76	1.71907	0.12058	0
5.727	-5.551	50.229	0.76	1.7133	0.1893	0
5.718	-7.558	49.98	0.761	1.70479	0.25776	0
5.686	-9.554	49.65	0.761	1.69355	0.32583	0
5.658	-11.535	49.24	0.761	1.67955	0.39342	0
5.641	-13.5	48.751	0.762	1.66288	0.46041	0
5.636	-15.443	48.185	0.762	1.64354	0.5267	0
5.612	-17.363	47.539	0.763	1.62153	0.59217	0
5.597	-19.256	46.819	0.763	1.59694	0.65674	0
5.607	-21.119	46.023	0.763	1.56978	0.72029	0
5.582	-22.95	45.152	0.764	1.54009	0.78272	0
5.592	-24.744	44.208	0.764	1.50789	0.84391	0
5.579	-26.499	43.194	0.764	1.47328	0.90379	0
5.595	-28.214	42.11	0.765	1.4363	0.96226	0
5.582	-29.884	40.958	0.765	1.397	1.01922	0
5.583	-31.506	39.739	0.766	1.35541	1.07456	0
5.575	-33.079	38.457	0.766	1.31166	1.12822	0
5.569	-34.6	37.112	0.766	1.26579	1.1801	0
5.58	-36.066	35.707	0.767	1.21786	1.23013	0
5.566	-37.475	34.243	0.767	1.16794	1.27818	0
5.549	-38.825	32.725	0.768	1.11614	1.32423	0
5.552	-40.113	31.153	0.768	1.06253	1.36819	0
5.534	-41.338	29.531	0.768	1.0072	1.40997	0
5.532	-42.497	27.86	0.769	0.9502	1.44949	0
5.522	-43.589	26.144	0.769	0.89167	1.48674	0
5.508	-44.611	24.385	0.769	0.83169	1.52163	0
5.501	-45.563	22.587	0.77	0.77034	1.55409	0
5.496	-46.441	20.751	0.77	0.70771	1.58405	0
5.487	-47.246	18.881	0.771	0.64394	1.61152	0
5.504	-47.976	16.98	0.771	0.5791	1.63642	0
5.494	-48.628	15.05	0.771	0.51329	1.65868	0
5.497	-49.204	13.096	0.772	0.44663	1.67833	0
5.513	-49.701	11.12	0.772	0.37923	1.69529	0
5.529	-50.119	9.124	0.773	0.31119	1.70955	0
5.526	-50.456	7.114	0.773	0.24261	1.72104	0
5.526	-50.713	5.09	0.773	0.17361	1.72982	0
5.525	-50.889	3.058	0.774	0.1043	1.73582	0
5.522	-50.984	1.02	0.774	0.03478	1.73905	0
5.517	-50.996	-1.02	0.774	-0.03479	1.73946	0
5.508	-50.927	-3.06	0.775	-0.10437	1.73712	0
5.497	-50.777	-5.097	0.775	-0.17383	1.73199	0
5.486	-50.545	-7.126	0.776	-0.24304	1.72408	0
5.475	-50.231	-9.145	0.776	-0.31188	1.71338	0
5.457	-49.838	-11.15	0.776	-0.38027	1.69995	0
5.427	-49.364	-13.139	0.777	-0.44809	1.6838	0
5.41	-48.812	-15.107	0.777	-0.51522	1.66494	0
5.407	-48.179	-17.052	0.778	-0.58156	1.64337	0
5.386	-47.471	-18.971	0.778	-0.647	1.61919	0
5.378	-46.686	-20.86	0.778	-0.71144	1.5924	0
5.382	-45.824	-22.717	0.779	-0.77476	1.56302	0
5.369	-44.89	-24.538	0.779	-0.83689	1.53115	0
5.382	-43.884	-26.321	0.78	-0.89771	1.49681	0
5.374	-42.806	-28.063	0.78	-0.95712	1.46005	0
5.376	-41.659	-29.76	0.78	-1.01501	1.42091	0
5.371	-40.445	-31.411	0.781	-1.07132	1.3795	0
5.363	-39.166	-33.012	0.781	-1.12595	1.33586	0
5.37	-37.823	-34.562	0.781	-1.1788	1.29006	0
5.37	-36.419	-36.056	0.782	-1.22977	1.24215	0
5.352	-34.956	-37.494	0.782	-1.27881	1.19225	0
5.345	-33.436	-38.872	0.783	-1.32583	1.14041	0
5.35	-31.862	-40.189	0.783	-1.37076	1.08672	0
5.332	-30.236	-41.441	0.783	-1.41348	1.03124	0
5.318	-28.561	-42.629	0.784	-1.45399	0.97411	0
5.312	-26.839	-43.748	0.784	-1.49218	0.91539	0
5.295	-25.074	-44.798	0.785	-1.52801	0.85517	0
5.295	-23.267	-45.776	0.785	-1.56138	0.79353	0
5.282	-21.422	-46.682	0.785	-1.59229	0.73062	0
5.28	-19.542	-47.514	0.786	-1.62067	0.6665	0
5.286	-17.63	-48.27	0.786	-1.64646	0.60128	0
5.281	-15.688	-48.948	0.787	-1.6696	0.53505	0
5.29	-13.721	-49.549	0.787	-1.69011	0.46795	0
5.307	-11.73	-50.071	0.787	-1.70792	0.40006	0
5.306	-9.72	-50.512	0.788	-1.72296	0.33149	0
5.308	-7.693	-50.874	0.788	-1.73529	0.26237	0
5.312	-5.653	-51.154	0.788	-1.74484	0.19279	0
5.315	-3.603	-51.352	0.789	-1.75161	0.12286	0
5.314	-1.545	-51.467	0.789	-1.75553	0.05271	0
5.31	0.515	-51.5	0.79	-1.75668	-0.01757	0
5.301	2.576	-51.452	0.79	-1.75501	-0.08785	0
5.289	4.633	-51.32	0.79	-1.75053	-0.15802	0
5.274	6.685	-51.106	0.791	-1.74321	-0.22798	0
5.258	8.726	-50.81	0.791	-1.73312	-0.29761	0
5.245	10.755	-50.433	0.792	-1.72026	-0.36679	0
5.236	12.767	-49.975	0.792	-1.70463	-0.43543	0
5.207	14.76	-49.436	0.792	-1.68623	-0.50339	0
5.191	16.73	-48.818	0.793	-1.66515	-0.57059	0
5.19	18.675	-48.121	0.793	-1.64139	-0.63691	0
5.172	20.59	-47.348	0.794	-1.61499	-0.70224	0
5.171	22.473	-46.497	0.794	-1.58596	-0.76647	0
5.169	24.322	-45.572	0.794	-1.5544	-0.82952	0
5.17	26.132	-44.573	0.795	-1.52034	-0.89127	0
5.171	27.902	-43.503	0.795	-1.48382	-0.95162	0
5.171	29.627	-42.362	0.796	-1.44489	-1.01046	0
5.163	31.306	-41.153	0.796	-1.40364	-1.06774	0
5.17	32.936	-39.877	0.796	-1.36013	-1.12333	0
5.163	34.513	-38.537	0.797	-1.31439	-1.17713	0
5.164	36.036	-37.134	0.797	-1.26655	-1.22909	0
5.156	37.502	-35.672	0.797	-1.21666	-1.27911	0
5.15	38.909	-34.151	0.798	-1.1648	-1.3271	0
5.143	40.254	-32.575	0.798	-1.11102	-1.37297	0
5.129	41.535	-30.946	0.799	-1.05546	-1.41669	0
5.117	42.751	-29.267	0.799	-0.99818	-1.45816	0
5.117	43.899	-27.54	0.799	-0.93927	-1.49732	0
5.098	44.976	-25.767	0.8	-0.87882	-1.53406	0
5.102	45.982	-23.953	0.8	-0.81694	-1.5684	0
5.082	46.915	-22.1	0.801	-0.75373	-1.60024	0
5.083	47.774	-20.21	0.801	-0.68927	-1.62954	0
5.077	48.556	-18.287	0.801	-0.62367	-1.6562	0
5.076	49.261	-16.333	0.802	-0.55705	-1.68026	0
5.09	49.887	-14.353	0.802	-0.48951	-1.70164	0
5.092	50.434	-12.349	0.803	-0.42115	-1.7203	0
5.095	50.9	-10.323	0.803	-0.35207	-1.73618	0
5.102	51.285	-8.281	0.803	-0.28241	-1.74932	0
5.111	51.588	-6.224	0.804	-0.21226	-1.75966	0
5.118	51.809	-4.156	0.804	-0.14173	-1.76719	0
5.122	51.945	-2.08	0.805	-0.07094	-1.77186	0
5.12	52	0	0.805	0	-1.77372	0
4.925	51.973	2.005	0.805	0.06837	-1.77281	0
4.913	51.87	4.007	0.806	0.13665	-1.7693	0
4.898	51.689	6.004	0.806	0.20478	-1.76313	0
4.881	51.432	7.993	0.806	0.27261	-1.75433	0
4.863	51.097	9.972	0.807	0.3401	-1.74291	0
4.848	50.687	11.937	0.807	0.40712	-1.72894	0
4.839	50.201	13.884	0.808	0.47353	-1.71235	0
4.82	49.64	15.813	0.808	0.53929	-1.69321	0
4.803	49.006	17.718	0.808	0.60426	-1.67155	0
4.799	48.298	19.598	0.809	0.6684	-1.64742	0
4.789	47.518	21.449	0.809	0.73154	-1.62081	0
4.784	46.667	23.27	0.81	0.79365	-1.59176	0
4.787	45.747	25.058	0.81	0.85463	-1.56037	0
4.783	44.758	26.808	0.81	0.91432	-1.52662	0
4.789	43.701	28.52	0.811	0.97271	-1.49058	0
4.79	42.58	30.189	0.811	1.02965	-1.45232	0
4.79	41.395	31.816	0.811	1.08514	-1.41189	0
4.791	40.147	33.396	0.812	1.13902	-1.36932	0
4.781	38.839	34.926	0.812	1.19121	-1.32472	0
4.782	37.473	36.405	0.813	1.24168	-1.2781	0
4.786	36.051	37.831	0.813	1.29033	-1.22961	0
4.768	34.574	39.202	0.813	1.33708	-1.17923	0
4.762	33.045	40.514	0.814	1.38187	-1.12707	0
4.758	31.467	41.767	0.814	1.4246	-1.07323	0
4.746	29.841	42.96	0.814	1.46528	-1.01777	0
4.744	28.17	44.088	0.815	1.50376	-0.96078	0
4.723	26.456	45.151	0.815	1.54004	-0.90231	0
4.721	24.703	46.148	0.816	1.57407	-0.84252	0
4.704	22.911	47.077	0.816	1.60575	-0.7814	0
4.708	21.084	47.936	0.816	1.63506	-0.71909	0
4.698	19.226	48.724	0.817	1.66194	-0.65572	0
4.7	17.338	49.441	0.817	1.68641	-0.59132	0
4.711	15.424	50.084	0.818	1.70834	-0.52604	0
4.709	13.485	50.653	0.818	1.72775	-0.45991	0
4.714	11.525	51.147	0.818	1.7446	-0.39307	0
4.723	9.549	51.565	0.819	1.75889	-0.32566	0
4.735	7.556	51.907	0.819	1.77055	-0.25769	0
4.738	5.552	52.171	0.819	1.77957	-0.18933	0
4.735	3.537	52.36	0.82	1.786	-0.12064	0
4.732	1.517	52.469	0.82	1.78973	-0.05173	0
4.728	-0.506	52.501	0.821	1.7908	0.01725	0
4.722	-2.53	52.454	0.821	1.78922	0.08627	0
4.715	-4.55	52.331	0.821	1.785	0.15517	0
4.707	-6.565	52.128	0.822	1.7781	0.2239	0
4.692	-8.571	51.848	0.822	1.76855	0.29232	0
4.672	-10.565	51.491	0.823	1.75637	0.36032	0
4.654	-12.545	51.058	0.823	1.7416	0.42784	0
4.642	-14.506	50.549	0.823	1.72421	0.49473	0
4.635	-16.447	49.963	0.824	1.70424	0.56094	0
4.617	-18.364	49.304	0.824	1.68173	0.62632	0
4.611	-20.256	48.571	0.824	1.65674	0.69085	0
4.609	-22.118	47.765	0.825	1.62924	0.75436	0
4.603	-23.948	46.889	0.825	1.59932	0.81675	0
4.61	-25.743	45.942	0.826	1.56703	0.87801	0
4.602	-27.501	44.926	0.826	1.53238	0.93794	0
4.608	-29.219	43.843	0.826	1.49541	0.99654	0
4.604	-30.894	42.694	0.827	1.45621	1.05368	0
4.606	-32.524	41.482	0.827	1.41487	1.10928	0
4.612	-34.106	40.207	0.828	1.37137	1.16326	0
4.602	-35.638	38.872	0.828	1.32582	1.21552	0
4.597	-37.118	37.478	0.828	1.27827	1.26601	0
4.599	-38.545	36.028	0.829	1.22882	1.31467	0
4.593	-39.913	34.524	0.829	1.17751	1.36136	0
4.578	-41.224	32.967	0.829	1.12442	1.40606	0
4.573	-42.474	31.362	0.83	1.06967	1.44871	0
4.566	-43.661	29.709	0.83	1.01326	1.48921	0
4.555	-44.783	28.011	0.831	0.95535	1.5275	0
4.548	-45.84	26.27	0.831	0.89596	1.56356	0
4.532	-46.83	24.49	0.831	0.83524	1.59733	0
4.528	-47.75	22.672	0.832	0.77325	1.62871	0
4.521	-48.599	20.82	0.832	0.71006	1.65769	0
4.518	-49.376	18.936	0.833	0.64582	1.68421	0
4.526	-50.082	17.023	0.833	0.58057	1.70828	0
4.524	-50.712	15.083	0.833	0.51442	1.72979	0
4.529	-51.268	13.121	0.834	0.4475	1.74873	0
4.539	-51.748	11.138	0.834	0.37987	1.76512	0
4.548	-52.15	9.138	0.834	0.31166	1.77886	0
4.548	-52.476	7.123	0.835	0.24293	1.78996	0
4.549	-52.723	5.096	0.835	0.1738	1.7984	0
4.548	-52.893	3.062	0.836	0.10442	1.80421	0
4.546	-52.984	1.021	0.836	0.03482	1.8073	0
4.541	-52.996	-1.021	0.836	-0.03483	1.80771	0
4.535	-52.929	-3.064	0.837	-0.10449	1.80544	0
4.527	-52.785	-5.102	0.837	-0.17401	1.80051	0
4.517	-52.561	-7.135	0.838	-0.24332	1.79287	0
4.508	-52.259	-9.157	0.838	-0.31231	1.78255	0
4.494	-51.879	-11.166	0.838	-0.38083	1.76959	0
4.475	-51.423	-13.161	0.839	-0.44885	1.75402	0
4.46	-50.889	-15.136	0.839	-0.51621	1.73581	0
4.452	-50.279	-17.09	0.84	-0.58285	1.715	0
4.439	-49.595	-19.02	0.84	-0.64868	1.69166	0
4.43	-48.836	-20.921	0.84	-0.71353	1.66578	0
4.433	-48.005	-22.793	0.841	-0.77738	1.6374	0
4.425	-47.101	-24.631	0.841	-0.84007	1.60659	0
4.433	-46.128	-26.435	0.841	-0.90159	1.57338	0
4.43	-45.085	-28.2	0.842	-0.96179	1.5378	0
4.44	-43.975	-29.923	0.842	-1.02055	1.49993	0
4.432	-42.799	-31.602	0.843	-1.07785	1.4598	0
4.432	-41.56	-33.236	0.843	-1.13358	1.41752	0
4.433	-40.257	-34.821	0.843	-1.18765	1.37307	0
4.429	-38.894	-36.354	0.844	-1.23995	1.32659	0
4.428	-37.473	-37.836	0.844	-1.29049	1.27811	0
4.424	-35.995	-39.261	0.845	-1.3391	1.22769	0
4.414	-34.463	-40.628	0.845	-1.38573	1.17544	0
4.41	-32.879	-41.935	0.845	-1.43034	1.1214	0
4.396	-31.247	-43.181	0.846	-1.47285	1.06572	0
4.391	-29.566	-44.364	0.846	-1.51319	1.00838	0
4.381	-27.84	-45.481	0.847	-1.55129	0.94952	0
4.372	-26.073	-46.53	0.847	-1.58709	0.88924	0
4.361	-24.266	-47.512	0.847	-1.62059	0.82761	0
4.355	-22.423	-48.422	0.848	-1.65166	0.76473	0
4.349	-20.544	-49.262	0.848	-1.6803	0.70066	0
4.354	-18.635	-50.029	0.848	-1.70648	0.63554	0
4.351	-16.697	-50.721	0.849	-1.7301	0.56945	0
4.355	-14.733	-51.339	0.849	-1.75117	0.50246	0
4.365	-12.747	-51.88	0.85	-1.76963	0.43473	0
4.369	-10.74	-52.346	0.85	-1.78551	0.36629	0
4.372	-8.717	-52.732	0.85	-1.79871	0.29731	0
4.375	-6.68	-53.041	0.851	-1.80925	0.22782	0
4.377	-4.632	-53.271	0.851	-1.81709	0.15796	0
4.377	-2.576	-53.423	0.852	-1.82228	0.08787	0
4.375	-0.515	-53.495	0.852	-1.82472	0.01758	0
4.371	1.546	-53.487	0.852	-1.82445	-0.05274	0
4.364	3.608	-53.399	0.853	-1.82147	-0.12304	0
4.355	5.665	-53.233	0.853	-1.81581	-0.19319	0
4.344	7.713	-52.988	0.854	-1.80742	-0.26305	0
4.333	9.752	-52.663	0.854	-1.79634	-0.33259	0
4.322	11.776	-52.261	0.854	-1.78261	-0.40164	0
4.308	13.785	-51.779	0.855	-1.7662	-0.47014	0
4.292	15.774	-51.221	0.855	-1.74715	-0.53798	0
4.281	17.74	-50.587	0.855	-1.7255	-0.60503	0
4.275	19.681	-49.877	0.856	-1.7013	-0.67124	0
4.264	21.593	-49.093	0.856	-1.67454	-0.73645	0
4.264	23.475	-48.235	0.857	-1.64526	-0.80062	0
4.26	25.322	-47.305	0.857	-1.61353	-0.86364	0
4.264	27.132	-46.305	0.857	-1.57943	-0.92538	0
4.263	28.904	-45.235	0.858	-1.54292	-0.9858	0
4.27	30.632	-44.098	0.858	-1.50412	-1.04474	0
4.268	32.317	-42.895	0.859	-1.46307	-1.10221	0
4.272	33.953	-41.627	0.859	-1.41983	-1.15803	0
4.268	35.54	-40.297	0.859	-1.37443	-1.21217	0
4.261	37.075	-38.906	0.86	-1.32698	-1.26454	0
4.259	38.556	-37.457	0.86	-1.27757	-1.31505	0
4.262	39.98	-35.951	0.861	-1.2262	-1.36363	0
4.249	41.345	-34.392	0.861	-1.17301	-1.41018	0
4.24	42.649	-32.78	0.861	-1.11803	-1.45468	0
4.235	43.891	-31.119	0.862	-1.06138	-1.49707	0
4.222	45.068	-29.412	0.862	-1.00313	-1.5372	0
4.217	46.178	-27.659	0.863	-0.94334	-1.57509	0
4.204	47.22	-25.865	0.863	-0.88216	-1.61064	0
4.201	48.194	-24.032	0.863	-0.81962	-1.64385	0
4.19	49.095	-22.161	0.864	-0.75582	-1.67461	0
4.192	49.924	-20.258	0.864	-0.6909	-1.70287	0
4.189	50.679	-18.323	0.865	-0.6249	-1.72867	0
4.191	51.359	-16.36	0.865	-0.55797	-1.75186	0
4.201	51.963	-14.372	0.865	-0.49014	-1.77247	0
4.203	52.49	-12.362	0.866	-0.42159	-1.79044	0
4.206	52.94	-10.332	0.866	-0.35236	-1.80581	0
4.211	53.311	-8.285	0.867	-0.28257	-1.81846	0
4.216	53.603	-6.227	0.867	-0.21236	-1.82841	0
4.219	53.815	-4.157	0.867	-0.14177	-1.83564	0
4.22	53.948	-2.081	0.868	-0.07097	-1.84019	0
4.219	54	0	0.868	0	-1.84197	0
4.04	53.975	1.996	0.868	0.06808	-1.84112	0
4.033	53.876	3.99	0.869	0.13606	-1.83775	0
4.023	53.703	5.979	0.869	0.20392	-1.83184	0
4.012	53.457	7.962	0.87	0.27153	-1.82345	0
4	53.139	9.933	0.87	0.33877	-1.81257	0
3.988	52.747	11.893	0.87	0.4056	-1.79921	0
3.979	52.282	13.837	0.871	0.47191	-1.78334	0
3.967	51.747	15.762	0.871	0.53757	-1.76508	0
3.953	51.14	17.668	0.871	0.60257	-1.74438	0
3.946	50.464	19.549	0.872	0.66674	-1.7213	0
3.94	49.717	21.405	0.872	0.73004	-1.69582	0
3.934	48.903	23.233	0.873	0.79239	-1.66804	0
3.938	48.022	25.029	0.873	0.85365	-1.63798	0
3.934	47.074	26.793	0.873	0.9138	-1.60566	0
3.941	46.061	28.52	0.874	0.97272	-1.5711	0
3.94	44.986	30.209	0.874	1.03032	-1.53442	0
3.946	43.849	31.858	0.875	1.08657	-1.49561	0
3.941	42.651	33.464	0.875	1.14136	-1.45475	0
3.94	41.395	35.025	0.875	1.19459	-1.41189	0
3.942	40.08	36.538	0.876	1.24621	-1.36705	0
3.939	38.711	38.003	0.876	1.29618	-1.32034	0
3.932	37.289	39.415	0.876	1.34437	-1.27183	0
3.929	35.815	40.776	0.877	1.39077	-1.22154	0
3.927	34.29	42.08	0.877	1.43527	-1.16954	0
3.915	32.72	43.327	0.878	1.47783	-1.11596	0
3.908	31.103	44.517	0.878	1.51841	-1.06081	0
3.9	29.444	45.646	0.878	1.55692	-1.00422	0
3.891	27.742	46.712	0.879	1.5933	-0.94618	0
3.886	26.003	47.716	0.879	1.62755	-0.88684	0
3.876	24.228	48.655	0.879	1.65958	-0.8263	0
3.871	22.418	49.528	0.88	1.68937	-0.76457	0
3.87	20.576	50.333	0.88	1.71683	-0.70176	0
3.868	18.707	51.07	0.881	1.74198	-0.63801	0
3.872	16.811	51.737	0.881	1.76477	-0.57333	0
3.876	14.89	52.335	0.881	1.78515	-0.50783	0
3.879	12.95	52.861	0.882	1.8031	-0.44165	0
3.883	10.989	53.314	0.882	1.81857	-0.37479	0
3.889	9.014	53.696	0.883	1.83159	-0.3074	0
3.895	7.025	54.004	0.883	1.8421	-0.2396	0
3.895	5.026	54.239	0.883	1.85011	-0.1714	0
3.894	3.018	54.398	0.884	1.85556	-0.10294	0
3.892	1.007	54.485	0.884	1.85851	-0.03435	0
3.888	-1.007	54.497	0.884	1.85892	0.03436	0
3.883	-3.02	54.434	0.885	1.85679	0.10301	0
3.878	-5.031	54.296	0.885	1.85208	0.17159	0
3.871	-7.036	54.085	0.886	1.84488	0.23996	0
3.86	-9.031	53.8	0.886	1.83515	0.308	0
3.847	-11.016	53.442	0.886	1.82291	0.37569	0
3.835	-12.986	53.009	0.887	1.80814	0.44288	0
3.826	-14.938	52.504	0.887	1.79093	0.50948	0
3.817	-16.872	51.928	0.887	1.77126	0.57543	0
3.805	-18.784	51.28	0.888	1.74915	0.64064	0
3.799	-20.67	50.562	0.888	1.72466	0.70496	0
3.795	-22.529	49.774	0.889	1.69776	0.76837	0
3.792	-24.359	48.918	0.889	1.66856	0.83077	0
3.797	-26.155	47.995	0.889	1.63708	0.89203	0
3.795	-27.917	47.006	0.89	1.60333	0.95214	0
3.8	-29.641	45.951	0.89	1.56735	1.01095	0
3.797	-31.325	44.835	0.891	1.52926	1.06839	0
3.799	-32.968	43.656	0.891	1.48905	1.12443	0
3.8	-34.566	42.418	0.891	1.4468	1.17893	0
3.799	-36.117	41.12	0.892	1.40251	1.23185	0
3.797	-37.62	39.766	0.892	1.35632	1.28313	0
3.793	-39.072	38.357	0.892	1.30827	1.33266	0
3.788	-40.472	36.895	0.893	1.25839	1.38041	0
3.785	-41.816	35.381	0.893	1.20675	1.42627	0
3.779	-43.104	33.82	0.894	1.15349	1.47021	0
3.774	-44.334	32.211	0.894	1.0986	1.51217	0
3.763	-45.504	30.557	0.894	1.04219	1.55209	0
3.754	-46.612	28.861	0.895	0.98435	1.58989	0
3.746	-47.657	27.124	0.895	0.92511	1.62553	0
3.738	-48.637	25.35	0.896	0.86459	1.65898	0
3.734	-49.551	23.541	0.896	0.80289	1.69017	0
3.732	-50.398	21.699	0.896	0.74005	1.71907	0
3.73	-51.176	19.825	0.897	0.67615	1.74561	0
3.735	-51.885	17.925	0.897	0.61134	1.7698	0
3.737	-52.523	15.999	0.897	0.54564	1.79158	0
3.74	-53.09	14.051	0.898	0.4792	1.81092	0
3.745	-53.584	12.082	0.898	0.41204	1.82777	0
3.752	-54.006	10.095	0.899	0.34429	1.84216	0
3.753	-54.353	8.095	0.899	0.27608	1.85403	0
3.755	-54.627	6.082	0.899	0.20743	1.86338	0
3.755	-54.826	4.06	0.9	0.13846	1.87015	0
3.754	-54.95	2.032	0.9	0.06931	1.8744	0
3.752	-55	0	0.901	0	1.87609	0
3.748	-54.974	-2.033	0.901	-0.06934	1.87522	0
3.742	-54.874	-4.063	0.901	-0.13858	1.87178	0
3.735	-54.697	-6.09	0.902	-0.20769	1.86575	0
3.728	-54.446	-8.109	0.902	-0.27655	1.8572	0
3.719	-54.122	-10.117	0.902	-0.34503	1.84612	0
3.708	-53.722	-12.113	0.903	-0.41311	1.83249	0
3.696	-53.249	-14.093	0.903	-0.48063	1.81633	0
3.686	-52.703	-16.054	0.904	-0.54751	1.79772	0
3.679	-52.085	-17.994	0.904	-0.6137	1.77663	0
3.668	-51.396	-19.91	0.904	-0.67906	1.75312	0
3.662	-50.635	-21.801	0.905	-0.74353	1.72716	0
3.66	-49.806	-23.662	0.905	-0.80702	1.69886	0
3.657	-48.908	-25.492	0.906	-0.86941	1.66824	0
3.66	-47.943	-27.288	0.906	-0.93068	1.63531	0
3.659	-46.911	-29.047	0.906	-0.99068	1.60011	0
3.663	-45.816	-30.766	0.907	-1.04934	1.56274	0
3.664	-44.658	-32.446	0.907	-1.10662	1.52322	0
3.666	-43.438	-34.081	0.907	-1.16241	1.48159	0
3.666	-42.158	-35.671	0.908	-1.21662	1.43794	0
3.661	-40.819	-37.212	0.908	-1.26919	1.39226	0
3.659	-39.425	-38.703	0.909	-1.32007	1.34468	0
3.66	-37.976	-40.142	0.909	-1.36915	1.29527	0
3.653	-36.475	-41.527	0.909	-1.41641	1.24405	0
3.646	-34.922	-42.855	0.91	-1.46172	1.19108	0
3.643	-33.322	-44.125	0.91	-1.50506	1.13652	0
3.634	-31.676	-45.337	0.911	-1.54638	1.08035	0
3.629	-29.986	-46.486	0.911	-1.58559	1.02271	0
3.619	-28.253	-47.572	0.911	-1.62264	0.9636	0
3.611	-26.481	-48.594	0.912	-1.65751	0.90317	0
3.604	-24.673	-49.55	0.912	-1.69012	0.8415	0
3.6	-22.83	-50.439	0.913	-1.72045	0.77864	0
3.598	-20.955	-51.258	0.913	-1.74841	0.71467	0
3.602	-19.051	-52.009	0.913	-1.77402	0.64974	0
3.602	-17.12	-52.689	0.914	-1.79722	0.58387	0
3.605	-15.164	-53.297	0.914	-1.81797	0.51717	0
3.611	-13.188	-53.832	0.914	-1.83624	0.44976	0
3.615	-11.191	-54.294	0.915	-1.85199	0.38168	0
3.617	-9.179	-54.682	0.915	-1.86524	0.31305	0
3.619	-7.154	-54.996	0.916	-1.87594	0.244	0
3.62	-5.118	-55.234	0.916	-1.88409	0.17455	0
3.621	-3.074	-55.397	0.916	-1.88963	0.10483	0
3.619	-1.026	-55.485	0.917	-1.89262	0.03498	0
3.616	1.026	-55.497	0.917	-1.89303	-0.03499	0
3.612	3.076	-55.433	0.918	-1.89086	-0.1049	0
3.605	5.123	-55.292	0.918	-1.88606	-0.17473	0
3.598	7.165	-55.077	0.918	-1.87871	-0.24436	0
3.59	9.197	-54.786	0.919	-1.8688	-0.31365	0
3.582	11.218	-54.421	0.919	-1.85633	-0.38257	0
3.573	13.224	-53.98	0.92	-1.84128	-0.451	0
3.561	15.212	-53.466	0.92	-1.82375	-0.51881	0
3.552	17.181	-52.879	0.92	-1.80371	-0.58597	0
3.545	19.128	-52.219	0.921	-1.78119	-0.65237	0
3.536	21.048	-51.488	0.921	-1.75625	-0.71787	0
3.532	22.941	-50.685	0.921	-1.72885	-0.78244	0
3.531	24.804	-49.813	0.922	-1.6991	-0.84597	0
3.53	26.633	-48.873	0.922	-1.66704	-0.90836	0
3.534	28.427	-47.866	0.923	-1.63267	-0.96955	0
3.535	30.183	-46.792	0.923	-1.59602	-1.02944	0
3.538	31.898	-45.655	0.923	-1.55723	-1.08793	0
3.538	33.571	-44.454	0.924	-1.51627	-1.14499	0
3.536	35.197	-43.193	0.924	-1.47325	-1.20048	0
3.537	36.777	-41.871	0.925	-1.42814	-1.25436	0
3.535	38.307	-40.492	0.925	-1.3811	-1.30657	0
3.532	39.786	-39.058	0.925	-1.33217	-1.357	0
3.528	41.211	-37.569	0.926	-1.28137	-1.40562	0
3.526	42.579	-36.027	0.926	-1.22878	-1.45231	0
3.52	43.891	-34.437	0.927	-1.17454	-1.49705	0
3.511	45.143	-32.798	0.927	-1.11865	-1.53978	0
3.505	46.334	-31.114	0.927	-1.0612	-1.58042	0
3.496	47.462	-29.388	0.928	-1.00231	-1.6189	0
3.49	48.526	-27.619	0.928	-0.94198	-1.65518	0
3.484	49.524	-25.812	0.928	-0.88036	-1.68924	0
3.48	50.454	-23.97	0.929	-0.81753	-1.72099	0
3.477	51.317	-22.094	0.929	-0.75353	-1.75041	0
3.478	52.109	-20.186	0.93	-0.68847	-1.77743	0
3.478	52.83	-18.252	0.93	-0.62248	-1.80205	0
3.482	53.48	-16.29	0.93	-0.55558	-1.82422	0
3.487	54.057	-14.307	0.931	-0.48793	-1.84391	0
3.489	54.559	-12.301	0.931	-0.41954	-1.86105	0
3.492	54.989	-10.279	0.932	-0.35056	-1.8757	0
3.495	55.343	-8.242	0.932	-0.2811	-1.88778	0
3.498	55.621	-6.193	0.932	-0.2112	-1.89729	0
3.499	55.823	-4.134	0.933	-0.14098	-1.90418	0
3.5	55.95	-2.069	0.933	-0.07057	-1.9085	0
3.498	56	0	0.934	0	-1.91021	0
3.375	55.975	1.999	0.934	0.06817	-1.90937	0
3.37	55.88	3.997	0.934	0.13631	-1.90613	0
3.364	55.713	5.989	0.935	0.20427	-1.90042	0
3.356	55.475	7.976	0.935	0.27203	-1.89228	0
3.348	55.166	9.953	0.935	0.33944	-1.88177	0
3.34	54.787	11.918	0.936	0.40648	-1.86881	0
3.332	54.338	13.869	0.936	0.47299	-1.8535	0
3.324	53.819	15.803	0.937	0.53896	-1.83579	0
3.314	53.231	17.717	0.937	0.60424	-1.81573	0
3.306	52.576	19.61	0.937	0.66882	-1.79337	0
3.301	51.853	21.478	0.938	0.73252	-1.7687	0
3.295	51.063	23.319	0.938	0.79532	-1.74176	0
3.295	50.209	25.133	0.939	0.85718	-1.71261	0
3.293	49.29	26.914	0.939	0.91793	-1.68125	0
3.296	48.307	28.662	0.939	0.97756	-1.64772	0
3.297	47.263	30.374	0.94	1.03595	-1.61212	0
3.302	46.158	32.048	0.94	1.09306	-1.5744	0
3.3	44.995	33.682	0.94	1.1488	-1.53471	0
3.301	43.772	35.274	0.941	1.2031	-1.49299	0
3.3	42.494	36.821	0.941	1.25586	-1.44938	0
3.299	41.161	38.323	0.942	1.30709	-1.40391	0
3.298	39.775	39.775	0.942	1.35663	-1.35663	0
3.293	38.338	41.177	0.942	1.40446	-1.3076	0
3.289	36.851	42.528	0.943	1.45057	-1.25689	0
3.286	35.317	43.825	0.943	1.4948	-1.20455	0
3.28	33.736	45.067	0.943	1.53716	-1.15064	0
3.276	32.113	46.252	0.944	1.57759	-1.09528	0
3.267	30.448	47.378	0.944	1.61602	-1.03846	0
3.26	28.744	48.445	0.945	1.65241	-0.98034	0
3.253	27.001	49.449	0.945	1.6867	-0.9209	0
3.249	25.224	50.391	0.945	1.71884	-0.86029	0
3.245	23.414	51.271	0.946	1.74884	-0.79855	0
3.246	21.574	52.084	0.946	1.77658	-0.73579	0
3.246	19.705	52.831	0.947	1.80207	-0.67206	0
3.249	17.81	53.512	0.947	1.82531	-0.60743	0
3.253	15.893	54.124	0.947	1.8462	-0.54202	0
3.256	13.953	54.667	0.948	1.86474	-0.47586	0
3.259	11.996	55.142	0.948	1.88095	-0.40911	0
3.262	10.021	55.546	0.948	1.89473	-0.34178	0
3.265	8.035	55.88	0.949	1.90613	-0.27402	0
3.266	6.036	56.143	0.949	1.91508	-0.20584	0
3.267	4.029	56.333	0.95	1.92158	-0.13741	0
3.266	2.016	56.453	0.95	1.92567	-0.06875	0
3.264	0	56.5	0.95	1.92728	0	0
3.261	-2.017	56.475	0.951	1.92642	0.06877	0
3.257	-4.032	56.379	0.951	1.92315	0.13752	0
3.251	-6.043	56.21	0.951	1.91738	0.20609	0
3.245	-8.047	55.969	0.952	1.90917	0.27445	0
3.237	-10.042	55.658	0.952	1.89856	0.34247	0
3.229	-12.025	55.275	0.953	1.88548	0.4101	0
3.221	-13.992	54.823	0.953	1.87003	0.47721	0
3.214	-15.944	54.299	0.953	1.85216	0.54377	0
3.205	-17.875	53.705	0.954	1.83192	0.60963	0
3.197	-19.785	53.044	0.954	1.80936	0.67478	0
3.192	-21.669	52.315	0.955	1.78446	0.73905	0
3.187	-23.527	51.518	0.955	1.75728	0.80241	0
3.185	-25.357	50.656	0.955	1.72787	0.86481	0
3.185	-27.153	49.729	0.956	1.69622	0.9261	0
3.185	-28.917	48.737	0.956	1.66239	0.98626	0
3.188	-30.644	47.684	0.956	1.62647	1.04517	0
3.19	-32.334	46.569	0.957	1.58841	1.10279	0
3.192	-33.982	45.395	0.957	1.54836	1.15902	0
3.192	-35.588	44.161	0.958	1.50628	1.2138	0
3.19	-37.148	42.871	0.958	1.46227	1.26703	0
3.189	-38.663	41.527	0.958	1.4164	1.31871	0
3.189	-40.128	40.128	0.959	1.36869	1.36869	0
3.184	-41.543	38.678	0.959	1.31923	1.41694	0
3.18	-42.906	37.178	0.96	1.26806	1.46346	0
3.178	-44.214	35.63	0.96	1.21526	1.50808	0
3.173	-45.467	34.036	0.96	1.16086	1.55082	0
3.166	-46.662	32.399	0.961	1.10501	1.59161	0
3.159	-47.798	30.718	0.961	1.04768	1.63037	0
3.152	-48.875	28.999	0.961	0.98904	1.66708	0
3.147	-49.888	27.241	0.962	0.92907	1.70167	0
3.142	-50.838	25.448	0.962	0.86793	1.73409	0
3.14	-51.726	23.622	0.963	0.80564	1.76436	0
3.14	-52.546	21.765	0.963	0.74231	1.79234	0
3.141	-53.299	19.88	0.963	0.67802	1.81805	0
3.144	-53.986	17.968	0.964	0.61281	1.8415	0
3.147	-54.604	16.033	0.964	0.54682	1.86257	0
3.15	-55.152	14.077	0.965	0.48008	1.88128	0
3.153	-55.631	12.102	0.965	0.41274	1.89762	0
3.156	-56.038	10.11	0.965	0.3448	1.91152	0
3.157	-56.375	8.106	0.966	0.27644	1.92302	0
3.158	-56.64	6.089	0.966	0.20766	1.93204	0
3.159	-56.832	4.065	0.966	0.13863	1.9386	0
3.158	-56.953	2.034	0.967	0.06936	1.94272	0
3.157	-57	0	0.967	0	1.94434	0
3.154	-56.975	-2.034	0.968	-0.06938	1.94347	0
3.149	-56.878	-4.068	0.968	-0.13874	1.94016	0
3.144	-56.707	-6.096	0.968	-0.20791	1.93435	0
3.138	-56.464	-8.119	0.969	-0.27688	1.92606	0
3.132	-56.15	-10.13	0.969	-0.3455	1.91535	0
3.125	-55.764	-12.131	0.97	-0.41372	1.90215	0
3.117	-55.307	-14.116	0.97	-0.48143	1.88657	0
3.109	-54.778	-16.085	0.97	-0.54857	1.86853	0
3.103	-54.18	-18.033	0.971	-0.61501	1.84811	0
3.095	-53.513	-19.96	0.971	-0.68073	1.82534	0
3.089	-52.777	-21.861	0.971	-0.74558	1.80022	0
3.085	-51.973	-23.735	0.972	-0.80949	1.7728	0
3.082	-51.103	-25.581	0.972	-0.87245	1.74312	0
3.082	-50.167	-27.393	0.973	-0.93427	1.7112	0
3.082	-49.167	-29.172	0.973	-0.99496	1.67706	0
3.085	-48.105	-30.915	0.973	-1.05439	1.64082	0
3.086	-46.979	-32.619	0.974	-1.11252	1.60242	0
3.088	-45.795	-34.282	0.974	-1.16924	1.56202	0
3.089	-44.551	-35.902	0.975	-1.2245	1.51956	0
3.087	-43.249	-37.476	0.975	-1.2782	1.47517	0
3.087	-41.893	-39.004	0.975	-1.33034	1.42888	0
3.085	-40.482	-40.482	0.976	-1.38075	1.38075	0
3.082	-39.019	-41.909	0.976	-1.42943	1.33085	0
3.078	-37.506	-43.284	0.977	-1.47635	1.27923	0
3.075	-35.944	-44.603	0.977	-1.52136	1.22596	0
3.07	-34.335	-45.867	0.977	-1.56448	1.17108	0
3.063	-32.684	-47.073	0.978	-1.60562	1.11474	0
3.057	-30.988	-48.219	0.978	-1.64472	1.0569	0
3.05	-29.254	-49.305	0.978	-1.68175	0.99775	0
3.046	-27.48	-50.327	0.979	-1.71665	0.93725	0
3.042	-25.672	-51.286	0.979	-1.74935	0.87556	0
3.041	-23.829	-52.18	0.98	-1.77988	0.81272	0
3.04	-21.956	-53.008	0.98	-1.8081	0.74884	0
3.042	-20.055	-53.768	0.98	-1.83404	0.68398	0
3.044	-18.126	-54.461	0.981	-1.85769	0.6182	0
3.046	-16.174	-55.083	0.981	-1.87894	0.55163	0
3.05	-14.2	-55.636	0.982	-1.89781	0.4843	0
3.053	-12.208	-56.119	0.982	-1.91429	0.41636	0
3.054	-10.199	-56.53	0.982	-1.92831	0.34783	0
3.056	-8.177	-56.87	0.983	-1.93991	0.27887	0
3.057	-6.142	-57.137	0.983	-1.949	0.20949	0
3.058	-4.1	-57.331	0.984	-1.95562	0.13984	0
3.058	-2.051	-57.452	0.984	-1.95977	0.06996	0
3.057	0	-57.5	0.984	-1.9614	0	0
3.053	2.052	-57.474	0.985	-1.96052	-0.06999	0
3.049	4.104	-57.376	0.985	-1.95718	-0.13996	0
3.044	6.15	-57.204	0.985	-1.95131	-0.20974	0
3.038	8.19	-56.959	0.986	-1.94295	-0.27931	0
3.032	10.219	-56.643	0.986	-1.93214	-0.34852	0
3.026	12.237	-56.252	0.987	-1.91882	-0.41735	0
3.019	14.24	-55.791	0.987	-1.9031	-0.48565	0
3.011	16.226	-55.258	0.987	-1.8849	-0.55338	0
3.004	18.191	-54.654	0.988	-1.86429	-0.6204	0
2.998	20.134	-53.981	0.988	-1.84133	-0.68669	0
2.992	22.052	-53.239	0.989	-1.81599	-0.7521	0
2.988	23.942	-52.428	0.989	-1.78832	-0.81658	0
2.985	25.804	-51.55	0.989	-1.75838	-0.88008	0
2.985	27.633	-50.606	0.99	-1.72617	-0.94245	0
2.985	29.427	-49.597	0.99	-1.69173	-1.00366	0
2.987	31.185	-48.525	0.991	-1.65517	-1.06361	0
2.988	32.904	-47.39	0.991	-1.61644	-1.12225	0
2.991	34.581	-46.195	0.991	-1.57567	-1.17946	0
2.991	36.215	-44.94	0.992	-1.53284	-1.2352	0
2.991	37.803	-43.627	0.992	-1.48806	-1.28937	0
2.99	39.345	-42.259	0.992	-1.44136	-1.34196	0
2.987	40.835	-40.835	0.993	-1.39281	-1.39281	0
2.985	42.275	-39.36	0.993	-1.34247	-1.44191	0
2.983	43.662	-37.833	0.994	-1.2904	-1.48924	0
2.978	44.993	-36.258	0.994	-1.23666	-1.53465	0
2.973	46.267	-34.635	0.994	-1.1813	-1.57813	0
2.967	47.484	-32.969	0.995	-1.12446	-1.61963	0
2.961	48.64	-31.259	0.995	-1.06612	-1.65907	0
2.956	49.735	-29.509	0.996	-1.00645	-1.69643	0
2.951	50.766	-27.72	0.996	-0.94542	-1.73162	0
2.948	51.733	-25.896	0.996	-0.8832	-1.7646	0
2.946	52.635	-24.037	0.997	-0.81981	-1.7954	0
2.946	53.47	-22.148	0.997	-0.75536	-1.82387	0
2.947	54.236	-20.23	0.998	-0.68994	-1.85002	0
2.949	54.935	-18.284	0.998	-0.62358	-1.87388	0
2.952	55.563	-16.315	0.998	-0.55643	-1.89531	0
2.955	56.121	-14.324	0.999	-0.48851	-1.91434	0
2.958	56.608	-12.315	0.999	-0.41999	-1.93096	0
2.959	57.022	-10.288	1	-0.35086	-1.9451	0
2.961	57.365	-8.248	1	-0.2813	-1.9568	0
2.962	57.634	-6.196	1	-0.21131	-1.96597	0
2.963	57.829	-4.136	1.001	-0.14106	-1.97264	0
2.963	57.952	-2.069	1.001	-0.07057	-1.97683	0
2.962	58	0	1.001	0	-1.97846	0
2.862	57.976	2.002	1.002	0.06829	-1.97766	0
2.858	57.884	4.003	1.002	0.13652	-1.97449	0
2.854	57.722	6	1.003	0.20462	-1.96898	0
2.849	57.491	7.99	1.003	0.27249	-1.96111	0
2.843	57.192	9.971	1.003	0.34007	-1.9509	0
2.838	56.825	11.942	1.004	0.40727	-1.93836	0
2.832	56.389	13.899	1.004	0.47401	-1.9235	0
2.825	55.887	15.84	1.005	0.54021	-1.90635	0
2.818	55.317	17.763	1.005	0.6058	-1.88691	0
2.812	54.681	19.665	1.005	0.67068	-1.86522	0
2.807	53.98	21.545	1.006	0.73479	-1.8413	0
2.802	53.215	23.399	1.006	0.79806	-1.81517	0
2.799	52.385	25.227	1.006	0.86039	-1.78687	0
2.797	51.493	27.025	1.007	0.92173	-1.75642	0
2.797	50.539	28.792	1.007	0.98199	-1.72388	0
2.799	49.525	30.525	1.008	1.0411	-1.68926	0
2.801	48.451	32.222	1.008	1.09899	-1.65262	0
2.802	47.318	33.882	1.008	1.1556	-1.61399	0
2.803	46.13	35.501	1.009	1.21085	-1.57343	0
2.803	44.885	37.079	1.009	1.26469	-1.53097	0
2.803	43.587	38.614	1.009	1.31703	-1.48668	0
2.803	42.236	40.103	1.01	1.36783	-1.4406	0
2.8	40.834	41.545	1.01	1.41704	-1.39276	0
2.798	39.383	42.938	1.011	1.46455	-1.34326	0
2.796	37.884	44.28	1.011	1.51034	-1.29215	0
2.791	36.34	45.57	1.011	1.55434	-1.23947	0
2.786	34.752	46.806	1.012	1.59651	-1.1853	0
2.782	33.122	47.987	1.012	1.63679	-1.1297	0
2.776	31.452	49.111	1.013	1.67514	-1.07273	0
2.771	29.744	50.176	1.013	1.7115	-1.01446	0
2.767	28	51.183	1.013	1.74584	-0.95497	0
2.764	26.221	52.129	1.014	1.77811	-0.89431	0
2.762	24.411	53.013	1.014	1.80828	-0.83256	0
2.762	22.571	53.834	1.014	1.83629	-0.7698	0
2.763	20.703	54.591	1.015	1.86213	-0.7061	0
2.765	18.81	55.283	1.015	1.88576	-0.64153	0
2.768	16.894	55.91	1.016	1.90715	-0.57618	0
2.77	14.957	56.471	1.016	1.92628	-0.51011	0
2.773	13.002	56.964	1.016	1.94311	-0.44342	0
2.774	11.03	57.39	1.017	1.95764	-0.37617	0
2.776	9.044	57.747	1.017	1.96983	-0.30844	0
2.777	7.047	58.036	1.018	1.97968	-0.24033	0
2.778	5.04	58.255	1.018	1.98718	-0.1719	0
2.778	3.027	58.406	1.018	1.9923	-0.10324	0
2.777	1.01	58.486	1.019	1.99506	-0.03443	0
2.775	-1.01	58.496	1.019	1.9954	0.03444	0
2.772	-3.029	58.438	1.019	1.99339	0.1033	0
2.769	-5.045	58.309	1.02	1.98901	0.17206	0
2.764	-7.056	58.111	1.02	1.98226	0.24064	0
2.759	-9.059	57.844	1.021	1.97313	0.30896	0
2.754	-11.052	57.508	1.021	1.96166	0.37694	0
2.749	-13.033	57.103	1.021	1.94784	0.44449	0
2.743	-14.999	56.629	1.022	1.93169	0.51155	0
2.737	-16.948	56.088	1.022	1.91323	0.57801	0
2.731	-18.877	55.48	1.022	1.89248	0.64382	0
2.725	-20.785	54.806	1.023	1.86947	0.70888	0
2.721	-22.668	54.066	1.023	1.84422	0.77312	0
2.717	-24.526	53.261	1.024	1.81677	0.83647	0
2.715	-26.354	52.393	1.024	1.78714	0.89884	0
2.714	-28.152	51.462	1.024	1.75536	0.96017	0
2.715	-29.917	50.469	1.025	1.72148	1.02038	0
2.716	-31.648	49.416	1.025	1.68554	1.07939	0
2.717	-33.341	48.303	1.026	1.64758	1.13714	0
2.718	-34.994	47.132	1.026	1.60763	1.19356	0
2.72	-36.607	45.905	1.026	1.56576	1.24858	0
2.72	-38.177	44.622	1.027	1.522	1.30212	0
2.719	-39.702	43.286	1.027	1.47642	1.35414	0
2.718	-41.18	41.898	1.027	1.42905	1.40457	0
2.716	-42.61	40.458	1.028	1.37995	1.45336	0
2.714	-43.99	38.971	1.028	1.3292	1.50042	0
2.71	-45.317	37.436	1.029	1.27685	1.5457	0
2.706	-46.591	35.856	1.029	1.22296	1.58916	0
2.702	-47.81	34.233	1.029	1.1676	1.63075	0
2.696	-48.972	32.569	1.03	1.11082	1.6704	0
2.691	-50.076	30.865	1.03	1.0527	1.70808	0
2.686	-51.121	29.124	1.031	0.9933	1.74374	0
2.683	-52.106	27.347	1.031	0.93269	1.77733	0
2.681	-53.028	25.537	1.031	0.87096	1.80882	0
2.681	-53.888	23.696	1.032	0.80816	1.83816	0
2.682	-54.684	21.826	1.032	0.74438	1.86532	0
2.684	-55.415	19.929	1.032	0.67968	1.89027	0
2.687	-56.081	18.008	1.033	0.61416	1.91297	0
2.689	-56.679	16.064	1.033	0.54788	1.9334	0
2.691	-57.211	14.101	1.034	0.48092	1.95153	0
2.693	-57.674	12.12	1.034	0.41336	1.96734	0
2.695	-58.069	10.124	1.034	0.34529	1.98082	0
2.696	-58.395	8.115	1.035	0.27677	1.99193	0
2.697	-58.651	6.096	1.035	0.20791	2.00068	0
2.698	-58.837	4.069	1.036	0.13877	2.00704	0
2.697	-58.954	2.036	1.036	0.06944	2.01101	0
2.696	-59	0	1.036	0	2.01259	0
2.694	-58.976	-2.037	1.037	-0.06946	2.01176	0
2.691	-58.881	-4.072	1.037	-0.13887	2.00854	0
2.687	-58.717	-6.103	1.037	-0.20814	2.00292	0
2.682	-58.482	-8.128	1.038	-0.27719	1.99491	0
2.678	-58.177	-10.143	1.038	-0.34593	1.98452	0
2.673	-57.803	-12.147	1.039	-0.41429	1.97175	0
2.667	-57.36	-14.138	1.039	-0.48217	1.95663	0
2.662	-56.849	-16.112	1.039	-0.54951	1.93918	0
2.656	-56.269	-18.068	1.04	-0.61622	1.9194	0
2.65	-55.622	-20.003	1.04	-0.68222	1.89733	0
2.645	-54.909	-21.915	1.041	-0.74744	1.87299	0
2.64	-54.13	-23.802	1.041	-0.81179	1.8464	0
2.637	-53.286	-25.661	1.041	-0.87519	1.81761	0
2.635	-52.378	-27.49	1.042	-0.93758	1.78664	0
2.635	-51.408	-29.287	1.042	-0.99887	1.75352	0
2.636	-50.376	-31.05	1.043	-1.059	1.71831	0
2.637	-49.283	-32.776	1.043	-1.11788	1.68103	0
2.639	-48.132	-34.464	1.043	-1.17546	1.64173	0
2.64	-46.922	-36.111	1.044	-1.23166	1.60047	0
2.641	-45.656	-37.716	1.044	-1.28641	1.55728	0
2.641	-44.335	-39.277	1.044	-1.33965	1.51222	0
2.64	-42.961	-40.792	1.045	-1.39132	1.46534	0
2.639	-41.535	-42.259	1.045	-1.44137	1.41667	0
2.637	-40.059	-43.675	1.046	-1.48969	1.36632	0
2.633	-38.535	-45.04	1.046	-1.53626	1.31432	0
2.629	-36.964	-46.352	1.046	-1.58102	1.26074	0
2.625	-35.349	-47.609	1.047	-1.6239	1.20564	0
2.62	-33.69	-48.81	1.047	-1.66487	1.14908	0
2.616	-31.992	-49.953	1.048	-1.70387	1.09113	0
2.611	-30.254	-51.037	1.048	-1.74086	1.03186	0
2.608	-28.48	-52.06	1.048	-1.77578	0.97134	0
2.605	-26.671	-53.022	1.049	-1.8086	0.90963	0
2.604	-24.829	-53.921	1.049	-1.83927	0.84683	0
2.604	-22.958	-54.756	1.05	-1.86776	0.78299	0
2.606	-21.058	-55.526	1.05	-1.89404	0.71819	0
2.608	-19.132	-56.23	1.05	-1.91807	0.65252	0
2.61	-17.183	-56.868	1.051	-1.93982	0.58604	0
2.613	-15.213	-57.437	1.051	-1.95926	0.51885	0
2.615	-13.224	-57.939	1.051	-1.97638	0.45101	0
2.617	-11.218	-58.372	1.052	-1.99115	0.3826	0
2.618	-9.199	-58.735	1.052	-2.00355	0.31372	0
2.619	-7.167	-59.028	1.053	-2.01356	0.24444	0
2.619	-5.127	-59.252	1.053	-2.02117	0.17484	0
2.619	-3.079	-59.404	1.053	-2.02638	0.10501	0
2.619	-1.027	-59.486	1.054	-2.02918	0.03502	0
2.617	1.027	-59.496	1.054	-2.02952	-0.03503	0
2.614	3.081	-59.436	1.055	-2.02747	-0.10506	0
2.611	5.131	-59.305	1.055	-2.02301	-0.175	0
2.607	7.176	-59.104	1.055	-2.01613	-0.24475	0
2.603	9.214	-58.832	1.056	-2.00685	-0.31424	0
2.599	11.241	-58.49	1.056	-1.99517	-0.38338	0
2.594	13.256	-58.077	1.056	-1.98111	-0.45208	0
2.589	15.255	-57.596	1.057	-1.96467	-0.52028	0
2.583	17.237	-57.046	1.057	-1.94589	-0.58788	0
2.577	19.199	-56.427	1.058	-1.92479	-0.6548	0
2.572	21.14	-55.741	1.058	-1.90138	-0.72098	0
2.567	23.055	-54.988	1.058	-1.87569	-0.78631	0
2.564	24.944	-54.17	1.059	-1.84776	-0.85074	0
2.561	26.804	-53.286	1.059	-1.81762	-0.91417	0
2.561	28.632	-52.339	1.06	-1.7853	-0.97654	0
2.561	30.427	-51.329	1.06	-1.75083	-1.03777	0
2.562	32.187	-50.258	1.06	-1.71427	-1.09779	0
2.564	33.909	-49.126	1.061	-1.67566	-1.15652	0
2.565	35.591	-47.935	1.061	-1.63503	-1.21389	0
2.566	37.231	-46.687	1.062	-1.59243	-1.26984	0
2.566	38.827	-45.382	1.062	-1.54793	-1.3243	0
2.567	40.378	-44.023	1.062	-1.50156	-1.3772	0
2.566	41.881	-42.611	1.063	-1.45339	-1.42848	0
2.563	43.335	-41.147	1.063	-1.40344	-1.4781	0
2.561	44.738	-39.634	1.064	-1.35182	-1.52596	0
2.558	46.088	-38.073	1.064	-1.29858	-1.57201	0
2.553	47.383	-36.466	1.064	-1.24377	-1.6162	0
2.549	48.623	-34.816	1.065	-1.18746	-1.65849	0
2.544	49.804	-33.123	1.065	-1.12971	-1.69881	0
2.54	50.927	-31.39	1.065	-1.07059	-1.73713	0
2.536	51.99	-29.619	1.066	-1.01018	-1.77339	0
2.534	52.991	-27.812	1.066	-0.94855	-1.80754	0
2.533	53.929	-25.971	1.067	-0.88576	-1.83956	0
2.533	54.804	-24.098	1.067	-0.82189	-1.86939	0
2.533	55.613	-22.196	1.067	-0.75702	-1.89701	0
2.535	56.356	-20.267	1.068	-0.69123	-1.92238	0
2.538	57.033	-18.313	1.068	-0.62459	-1.94546	0
2.54	57.642	-16.337	1.069	-0.55718	-1.96623	0
2.542	58.182	-14.34	1.069	-0.48908	-1.98467	0
2.544	58.653	-12.326	1.069	-0.42037	-2.00074	0
2.545	59.054	-10.296	1.07	-0.35114	-2.01444	0
2.546	59.385	-8.253	1.07	-0.28147	-2.02573	0
2.547	59.646	-6.2	1.071	-0.21143	-2.03462	0
2.547	59.835	-4.138	1.071	-0.14112	-2.04109	0
2.548	59.953	-2.071	1.071	-0.07062	-2.04512	0
2.547	60	0	1.072	0	-2.04671	0
2.463	59.977	2.005	1.072	0.06839	-2.04594	0
2.461	59.887	4.009	1.073	0.13673	-2.04286	0
2.457	59.73	6.009	1.073	0.20494	-2.03752	0
2.454	59.507	8.003	1.073	0.27295	-2.0299	0
2.45	59.217	9.988	1.074	0.34064	-2.01998	0
2.446	58.86	11.964	1.074	0.40802	-2.00783	0
2.442	58.438	13.926	1.074	0.47495	-1.99339	0
2.437	57.95	15.874	1.075	0.54139	-1.97676	0
2.432	57.398	17.805	1.075	0.60724	-1.95791	0
2.427	56.78	19.716	1.076	0.67243	-1.93684	0
2.422	56.1	21.607	1.076	0.73691	-1.91362	0
2.417	55.357	23.474	1.076	0.80058	-1.88826	0
2.414	54.55	25.315	1.077	0.86338	-1.86075	0
2.412	53.684	27.128	1.077	0.92524	-1.83118	0
2.411	52.758	28.911	1.077	0.98606	-1.79957	0
2.411	51.771	30.663	1.078	1.04582	-1.76589	0
2.412	50.726	32.382	1.078	1.10445	-1.73026	0
2.413	49.624	34.065	1.079	1.16185	-1.69265	0
2.415	48.467	35.711	1.079	1.21799	-1.65317	0
2.415	47.255	37.317	1.079	1.27279	-1.61183	0
2.417	45.989	38.882	1.08	1.32617	-1.56864	0
2.416	44.672	40.404	1.08	1.37811	-1.52372	0
2.416	43.305	41.882	1.081	1.42853	-1.47707	0
2.415	41.889	43.312	1.081	1.47732	-1.42876	0
2.412	40.426	44.696	1.081	1.52453	-1.37884	0
2.409	38.917	46.031	1.082	1.57005	-1.32736	0
2.406	37.363	47.313	1.082	1.61381	-1.27436	0
2.402	35.768	48.544	1.082	1.65581	-1.21993	0
2.398	34.132	49.721	1.083	1.69597	-1.16413	0
2.394	32.456	50.843	1.083	1.73423	-1.10698	0
2.39	30.745	51.908	1.084	1.77059	-1.0486	0
2.387	28.998	52.915	1.084	1.80496	-0.98901	0
2.385	27.219	53.864	1.084	1.83733	-0.92835	0
2.385	25.409	54.754	1.085	1.86768	-0.86659	0
2.386	23.569	55.581	1.085	1.89593	-0.80383	0
2.387	21.702	56.348	1.086	1.92209	-0.74017	0
2.389	19.811	57.052	1.086	1.94612	-0.67566	0
2.391	17.896	57.692	1.086	1.96795	-0.61035	0
2.394	15.961	58.268	1.087	1.98762	-0.54436	0
2.396	14.008	58.78	1.087	2.00508	-0.47773	0
2.397	12.038	59.225	1.087	2.02027	-0.41054	0
2.398	10.054	59.605	1.088	2.03324	-0.34288	0
2.399	8.059	59.918	1.088	2.0439	-0.27484	0
2.399	6.053	60.164	1.089	2.05232	-0.20643	0
2.4	4.04	60.344	1.089	2.05845	-0.13778	0
2.4	2.021	60.455	1.089	2.06225	-0.06894	0
2.399	0	60.5	1.09	2.06378	0	0
2.397	-2.022	60.477	1.09	2.063	0.06896	0
2.395	-4.043	60.386	1.09	2.05988	0.13787	0
2.391	-6.059	60.228	1.091	2.05449	0.20665	0
2.388	-8.07	60.003	1.091	2.04681	0.27523	0
2.384	-10.071	59.71	1.092	2.0368	0.34348	0
2.381	-12.063	59.35	1.092	2.02455	0.41141	0
2.377	-14.042	58.924	1.092	2.00999	0.4789	0
2.372	-16.006	58.432	1.093	1.99322	0.54589	0
2.367	-17.953	57.875	1.093	1.97421	0.61229	0
2.362	-19.88	57.253	1.094	1.95296	0.67803	0
2.358	-21.786	56.567	1.094	1.92955	0.74304	0
2.353	-23.669	55.817	1.094	1.90397	0.80724	0
2.35	-25.525	55.004	1.095	1.87623	0.87055	0
2.348	-27.354	54.13	1.095	1.84641	0.93293	0
2.346	-29.152	53.196	1.095	1.81453	0.99426	0
2.346	-30.918	52.201	1.096	1.78057	1.05451	0
2.347	-32.651	51.148	1.096	1.74464	1.11363	0
2.349	-34.348	50.036	1.097	1.70672	1.1715	0
2.35	-36.007	48.869	1.097	1.66691	1.22811	0
2.351	-37.627	47.647	1.097	1.62522	1.28336	0
2.352	-39.205	46.371	1.098	1.58167	1.33718	0
2.352	-40.74	45.043	1.098	1.53637	1.38955	0
2.352	-42.23	43.665	1.099	1.48933	1.44038	0
2.351	-43.672	42.237	1.099	1.44062	1.48958	0
2.348	-45.067	40.761	1.099	1.39028	1.53718	0
2.345	-46.412	39.24	1.1	1.33837	1.58308	0
2.342	-47.706	37.673	1.1	1.28493	1.6272	0
2.338	-48.947	36.064	1.1	1.23005	1.66954	0
2.334	-50.134	34.415	1.101	1.17378	1.71004	0
2.33	-51.264	32.725	1.101	1.11616	1.74861	0
2.327	-52.338	31	1.102	1.05729	1.78527	0
2.324	-53.354	29.238	1.102	0.99721	1.81992	0
2.323	-54.31	27.445	1.102	0.93604	1.85256	0
2.323	-55.207	25.619	1.103	0.87377	1.88316	0
2.323	-56.042	23.764	1.103	0.81049	1.91164	0
2.325	-56.815	21.882	1.104	0.7463	1.93802	0
2.327	-57.525	19.975	1.104	0.68125	1.96224	0
2.329	-58.17	18.044	1.104	0.61541	1.98425	0
2.331	-58.751	16.093	1.105	0.54886	2.00408	0
2.333	-59.266	14.124	1.105	0.48169	2.02168	0
2.334	-59.715	12.137	1.105	0.41394	2.03699	0
2.335	-60.098	10.137	1.106	0.34571	2.05006	0
2.336	-60.413	8.125	1.106	0.27711	2.06081	0
2.337	-60.662	6.103	1.107	0.20814	2.0693	0
2.337	-60.843	4.073	1.107	0.13891	2.07548	0
2.337	-60.955	2.038	1.107	0.06951	2.0793	0
2.336	-61	0	1.108	0	2.08084	0
2.335	-60.977	-2.039	1.108	-0.06953	2.08005	0
2.332	-60.885	-4.076	1.109	-0.13901	2.07691	0
2.329	-60.725	-6.109	1.109	-0.20836	2.07147	0
2.326	-60.498	-8.137	1.109	-0.2775	2.06372	0
2.322	-60.203	-10.154	1.11	-0.34631	2.05363	0
2.318	-59.84	-12.163	1.11	-0.41481	2.04127	0
2.315	-59.41	-14.158	1.11	-0.48286	2.02659	0
2.31	-58.915	-16.138	1.111	-0.5504	2.00967	0
2.306	-58.353	-18.101	1.111	-0.61735	1.99051	0
2.301	-57.725	-20.044	1.112	-0.68362	1.96907	0
2.297	-57.033	-21.966	1.112	-0.74917	1.94547	0
2.293	-56.277	-23.864	1.112	-0.8139	1.91968	0
2.29	-55.458	-25.735	1.113	-0.87773	1.8917	0
2.287	-54.576	-27.579	1.113	-0.94062	1.86164	0
2.286	-53.634	-29.392	1.114	-1.00245	1.82949	0
2.286	-52.631	-31.173	1.114	-1.0632	1.79525	0
2.286	-51.569	-32.92	1.114	-1.1228	1.75902	0
2.288	-50.448	-34.631	1.115	-1.18115	1.72078	0
2.289	-49.272	-36.304	1.115	-1.23822	1.68064	0
2.291	-48.04	-37.937	1.116	-1.29393	1.6386	0
2.291	-46.753	-39.527	1.116	-1.34819	1.5947	0
2.291	-45.414	-41.075	1.116	-1.40099	1.54902	0
2.291	-44.024	-42.577	1.117	-1.45224	1.50159	0
2.29	-42.584	-44.031	1.117	-1.50184	1.45248	0
2.288	-41.097	-45.438	1.117	-1.54983	1.40172	0
2.285	-39.562	-46.794	1.118	-1.5961	1.34938	0
2.282	-37.983	-48.098	1.118	-1.64059	1.2955	0
2.278	-36.361	-49.349	1.119	-1.68328	1.24017	0
2.274	-34.698	-50.546	1.119	-1.7241	1.18343	0
2.27	-32.994	-51.685	1.119	-1.76299	1.12534	0
2.267	-31.255	-52.769	1.12	-1.79995	1.06599	0
2.265	-29.479	-53.792	1.12	-1.83488	1.00541	0
2.264	-27.67	-54.757	1.121	-1.86779	0.94373	0
2.264	-25.83	-55.661	1.121	-1.89864	0.88095	0
2.265	-23.959	-56.502	1.121	-1.92734	0.81715	0
2.266	-22.062	-57.281	1.122	-1.95394	0.75243	0
2.268	-20.139	-57.997	1.122	-1.97836	0.68684	0
2.27	-18.192	-58.647	1.123	-2.00055	0.62046	0
2.272	-16.225	-59.233	1.123	-2.02054	0.55337	0
2.273	-14.24	-59.753	1.123	-2.03827	0.48564	0
2.275	-12.237	-60.205	1.124	-2.05371	0.41734	0
2.276	-10.22	-60.591	1.124	-2.06689	0.34855	0
2.276	-8.192	-60.909	1.124	-2.07772	0.27938	0
2.277	-6.153	-61.159	1.125	-2.08628	0.20985	0
2.278	-4.107	-61.342	1.125	-2.0925	0.14005	0
2.278	-2.055	-61.455	1.126	-2.09636	0.07008	0
2.277	0	-61.5	1.126	-2.0979	0	0
2.275	2.056	-61.477	1.126	-2.09711	-0.0701	0
2.273	4.109	-61.384	1.127	-2.09393	-0.14015	0
2.27	6.159	-61.223	1.127	-2.08845	-0.21007	0
2.267	8.203	-60.994	1.128	-2.08063	-0.27977	0
2.263	10.238	-60.696	1.128	-2.07045	-0.34915	0
2.26	12.262	-60.33	1.128	-2.05799	-0.41821	0
2.256	14.274	-59.897	1.129	-2.04319	-0.48681	0
2.252	16.27	-59.397	1.129	-2.02613	-0.5549	0
2.248	18.249	-58.831	1.13	-2.0068	-0.6224	0
2.243	20.208	-58.197	1.13	-1.98519	-0.68922	0
2.239	22.146	-57.5	1.13	-1.96139	-0.7553	0
2.236	24.059	-56.738	1.131	-1.93539	-0.82056	0
2.232	25.946	-55.911	1.131	-1.90718	-0.88491	0
2.23	27.805	-55.023	1.132	-1.87686	-0.94832	0
2.228	29.632	-54.073	1.132	-1.84446	-1.01065	0
2.228	31.428	-53.061	1.132	-1.80993	-1.0719	0
2.229	33.189	-51.991	1.133	-1.7734	-1.13198	0
2.23	34.914	-50.861	1.133	-1.73485	-1.19081	0
2.231	36.6	-49.674	1.133	-1.69437	-1.24834	0
2.233	38.247	-48.432	1.134	-1.65199	-1.3045	0
2.234	39.85	-47.135	1.134	-1.60772	-1.35921	0
2.234	41.41	-45.785	1.135	-1.56167	-1.41243	0
2.234	42.925	-44.383	1.135	-1.51386	-1.4641	0
2.233	44.391	-42.932	1.135	-1.46434	-1.5141	0
2.231	45.809	-41.432	1.136	-1.41317	-1.56248	0
2.228	47.176	-39.885	1.136	-1.3604	-1.60913	0
2.224	48.49	-38.293	1.137	-1.30607	-1.65397	0
2.22	49.752	-36.657	1.137	-1.25028	-1.69701	0
2.217	50.958	-34.981	1.137	-1.19308	-1.73817	0
2.213	52.107	-33.264	1.138	-1.13451	-1.77737	0
2.211	53.199	-31.509	1.138	-1.07468	-1.81463	0
2.209	54.231	-29.719	1.139	-1.0136	-1.84984	0
2.208	55.203	-27.896	1.139	-0.95142	-1.88301	0
2.208	56.114	-26.04	1.139	-0.88813	-1.91411	0
2.209	56.962	-24.154	1.14	-0.82381	-1.94305	0
2.21	57.748	-22.241	1.14	-0.75856	-1.96986	0
2.212	58.469	-20.303	1.141	-0.69244	-1.99448	0
2.214	59.125	-18.341	1.141	-0.62551	-2.01684	0
2.215	59.715	-16.358	1.141	-0.55788	-2.03699	0
2.217	60.239	-14.355	1.142	-0.48959	-2.05487	0
2.218	60.695	-12.336	1.142	-0.42073	-2.07043	0
2.219	61.084	-10.303	1.142	-0.35139	-2.08371	0
2.22	61.404	-8.259	1.143	-0.28165	-2.09463	0
2.22	61.657	-6.203	1.143	-0.21155	-2.10325	0
2.221	61.841	-4.14	1.144	-0.14119	-2.10953	0
2.221	61.954	-2.071	1.144	-0.07065	-2.11341	0
2.22	62	0	1.144	0	-2.11497	0
2.139	61.978	1.998	1.145	0.06813	-2.11421	0
2.137	61.892	3.994	1.145	0.1362	-2.11129	0
2.135	61.741	5.986	1.146	0.20416	-2.10614	0
2.132	61.526	7.975	1.146	0.27197	-2.0988	0
2.129	61.247	9.954	1.146	0.33948	-2.08928	0
2.126	60.906	11.924	1.147	0.40666	-2.07762	0
2.123	60.5	13.882	1.147	0.47344	-2.06377	0
2.119	60.031	15.826	1.147	0.53975	-2.04777	0
2.115	59.5	17.755	1.148	0.60552	-2.02963	0
2.112	58.907	19.667	1.148	0.67073	-2.00941	0
2.107	58.252	21.557	1.149	0.73523	-1.98706	0
2.104	57.537	23.426	1.149	0.79898	-1.96265	0
2.101	56.761	25.272	1.149	0.86192	-1.93619	0
2.098	55.928	27.092	1.15	0.924	-1.90775	0
2.097	55.035	28.884	1.15	0.98513	-1.87728	0
2.096	54.084	30.647	1.151	1.04526	-1.84485	0
2.096	53.077	32.379	1.151	1.10435	-1.81048	0
2.097	52.016	34.078	1.151	1.16231	-1.77426	0
2.098	50.899	35.742	1.152	1.21906	-1.73616	0
2.099	49.729	37.369	1.152	1.27456	-1.69625	0
2.1	48.508	38.958	1.152	1.32876	-1.65456	0
2.101	47.236	40.507	1.153	1.38163	-1.61117	0
2.102	45.913	42.016	1.153	1.43308	-1.56604	0
2.101	44.543	43.48	1.154	1.48303	-1.5193	0
2.1	43.126	44.899	1.154	1.53146	-1.47096	0
2.098	41.665	46.273	1.154	1.57834	-1.42111	0
2.095	40.159	47.599	1.155	1.62357	-1.36974	0
2.092	38.611	48.876	1.155	1.66713	-1.31693	0
2.089	37.022	50.102	1.155	1.70898	-1.26274	0
2.086	35.395	51.279	1.156	1.74911	-1.20721	0
2.083	33.73	52.401	1.156	1.7874	-1.15042	0
2.08	32.029	53.469	1.157	1.82384	-1.09242	0
2.078	30.295	54.481	1.157	1.85839	-1.03327	0
2.077	28.53	55.439	1.157	1.89106	-0.97304	0
2.077	26.733	56.338	1.158	1.92175	-0.91176	0
2.078	24.908	57.18	1.158	1.95047	-0.84949	0
2.078	23.056	57.962	1.158	1.97715	-0.78635	0
2.08	21.181	58.685	1.159	2.00182	-0.72239	0
2.082	19.283	59.346	1.159	2.02439	-0.65764	0
2.083	17.364	59.946	1.16	2.04487	-0.59219	0
2.085	15.426	60.485	1.16	2.06326	-0.52612	0
2.087	13.472	60.96	1.16	2.07948	-0.45947	0
2.087	11.502	61.372	1.161	2.09355	-0.39228	0
2.088	9.521	61.721	1.161	2.10545	-0.3247	0
2.088	7.529	62.007	1.162	2.11519	-0.25677	0
2.089	5.528	62.227	1.162	2.12271	-0.18855	0
2.09	3.522	62.383	1.162	2.12803	-0.1201	0
2.089	1.51	62.474	1.163	2.13114	-0.05151	0
2.088	-0.504	62.501	1.163	2.13206	0.01719	0
2.087	-2.517	62.462	1.163	2.13074	0.08586	0
2.085	-4.529	62.359	1.164	2.12721	0.15446	0
2.082	-6.536	62.19	1.164	2.12147	0.22292	0
2.079	-8.538	61.958	1.165	2.11355	0.29118	0
2.077	-10.531	61.661	1.165	2.1034	0.35916	0
2.074	-12.514	61.3	1.165	2.09107	0.42679	0
2.071	-14.485	60.874	1.166	2.07655	0.49403	0
2.068	-16.442	60.387	1.166	2.05991	0.56075	0
2.064	-18.381	59.835	1.167	2.04109	0.6269	0
2.061	-20.303	59.222	1.167	2.02015	0.69243	0
2.057	-22.203	58.546	1.167	1.9971	0.75726	0
2.054	-24.082	57.811	1.168	1.972	0.82134	0
2.051	-25.937	57.014	1.168	1.9448	0.8846	0
2.048	-27.764	56.157	1.168	1.91558	0.94694	0
2.047	-29.564	55.243	1.169	1.88437	1.00831	0
2.046	-31.333	54.271	1.169	1.85122	1.06868	0
2.046	-33.071	53.242	1.17	1.81611	1.12794	0
2.047	-34.774	52.158	1.17	1.7791	1.18605	0
2.048	-36.442	51.018	1.17	1.74023	1.24294	0
2.049	-38.074	49.826	1.171	1.69955	1.29862	0
2.051	-39.666	48.582	1.171	1.65709	1.35292	0
2.051	-41.217	47.286	1.171	1.61289	1.40583	0
2.052	-42.726	45.941	1.172	1.567	1.45729	0
2.051	-44.191	44.549	1.172	1.5195	1.50729	0
2.05	-45.61	43.109	1.173	1.47038	1.55572	0
2.048	-46.984	41.623	1.173	1.41969	1.60257	0
2.045	-48.308	40.094	1.173	1.36754	1.64774	0
2.042	-49.583	38.524	1.174	1.31397	1.69125	0
2.039	-50.806	36.913	1.174	1.259	1.73299	0
2.035	-51.977	35.263	1.175	1.20271	1.77295	0
2.033	-53.096	33.576	1.175	1.14517	1.8111	0
2.031	-54.158	31.853	1.175	1.08641	1.84736	0
2.029	-55.165	30.096	1.176	1.02647	1.88174	0
2.028	-56.115	28.308	1.176	0.96547	1.91415	0
2.029	-57.008	26.49	1.176	0.90347	1.94461	0
2.029	-57.841	24.644	1.177	0.8405	1.97303	0
2.031	-58.614	22.771	1.177	0.77663	1.99942	0
2.032	-59.327	20.875	1.178	0.71194	2.02373	0
2.033	-59.979	18.955	1.178	0.64647	2.046	0
2.035	-60.568	17.016	1.178	0.58033	2.0661	0
2.037	-61.095	15.058	1.179	0.51356	2.08407	0
2.038	-61.558	13.085	1.179	0.44625	2.09987	0
2.038	-61.958	11.097	1.18	0.37845	2.11354	0
2.039	-62.293	9.096	1.18	0.31023	2.12498	0
2.04	-62.564	7.086	1.18	0.24167	2.13421	0
2.04	-62.77	5.067	1.181	0.1728	2.14124	0
2.041	-62.911	3.043	1.181	0.10377	2.14607	0
2.04	-62.987	1.015	1.181	0.03461	2.14865	0
2.039	-62.997	-1.015	1.182	-0.03461	2.14899	0
2.038	-62.941	-3.044	1.182	-0.10382	2.1471	0
2.036	-62.822	-5.071	1.183	-0.17295	2.14301	0
2.033	-62.636	-7.094	1.183	-0.24195	2.13666	0
2.031	-62.384	-9.11	1.183	-0.31069	2.12809	0
2.028	-62.068	-11.116	1.184	-0.37912	2.1173	0
2.025	-61.689	-13.112	1.184	-0.4472	2.10435	0
2.022	-61.244	-15.095	1.185	-0.51482	2.08917	0
2.019	-60.736	-17.063	1.185	-0.58193	2.07182	0
2.015	-60.164	-19.014	1.185	-0.64846	2.05231	0
2.012	-59.53	-20.946	1.186	-0.71439	2.03069	0
2.009	-58.834	-22.857	1.186	-0.77955	2.00692	0
2.005	-58.076	-24.744	1.186	-0.84392	1.98107	0
2.003	-57.258	-26.606	1.187	-0.90744	1.95315	0
2.001	-56.381	-28.442	1.187	-0.97005	1.92322	0
2	-55.445	-30.248	1.188	-1.03166	1.89126	0
1.999	-54.45	-32.025	1.188	-1.09225	1.85731	0
1.999	-53.398	-33.767	1.188	-1.1517	1.82143	0
2	-52.292	-35.476	1.189	-1.20999	1.78368	0
2.001	-51.13	-37.148	1.189	-1.26702	1.74403	0
2.002	-49.915	-38.782	1.19	-1.32276	1.70257	0
2.004	-48.648	-40.377	1.19	-1.37717	1.65935	0
2.004	-47.329	-41.93	1.19	-1.43014	1.61437	0
2.005	-45.961	-43.44	1.191	-1.48167	1.56767	0
2.004	-44.545	-44.905	1.191	-1.53166	1.51935	0
2.002	-43.082	-46.325	1.192	-1.58009	1.46947	0
2	-41.574	-47.696	1.192	-1.62688	1.41802	0
1.998	-40.023	-49.018	1.192	-1.67199	1.36509	0
1.994	-38.429	-50.29	1.193	-1.71538	1.31072	0
1.991	-36.794	-51.512	1.193	-1.75706	1.25496	0
1.988	-35.122	-52.678	1.193	-1.79687	1.19789	0
1.986	-33.412	-53.791	1.194	-1.83483	1.13957	0
1.984	-31.667	-54.848	1.194	-1.8709	1.08004	0
1.983	-29.888	-55.849	1.195	-1.90507	1.01939	0
1.983	-28.078	-56.792	1.195	-1.93724	0.95764	0
1.983	-26.238	-57.676	1.195	-1.96741	0.89489	0
1.984	-24.37	-58.501	1.196	-1.99556	0.83115	0
1.985	-22.476	-59.266	1.196	-2.02167	0.76657	0
1.986	-20.559	-59.969	1.197	-2.04565	0.70117	0
1.988	-18.619	-60.61	1.197	-2.06751	0.63502	0
1.99	-16.66	-61.188	1.197	-2.08724	0.56819	0
1.991	-14.683	-61.703	1.198	-2.10484	0.50075	0
1.992	-12.688	-62.154	1.198	-2.12023	0.43273	0
1.993	-10.681	-62.54	1.198	-2.13341	0.36428	0
1.993	-8.662	-62.862	1.199	-2.14438	0.29543	0
1.994	-6.634	-63.119	1.199	-2.15317	0.22625	0
1.994	-4.598	-63.31	1.2	-2.15968	0.15682	0
1.994	-2.557	-63.435	1.2	-2.16396	0.0872	0
1.994	-0.512	-63.495	1.2	-2.16599	0.01746	0
1.993	1.535	-63.489	1.201	-2.1658	-0.05235	0
1.991	3.58	-63.417	1.201	-2.16333	-0.12209	0
1.989	5.622	-63.279	1.202	-2.15861	-0.19173	0
1.987	7.659	-63.075	1.202	-2.15165	-0.26119	0
1.985	9.688	-62.806	1.202	-2.14248	-0.33041	0
1.982	11.708	-62.471	1.203	-2.13105	-0.3993	0
1.979	13.718	-62.071	1.203	-2.1174	-0.46784	0
1.976	15.713	-61.607	1.203	-2.10155	-0.53588	0
1.973	17.692	-61.079	1.204	-2.08355	-0.60339	0
1.97	19.653	-60.487	1.204	-2.06334	-0.67029	0
1.966	21.595	-59.832	1.205	-2.04098	-0.73652	0
1.963	23.515	-59.116	1.205	-2.01653	-0.80201	0
1.96	25.411	-58.337	1.205	-1.98995	-0.86668	0
1.958	27.283	-57.496	1.206	-1.96127	-0.93051	0
1.956	29.125	-56.596	1.206	-1.93057	-0.99336	0
1.955	30.939	-55.639	1.207	-1.89788	-1.05521	0
1.954	32.72	-54.622	1.207	-1.86318	-1.11598	0
1.955	34.468	-53.548	1.207	-1.82653	-1.1756	0
1.955	36.181	-52.418	1.208	-1.78798	-1.23403	0
1.957	37.858	-51.233	1.208	-1.74756	-1.29124	0
1.958	39.495	-49.995	1.209	-1.70531	-1.34709	0
1.959	41.091	-48.704	1.209	-1.66128	-1.40155	0
1.96	42.646	-47.363	1.209	-1.61551	-1.45457	0
1.96	44.157	-45.972	1.21	-1.56807	-1.50613	0
1.959	45.622	-44.533	1.21	-1.51896	-1.55611	0
1.957	47.04	-43.047	1.211	-1.46827	-1.6045	0
1.955	48.411	-41.515	1.211	-1.416	-1.65126	0
1.952	49.732	-39.941	1.211	-1.3623	-1.69633	0
1.949	51.001	-38.324	1.212	-1.30715	-1.73962	0
1.946	52.217	-36.667	1.212	-1.25062	-1.78112	0
1.943	53.379	-34.972	1.212	-1.19278	-1.82078	0
1.941	54.487	-33.24	1.213	-1.1337	-1.8586	0
1.94	55.539	-31.471	1.213	-1.07338	-1.89449	0
1.939	56.533	-29.67	1.214	-1.01195	-1.9284	0
1.939	57.468	-27.838	1.214	-0.94946	-1.96032	0
1.94	58.345	-25.977	1.214	-0.88597	-1.99025	0
1.941	59.161	-24.088	1.215	-0.82154	-2.01809	0
1.942	59.916	-22.173	1.215	-0.75623	-2.04384	0
1.943	60.608	-20.235	1.216	-0.69011	-2.06748	0
1.945	61.24	-18.274	1.216	-0.62323	-2.08902	0
1.946	61.806	-16.294	1.216	-0.55571	-2.10835	0
1.947	62.309	-14.297	1.217	-0.4876	-2.12551	0
1.948	62.747	-12.284	1.217	-0.41895	-2.14046	0
1.949	63.121	-10.258	1.218	-0.34986	-2.15322	0
1.95	63.428	-8.221	1.218	-0.28038	-2.16372	0
1.95	63.67	-6.173	1.218	-0.21054	-2.17198	0
1.95	63.846	-4.12	1.219	-0.1405	-2.17798	0
1.95	63.957	-2.061	1.219	-0.0703	-2.18175	0
1.95	64	0	1.219	0	-2.18322	0
1.891	63.979	2.001	1.22	0.06823	-2.1825	0
1.889	63.895	4	1.22	0.13641	-2.17964	0
1.887	63.749	5.996	1.221	0.20448	-2.17465	0
1.885	63.54	7.986	1.221	0.27237	-2.16753	0
1.883	63.269	9.97	1.221	0.34002	-2.15829	0
1.881	62.937	11.944	1.222	0.40736	-2.14693	0
1.878	62.542	13.908	1.222	0.47432	-2.13348	0
1.875	62.087	15.858	1.223	0.54084	-2.11793	0
1.872	61.57	17.794	1.223	0.60685	-2.10031	0
1.869	60.994	19.712	1.223	0.67229	-2.08063	0
1.866	60.356	21.612	1.224	0.73709	-2.05887	0
1.863	59.66	23.492	1.224	0.80123	-2.03512	0
1.861	58.906	25.349	1.224	0.86457	-2.00938	0
1.858	58.094	27.182	1.225	0.92709	-1.98167	0
1.857	57.225	28.989	1.225	0.98872	-1.95202	0
1.855	56.3	30.768	1.226	1.0494	-1.92045	0
1.855	55.319	32.518	1.226	1.10908	-1.88699	0
1.855	54.285	34.236	1.226	1.1677	-1.85168	0
1.856	53.196	35.922	1.227	1.2252	-1.81454	0
1.856	52.056	37.573	1.227	1.28151	-1.77563	0
1.857	50.864	39.187	1.227	1.3366	-1.73496	0
1.859	49.622	40.764	1.228	1.39039	-1.69259	0
1.86	48.331	42.302	1.228	1.44284	-1.64855	0
1.86	46.993	43.799	1.229	1.4939	-1.60288	0
1.86	45.608	45.253	1.229	1.54352	-1.55564	0
1.859	44.178	46.664	1.229	1.59165	-1.50686	0
1.857	42.705	48.029	1.23	1.63823	-1.4566	0
1.854	41.19	49.348	1.23	1.68323	-1.4049	0
1.852	39.633	50.619	1.231	1.7266	-1.3518	0
1.849	38.038	51.841	1.231	1.7683	-1.29738	0
1.846	36.404	53.012	1.231	1.80825	-1.24165	0
1.844	34.735	54.132	1.232	1.84648	-1.18471	0
1.842	33.031	55.2	1.232	1.88291	-1.12659	0
1.841	31.294	56.215	1.232	1.91754	-1.06732	0
1.841	29.526	57.174	1.233	1.95028	-1.00703	0
1.841	27.729	58.078	1.233	1.98112	-0.94573	0
1.842	25.904	58.925	1.234	2.01004	-0.8835	0
1.843	24.054	59.715	1.234	2.037	-0.82038	0
1.844	22.179	60.447	1.234	2.06198	-0.75644	0
1.845	20.282	61.121	1.235	2.08496	-0.69174	0
1.846	18.365	61.734	1.235	2.1059	-0.62635	0
1.847	16.429	62.288	1.235	2.12479	-0.56032	0
1.849	14.477	62.781	1.236	2.1416	-0.49373	0
1.849	12.509	63.212	1.236	2.15633	-0.42663	0
1.85	10.529	63.582	1.237	2.16896	-0.3591	0
1.85	8.538	63.89	1.237	2.17947	-0.2912	0
1.851	6.538	64.136	1.237	2.18785	-0.22299	0
1.851	4.531	64.319	1.238	2.1941	-0.15454	0
1.852	2.519	64.439	1.238	2.1982	-0.08592	0
1.851	0.504	64.496	1.239	2.20015	-0.0172	0
1.85	-1.512	64.489	1.239	2.19992	0.05156	0
1.849	-3.527	64.421	1.239	2.19758	0.1203	0
1.847	-5.54	64.289	1.24	2.19308	0.18893	0
1.845	-7.547	64.094	1.24	2.18644	0.2574	0
1.843	-9.548	63.837	1.24	2.17766	0.32565	0
1.841	-11.542	63.517	1.241	2.16674	0.39363	0
1.838	-13.523	63.135	1.241	2.1537	0.46122	0
1.836	-15.492	62.691	1.242	2.13855	0.52837	0
1.833	-17.447	62.186	1.242	2.12131	0.59503	0
1.83	-19.385	61.62	1.242	2.10199	0.66113	0
1.828	-21.305	60.993	1.243	2.08061	0.7266	0
1.825	-23.204	60.307	1.243	2.05719	0.79139	0
1.822	-25.081	59.562	1.244	2.03175	0.85542	0
1.82	-26.935	58.758	1.244	2.00432	0.91864	0
1.818	-28.763	57.896	1.244	1.97491	0.98098	0
1.817	-30.563	56.978	1.245	1.94357	1.04239	0
1.816	-32.333	56.003	1.245	1.91032	1.10279	0
1.816	-34.073	54.974	1.245	1.8752	1.16214	0
1.816	-35.78	53.89	1.246	1.83823	1.22037	0
1.817	-37.453	52.754	1.246	1.79945	1.27742	0
1.818	-39.089	51.565	1.247	1.75888	1.33323	0
1.819	-40.688	50.326	1.247	1.7166	1.38777	0
1.82	-42.247	49.037	1.247	1.67263	1.44097	0
1.821	-43.766	47.7	1.248	1.62701	1.49279	0
1.82	-45.242	46.316	1.248	1.57979	1.54316	0
1.82	-46.675	44.886	1.248	1.53102	1.59203	0
1.818	-48.062	43.412	1.249	1.48073	1.63937	0
1.816	-49.403	41.896	1.249	1.42898	1.68513	0
1.813	-50.697	40.336	1.25	1.37579	1.72927	0
1.81	-51.941	38.738	1.25	1.32127	1.77171	0
1.808	-53.135	37.102	1.25	1.26544	1.81244	0
1.806	-54.277	35.428	1.251	1.20836	1.8514	0
1.804	-55.366	33.72	1.251	1.15008	1.88857	0
1.803	-56.401	31.978	1.252	1.09066	1.92391	0
1.803	-57.382	30.204	1.252	1.03016	1.95738	0
1.802	-58.307	28.4	1.252	0.96863	1.98894	0
1.803	-59.175	26.568	1.253	0.90614	2.01857	0
1.804	-59.986	24.71	1.253	0.84275	2.04624	0
1.805	-60.738	22.826	1.254	0.77851	2.07191	0
1.806	-61.432	20.92	1.254	0.71349	2.09557	0
1.807	-62.064	18.993	1.254	0.64775	2.11715	0
1.808	-62.637	17.046	1.255	0.58137	2.1367	0
1.809	-63.149	15.083	1.255	0.51439	2.15417	0
1.81	-63.599	13.104	1.255	0.4469	2.16954	0
1.811	-63.987	11.111	1.256	0.37895	2.1828	0
1.812	-64.313	9.107	1.256	0.3106	2.19392	0
1.812	-64.577	7.094	1.257	0.24194	2.2029	0
1.813	-64.777	5.073	1.257	0.17301	2.20973	0
1.813	-64.914	3.046	1.257	0.1039	2.2144	0
1.813	-64.987	1.016	1.258	0.03466	2.21691	0
1.812	-64.997	-1.017	1.258	-0.03467	2.21725	0
1.811	-64.944	-3.048	1.258	-0.10395	2.21543	0
1.809	-64.827	-5.077	1.259	-0.17315	2.21143	0
1.807	-64.646	-7.102	1.259	-0.2422	2.20528	0
1.805	-64.402	-9.12	1.26	-0.31103	2.19696	0
1.803	-64.096	-11.13	1.26	-0.37959	2.1865	0
1.8	-63.726	-13.13	1.26	-0.44779	2.17389	0
1.798	-63.295	-15.117	1.261	-0.51558	2.15915	0
1.796	-62.801	-17.091	1.261	-0.58289	2.1423	0
1.793	-62.246	-19.048	1.262	-0.64965	2.12335	0
1.79	-61.628	-20.987	1.262	-0.71578	2.10229	0
1.788	-60.952	-22.907	1.262	-0.78125	2.07919	0
1.785	-60.215	-24.804	1.263	-0.84597	2.05406	0
1.783	-59.42	-26.678	1.263	-0.90989	2.02691	0
1.781	-58.566	-28.527	1.263	-0.97294	1.99778	0
1.78	-57.655	-30.348	1.264	-1.03505	1.96668	0
1.779	-56.687	-32.14	1.264	-1.09618	1.93365	0
1.778	-55.663	-33.901	1.265	-1.15626	1.89872	0
1.779	-54.585	-35.63	1.265	-1.21522	1.86192	0
1.779	-53.453	-37.324	1.265	-1.27302	1.82329	0
1.78	-52.268	-38.982	1.266	-1.32959	1.78287	0
1.781	-51.032	-40.603	1.266	-1.38488	1.7407	0
1.782	-49.745	-42.185	1.267	-1.43887	1.69678	0
1.783	-48.41	-43.726	1.267	-1.49143	1.65122	0
1.783	-47.027	-45.225	1.267	-1.54256	1.60404	0
1.782	-45.597	-46.68	1.268	-1.59219	1.55527	0
1.781	-44.123	-48.089	1.268	-1.64029	1.50496	0
1.779	-42.605	-49.452	1.269	-1.6868	1.45318	0
1.777	-41.045	-50.767	1.269	-1.73167	1.39995	0
1.774	-39.444	-52.033	1.269	-1.77486	1.34535	0
1.772	-37.804	-53.248	1.27	-1.81631	1.28939	0
1.77	-36.127	-54.412	1.27	-1.85602	1.23218	0
1.768	-34.414	-55.523	1.27	-1.89393	1.17375	0
1.767	-32.667	-56.58	1.271	-1.93001	1.11415	0
1.766	-30.887	-57.582	1.271	-1.9642	1.05345	0
1.766	-29.077	-58.528	1.272	-1.99649	0.9917	0
1.766	-27.237	-59.418	1.272	-2.02684	0.92896	0
1.767	-25.371	-60.249	1.272	-2.05521	0.8653	0
1.768	-23.479	-61.022	1.273	-2.08159	0.80077	0
1.769	-21.564	-61.735	1.273	-2.10593	0.73544	0
1.77	-19.627	-62.389	1.274	-2.12823	0.66938	0
1.772	-17.67	-62.981	1.274	-2.14845	0.60264	0
1.773	-15.695	-63.512	1.274	-2.16658	0.53529	0
1.773	-13.705	-63.982	1.275	-2.1826	0.4674	0
1.774	-11.7	-64.389	1.275	-2.19649	0.39904	0
1.775	-9.682	-64.733	1.276	-2.20824	0.33022	0
1.776	-7.656	-65.014	1.276	-2.21783	0.2611	0
1.776	-5.621	-65.231	1.276	-2.22525	0.1917	0
1.776	-3.58	-65.385	1.277	-2.2305	0.1221	0
1.776	-1.535	-65.475	1.277	-2.23357	0.05235	0
1.775	0.512	-65.5	1.277	-2.23442	-0.01747	0
1.774	2.559	-65.462	1.278	-2.23312	-0.08729	0
1.773	4.605	-65.36	1.278	-2.22964	-0.15705	0
1.771	6.646	-65.194	1.279	-2.22398	-0.22667	0
1.769	8.682	-64.964	1.279	-2.21614	-0.2961	0
1.767	10.71	-64.671	1.279	-2.20613	-0.36525	0
1.765	12.728	-64.315	1.28	-2.19397	-0.43408	0
1.762	14.734	-63.895	1.28	-2.17965	-0.5025	0
1.76	16.726	-63.413	1.281	-2.1632	-0.57045	0
1.758	18.703	-62.869	1.281	-2.14463	-0.63786	0
1.755	20.662	-62.263	1.281	-2.12395	-0.70467	0
1.753	22.601	-61.597	1.282	-2.1012	-0.77082	0
1.751	24.519	-60.869	1.282	-2.07638	-0.83623	0
1.748	26.413	-60.082	1.283	-2.04953	-0.90085	0
1.747	28.282	-59.237	1.283	-2.02066	-0.9646	0
1.745	30.124	-58.333	1.283	-1.98981	-1.02744	0
1.744	31.938	-57.371	1.284	-1.95701	-1.08929	0
1.743	33.721	-56.353	1.284	-1.92227	-1.15013	0
1.743	35.472	-55.28	1.284	-1.88565	-1.20983	0
1.743	37.188	-54.153	1.285	-1.84718	-1.26837	0
1.744	38.867	-52.971	1.285	-1.80687	-1.32567	0
1.745	40.51	-51.739	1.286	-1.7648	-1.38171	0
1.747	42.114	-50.455	1.286	-1.721	-1.43642	0
1.747	43.677	-49.122	1.286	-1.67551	-1.48974	0
1.748	45.197	-47.74	1.287	-1.62836	-1.54162	0
1.747	46.674	-46.311	1.287	-1.57961	-1.59202	0
1.746	48.106	-44.836	1.288	-1.52931	-1.64087	0
1.744	49.492	-43.317	1.288	-1.47749	-1.68814	0
1.742	50.829	-41.756	1.288	-1.42422	-1.73377	0
1.739	52.117	-40.153	1.289	-1.36953	-1.77772	0
1.737	53.355	-38.51	1.289	-1.3135	-1.81995	0
1.735	54.541	-36.83	1.29	-1.25616	-1.86041	0
1.733	55.673	-35.112	1.29	-1.19758	-1.89907	0
1.732	56.752	-33.36	1.29	-1.13781	-1.93588	0
1.731	57.776	-31.575	1.291	-1.07692	-1.97081	0
1.732	58.743	-29.758	1.291	-1.01495	-2.00383	0
1.732	59.654	-27.912	1.291	-0.95198	-2.0349	0
1.733	60.506	-26.038	1.292	-0.88805	-2.06399	0
1.733	61.3	-24.138	1.292	-0.82325	-2.09107	0
1.734	62.034	-22.213	1.293	-0.75758	-2.11613	0
1.735	62.707	-20.266	1.293	-0.69117	-2.13908	0
1.736	63.319	-18.299	1.293	-0.62409	-2.15998	0
1.737	63.87	-16.313	1.294	-0.55637	-2.17877	0
1.738	64.358	-14.311	1.294	-0.48809	-2.19544	0
1.739	64.784	-12.295	1.295	-0.41932	-2.20997	0
1.74	65.146	-10.266	1.295	-0.35011	-2.22234	0
1.74	65.445	-8.226	1.295	-0.28054	-2.23254	0
1.741	65.68	-6.177	1.296	-0.21068	-2.24057	0
1.741	65.851	-4.122	1.296	-0.14059	-2.2464	0
1.741	65.958	-2.062	1.297	-0.07034	-2.25004	0
1.74	66	0	1.297	0	-2.25149	0
1.689	65.98	2.003	1.297	0.06832	-2.25079	0
1.688	65.897	4.005	1.298	0.13659	-2.24798	0
1.687	65.755	6.004	1.298	0.20476	-2.24314	0
1.685	65.553	7.999	1.298	0.2728	-2.23622	0
1.683	65.289	9.986	1.299	0.34057	-2.22721	0
1.681	64.965	11.964	1.299	0.40805	-2.21618	0
1.679	64.582	13.933	1.3	0.47517	-2.2031	0
1.677	64.138	15.888	1.3	0.54187	-2.18795	0
1.675	63.636	17.83	1.3	0.60809	-2.17081	0
1.673	63.076	19.756	1.301	0.67378	-2.15167	0
1.67	62.455	21.664	1.301	0.73886	-2.13051	0
1.668	61.778	23.554	1.301	0.80332	-2.1074	0
1.666	61.044	25.422	1.302	0.86702	-2.08235	0
1.664	60.253	27.266	1.302	0.92994	-2.05534	0
1.662	59.407	29.086	1.303	0.99203	-2.02646	0
1.661	58.505	30.88	1.303	1.05322	-1.99571	0
1.66	57.549	32.646	1.303	1.11345	-1.96308	0
1.66	56.541	34.383	1.304	1.17269	-1.92866	0
1.66	55.48	36.088	1.304	1.23086	-1.89245	0
1.66	54.366	37.761	1.305	1.28794	-1.85444	0
1.661	53.203	39.399	1.305	1.34383	-1.81476	0
1.662	51.99	41.002	1.305	1.3985	-1.77339	0
1.663	50.729	42.567	1.306	1.45188	-1.73036	0
1.664	49.421	44.093	1.306	1.50395	-1.68574	0
1.664	48.068	45.58	1.306	1.55466	-1.63956	0
1.664	46.669	47.024	1.307	1.60393	-1.59183	0
1.663	45.226	48.426	1.307	1.65179	-1.54261	0
1.661	43.742	49.784	1.308	1.69811	-1.49199	0
1.659	42.217	51.095	1.308	1.74286	-1.43996	0
1.657	40.653	52.361	1.308	1.78604	-1.3866	0
1.654	39.052	53.579	1.309	1.82759	-1.33196	0
1.652	37.413	54.746	1.309	1.86744	-1.27605	0
1.651	35.74	55.865	1.31	1.90561	-1.21897	0
1.65	34.033	56.932	1.31	1.94203	-1.16076	0
1.649	32.293	57.947	1.31	1.97667	-1.1014	0
1.649	30.524	58.91	1.311	2.0095	-1.04107	0
1.649	28.726	59.817	1.311	2.04046	-0.97974	0
1.65	26.902	60.67	1.311	2.06958	-0.91752	0
1.65	25.052	61.468	1.312	2.09681	-0.85442	0
1.651	23.178	62.208	1.312	2.12207	-0.79051	0
1.652	21.283	62.892	1.313	2.14543	-0.72587	0
1.653	19.368	63.519	1.313	2.16681	-0.66054	0
1.654	17.432	64.086	1.313	2.18617	-0.59453	0
1.655	15.482	64.596	1.314	2.20355	-0.52801	0
1.656	13.516	65.045	1.314	2.21891	-0.46098	0
1.656	11.538	65.435	1.314	2.23219	-0.3935	0
1.657	9.548	65.764	1.315	2.24345	-0.32564	0
1.657	7.549	66.034	1.315	2.25264	-0.25747	0
1.658	5.543	66.242	1.316	2.25973	-0.18903	0
1.658	3.529	66.389	1.316	2.26477	-0.12036	0
1.658	1.513	66.476	1.316	2.26772	-0.05161	0
1.657	-0.505	66.5	1.317	2.26855	0.01722	0
1.656	-2.523	66.464	1.317	2.26733	0.08605	0
1.655	-4.54	66.367	1.318	2.26401	0.15482	0
1.654	-6.552	66.208	1.318	2.25857	0.22347	0
1.652	-8.56	65.988	1.318	2.25108	0.29193	0
1.65	-10.56	65.708	1.319	2.24151	0.36015	0
1.648	-12.552	65.366	1.319	2.22984	0.42808	0
1.646	-14.532	64.964	1.319	2.21614	0.49561	0
1.644	-16.499	64.503	1.32	2.2004	0.56271	0
1.642	-18.452	63.982	1.32	2.18259	0.6293	0
1.64	-20.388	63.402	1.321	2.1628	0.69533	0
1.638	-22.306	62.763	1.321	2.14101	0.76075	0
1.636	-24.203	62.066	1.321	2.11721	0.82548	0
1.634	-26.08	61.312	1.322	2.09148	0.88947	0
1.633	-27.933	60.501	1.322	2.0638	0.95271	0
1.631	-29.761	59.633	1.322	2.0342	1.01503	0
1.63	-31.561	58.711	1.323	2.00274	1.07645	0
1.629	-33.333	57.735	1.323	1.96943	1.1369	0
1.628	-35.075	56.705	1.324	1.93426	1.19631	0
1.628	-36.785	55.623	1.324	1.89734	1.25464	0
1.629	-38.462	54.489	1.324	1.85865	1.31184	0
1.63	-40.104	53.303	1.325	1.81819	1.36786	0
1.631	-41.709	52.069	1.325	1.77609	1.42263	0
1.632	-43.277	50.787	1.326	1.73234	1.4761	0
1.632	-44.804	49.457	1.326	1.68696	1.52821	0
1.632	-46.291	48.082	1.326	1.64004	1.57895	0
1.632	-47.736	46.662	1.327	1.5916	1.62825	0
1.631	-49.137	45.198	1.327	1.54165	1.67604	0
1.629	-50.493	43.693	1.327	1.49029	1.72232	0
1.627	-51.805	42.146	1.328	1.43751	1.76706	0
1.625	-53.067	40.56	1.328	1.3834	1.81013	0
1.623	-54.281	38.936	1.329	1.32803	1.85157	0
1.621	-55.446	37.277	1.329	1.27141	1.89132	0
1.62	-56.56	35.582	1.329	1.21359	1.92931	0
1.619	-57.622	33.854	1.33	1.15465	1.96556	0
1.619	-58.632	32.095	1.33	1.09464	2.00001	0
1.618	-59.587	30.305	1.331	1.03358	2.0326	0
1.619	-60.488	28.486	1.331	0.97154	2.06338	0
1.619	-61.334	26.641	1.331	0.90861	2.09224	0
1.62	-62.123	24.771	1.332	0.84482	2.11915	0
1.621	-62.855	22.877	1.332	0.78025	2.14415	0
1.621	-63.53	20.963	1.333	0.71494	2.16718	0
1.622	-64.145	19.028	1.333	0.64894	2.18819	0
1.623	-64.703	17.075	1.333	0.58234	2.20722	0
1.624	-65.201	15.104	1.334	0.51514	2.22423	0
1.625	-65.638	13.121	1.334	0.44748	2.23915	0
1.625	-66.016	11.124	1.334	0.37939	2.25204	0
1.626	-66.333	9.117	1.335	0.31094	2.26286	0
1.626	-66.588	7.101	1.335	0.24218	2.27157	0
1.627	-66.783	5.078	1.336	0.17317	2.27822	0
1.627	-66.917	3.049	1.336	0.10399	2.28277	0
1.627	-66.987	1.017	1.336	0.03469	2.28518	0
1.626	-66.997	-1.017	1.337	-0.0347	2.28552	0
1.625	-66.945	-3.05	1.337	-0.10404	2.28372	0
1.624	-66.831	-5.081	1.338	-0.1733	2.27985	0
1.622	-66.656	-7.108	1.338	-0.24242	2.27388	0
1.621	-66.419	-9.129	1.338	-0.31134	2.26577	0
1.619	-66.121	-11.142	1.339	-0.38	2.25561	0
1.617	-65.762	-13.145	1.339	-0.44832	2.24336	0
1.615	-65.342	-15.137	1.339	-0.51625	2.22901	0
1.613	-64.862	-17.117	1.34	-0.58376	2.21263	0
1.611	-64.322	-19.08	1.34	-0.65073	2.19421	0
1.609	-63.722	-21.026	1.341	-0.7171	2.17373	0
1.607	-63.064	-22.953	1.341	-0.78284	2.15127	0
1.605	-62.347	-24.86	1.341	-0.84788	2.12682	0
1.604	-61.573	-26.744	1.342	-0.91215	2.10038	0
1.602	-60.742	-28.605	1.342	-0.9756	2.07202	0
1.601	-59.854	-30.441	1.343	-1.03822	2.04173	0
1.6	-58.911	-32.247	1.343	-1.09985	2.00953	0
1.599	-57.913	-34.025	1.343	-1.1605	1.97551	0
1.598	-56.863	-35.772	1.344	-1.22009	1.93965	0
1.598	-55.758	-37.486	1.344	-1.27857	1.90197	0
1.599	-54.603	-39.167	1.344	-1.3359	1.86255	0
1.6	-53.397	-40.812	1.345	-1.39202	1.82141	0
1.601	-52.141	-42.419	1.345	-1.44685	1.77855	0
1.602	-50.837	-43.99	1.346	-1.50042	1.73404	0
1.602	-49.486	-45.519	1.346	-1.55259	1.68794	0
1.602	-48.088	-47.006	1.346	-1.60333	1.64025	0
1.602	-46.646	-48.451	1.347	-1.65263	1.59106	0
1.6	-45.161	-49.851	1.347	-1.70042	1.5404	0
1.599	-43.634	-51.206	1.348	-1.74663	1.48827	0
1.597	-42.066	-52.514	1.348	-1.79127	1.43479	0
1.594	-40.459	-53.775	1.348	-1.83427	1.37997	0
1.593	-38.813	-54.986	1.349	-1.8756	1.3238	0
1.591	-37.132	-56.146	1.349	-1.91521	1.26646	0
1.59	-35.416	-57.256	1.35	-1.95307	1.20793	0
1.589	-33.667	-58.312	1.35	-1.98911	1.14826	0
1.589	-31.886	-59.316	1.35	-2.02336	1.08753	0
1.589	-30.076	-60.265	1.351	-2.05576	1.02578	0
1.59	-28.237	-61.158	1.351	-2.08623	0.96306	0
1.59	-26.371	-61.996	1.351	-2.11485	0.89941	0
1.591	-24.481	-62.778	1.352	-2.1415	0.83494	0
1.591	-22.568	-63.5	1.352	-2.16616	0.76968	0
1.592	-20.633	-64.165	1.353	-2.18886	0.70371	0
1.593	-18.679	-64.771	1.353	-2.20955	0.63707	0
1.594	-16.707	-65.317	1.353	-2.22818	0.56981	0
1.594	-14.72	-65.804	1.354	-2.24479	0.50202	0
1.595	-12.718	-66.23	1.354	-2.25933	0.43374	0
1.596	-10.702	-66.594	1.355	-2.27178	0.36501	0
1.597	-8.678	-66.899	1.355	-2.28215	0.29596	0
1.597	-6.645	-67.141	1.355	-2.29043	0.22662	0
1.597	-4.605	-67.321	1.356	-2.29656	0.15705	0
1.597	-2.56	-67.439	1.356	-2.30061	0.08731	0
1.597	-0.512	-67.496	1.356	-2.30255	0.01748	0
1.596	1.536	-67.49	1.357	-2.30232	-0.05239	0
1.595	3.584	-67.422	1.357	-2.30001	-0.12224	0
1.594	5.631	-67.292	1.358	-2.29558	-0.19203	0
1.593	7.671	-67.099	1.358	-2.28899	-0.26162	0
1.591	9.705	-66.845	1.358	-2.28033	-0.33099	0
1.589	11.731	-66.53	1.359	-2.26956	-0.40008	0
1.587	13.746	-66.152	1.359	-2.25667	-0.46882	0
1.586	15.75	-65.714	1.36	-2.24172	-0.53715	0
1.584	17.739	-65.215	1.36	-2.22471	-0.60501	0
1.582	19.714	-64.655	1.36	-2.20559	-0.67236	0
1.58	21.67	-64.037	1.361	-2.18448	-0.73908	0
1.578	23.607	-63.359	1.361	-2.16135	-0.80514	0
1.577	25.522	-62.622	1.362	-2.13619	-0.87046	0
1.575	27.415	-61.828	1.362	-2.10908	-0.93502	0
1.573	29.283	-60.976	1.362	-2.08002	-0.99873	0
1.572	31.124	-60.067	1.363	-2.04901	-1.06153	0
1.571	32.937	-59.104	1.363	-2.01613	-1.12339	0
1.57	34.721	-58.084	1.363	-1.98134	-1.18425	0
1.57	36.474	-57.012	1.364	-1.94476	-1.24401	0
1.57	38.192	-55.887	1.364	-1.90637	-1.30265	0
1.571	39.876	-54.71	1.365	-1.86619	-1.36009	0
1.571	41.524	-53.483	1.365	-1.82431	-1.41631	0
1.572	43.134	-52.206	1.365	-1.78074	-1.47125	0
1.573	44.705	-50.879	1.366	-1.73548	-1.52482	0
1.574	46.235	-49.506	1.366	-1.68864	-1.57703	0
1.573	47.724	-48.087	1.367	-1.64021	-1.62783	0
1.573	49.168	-46.623	1.367	-1.59025	-1.67709	0
1.571	50.567	-45.116	1.367	-1.53884	-1.72485	0
1.569	51.921	-43.567	1.368	-1.486	-1.77103	0
1.568	53.226	-41.977	1.368	-1.43175	-1.81556	0
1.566	54.484	-40.348	1.369	-1.37619	-1.85847	0
1.564	55.691	-38.682	1.369	-1.31935	-1.89967	0
1.562	56.848	-36.978	1.369	-1.26122	-1.93913	0
1.561	57.952	-35.241	1.37	-1.20197	-1.97683	0
1.561	59.004	-33.471	1.37	-1.14159	-2.01271	0
1.561	60	-31.669	1.37	-1.08013	-2.04671	0
1.561	60.942	-29.838	1.371	-1.01768	-2.07888	0
1.562	61.829	-27.979	1.371	-0.95427	-2.10913	0
1.562	62.658	-26.094	1.372	-0.88995	-2.13742	0
1.563	63.43	-24.184	1.372	-0.8248	-2.16378	0
1.563	64.145	-22.25	1.372	-0.75884	-2.18816	0
1.564	64.799	-20.296	1.373	-0.69219	-2.21049	0
1.565	65.395	-18.323	1.373	-0.62489	-2.23082	0
1.565	65.93	-16.332	1.374	-0.557	-2.24911	0
1.566	66.404	-14.326	1.374	-0.48857	-2.26529	0
1.567	66.818	-12.306	1.374	-0.41968	-2.27941	0
1.568	67.171	-10.274	1.375	-0.35039	-2.29145	0
1.568	67.461	-8.232	1.375	-0.28074	-2.30134	0
1.569	67.689	-6.18	1.376	-0.21078	-2.30915	0
1.569	67.856	-4.124	1.376	-0.14065	-2.31483	0
1.569	67.959	-2.063	1.376	-0.07037	-2.31834	0
1.568	68	0	1.377	0	-2.31975	0
1.516	67.98	1.996	1.377	0.06808	-2.31906	0
1.516	67.902	3.991	1.378	0.13612	-2.3164	0
1.515	67.764	5.985	1.378	0.2041	-2.3117	0
1.513	67.568	7.972	1.378	0.27189	-2.30501	0
1.512	67.315	9.953	1.379	0.33946	-2.29637	0
1.51	67.003	11.927	1.379	0.40675	-2.28571	0
1.509	66.632	13.891	1.379	0.47376	-2.27307	0
1.507	66.206	15.843	1.38	0.54034	-2.25851	0
1.505	65.721	17.782	1.38	0.60646	-2.24196	0
1.504	65.179	19.706	1.381	0.67208	-2.22347	0
1.502	64.582	21.615	1.381	0.73719	-2.20308	0
1.5	63.928	23.504	1.381	0.80164	-2.18077	0
1.499	63.219	25.374	1.382	0.86541	-2.15657	0
1.497	62.456	27.223	1.382	0.92846	-2.13053	0
1.496	61.638	29.049	1.382	0.99076	-2.1026	0
1.494	60.767	30.85	1.383	1.0522	-2.0729	0
1.493	59.844	32.625	1.383	1.11274	-2.04138	0
1.493	58.868	34.372	1.384	1.17233	-2.00808	0
1.492	57.842	36.091	1.384	1.23098	-1.97305	0
1.492	56.765	37.779	1.384	1.28854	-1.93631	0
1.492	55.639	39.434	1.385	1.345	-1.89789	0
1.493	54.465	41.056	1.385	1.40034	-1.85784	0
1.494	53.243	42.643	1.385	1.4545	-1.81614	0
1.495	51.975	44.194	1.386	1.50739	-1.77288	0
1.495	50.663	45.707	1.386	1.55901	-1.72811	0
1.496	49.306	47.181	1.387	1.60929	-1.68181	0
1.495	47.906	48.615	1.387	1.65822	-1.63402	0
1.494	46.465	50.007	1.387	1.70573	-1.58487	0
1.493	44.983	51.356	1.388	1.75176	-1.53431	0
1.491	43.462	52.662	1.388	1.7963	-1.48241	0
1.489	41.902	53.923	1.389	1.83934	-1.42922	0
1.488	40.307	55.137	1.389	1.88077	-1.37479	0
1.486	38.676	56.304	1.389	1.92058	-1.31916	0
1.485	37.012	57.423	1.39	1.95878	-1.2624	0
1.484	35.315	58.493	1.39	1.99529	-1.20448	0
1.484	33.587	59.512	1.39	2.03007	-1.14555	0
1.484	31.83	60.481	1.391	2.06314	-1.08562	0
1.484	30.045	61.398	1.391	2.09442	-1.02474	0
1.485	28.234	62.261	1.392	2.12389	-0.96295	0
1.485	26.397	63.073	1.392	2.15159	-0.9003	0
1.486	24.537	63.829	1.392	2.17739	-0.83687	0
1.486	22.657	64.531	1.393	2.20135	-0.77272	0
1.487	20.756	65.177	1.393	2.2234	-0.70788	0
1.487	18.835	65.767	1.393	2.24354	-0.64237	0
1.488	16.899	66.301	1.394	2.26177	-0.57634	0
1.489	14.947	66.778	1.394	2.27802	-0.50978	0
1.489	12.983	67.196	1.395	2.29232	-0.44277	0
1.49	11.005	67.559	1.395	2.30468	-0.37533	0
1.49	9.018	67.861	1.395	2.31502	-0.30757	0
1.491	7.024	68.106	1.396	2.32336	-0.23954	0
1.491	5.022	68.293	1.396	2.32974	-0.17128	0
1.491	3.015	68.42	1.397	2.33407	-0.10282	0
1.491	1.005	68.488	1.397	2.33639	-0.03429	0
1.49	-1.005	68.498	1.397	2.33673	0.03429	0
1.49	-3.016	68.448	1.398	2.33503	0.10286	0
1.489	-5.026	68.338	1.398	2.3313	0.1714	0
1.487	-7.03	68.171	1.398	2.3256	0.23977	0
1.486	-9.03	67.945	1.399	2.31786	0.30795	0
1.485	-11.021	67.659	1.399	2.30812	0.37588	0
1.483	-13.006	67.316	1.4	2.29641	0.44356	0
1.482	-14.978	66.914	1.4	2.28269	0.51082	0
1.48	-16.938	66.454	1.4	2.267	0.57767	0
1.478	-18.884	65.938	1.401	2.24938	0.64404	0
1.477	-20.815	65.364	1.401	2.22977	0.70991	0
1.475	-22.728	64.733	1.401	2.20825	0.77514	0
1.474	-24.621	64.047	1.402	2.18484	0.83974	0
1.473	-26.494	63.305	1.402	2.15952	0.90361	0
1.471	-28.346	62.509	1.403	2.13234	0.96678	0
1.47	-30.173	61.658	1.403	2.10331	1.02908	0
1.469	-31.974	60.754	1.403	2.07245	1.09052	0
1.468	-33.748	59.798	1.404	2.03982	1.15104	0
1.467	-35.493	58.789	1.404	2.0054	1.21058	0
1.467	-37.21	57.729	1.405	1.96922	1.26912	0
1.467	-38.894	56.62	1.405	1.93138	1.32658	0
1.467	-40.544	55.462	1.405	1.89184	1.38288	0
1.468	-42.16	54.255	1.406	1.85066	1.43801	0
1.469	-43.742	53.001	1.406	1.80787	1.49197	0
1.47	-45.285	51.701	1.406	1.76352	1.5446	0
1.47	-46.789	50.356	1.407	1.71763	1.59592	0
1.47	-48.254	48.968	1.407	1.67027	1.6459	0
1.469	-49.678	47.536	1.408	1.62141	1.69448	0
1.468	-51.058	46.063	1.408	1.57117	1.74159	0
1.467	-52.396	44.551	1.408	1.51958	1.78723	0
1.465	-53.688	43	1.409	1.46665	1.83132	0
1.463	-54.935	41.41	1.409	1.41241	1.87387	0
1.462	-56.135	39.785	1.41	1.35699	1.91481	0
1.461	-57.286	38.126	1.41	1.30037	1.95409	0
1.46	-58.388	36.432	1.41	1.24261	1.9917	0
1.459	-59.441	34.707	1.411	1.18375	2.02765	0
1.459	-60.442	32.952	1.411	1.12387	2.06181	0
1.459	-61.392	31.167	1.411	1.06301	2.0942	0
1.46	-62.289	29.356	1.412	1.00123	2.12483	0
1.46	-63.133	27.518	1.412	0.93852	2.15362	0
1.46	-63.922	25.656	1.413	0.87504	2.18057	0
1.461	-64.656	23.772	1.413	0.81077	2.20562	0
1.462	-65.335	21.867	1.413	0.74579	2.22878	0
1.462	-65.958	19.942	1.414	0.68012	2.25006	0
1.463	-66.524	17.999	1.414	0.61387	2.26937	0
1.464	-67.032	16.041	1.414	0.54708	2.28672	0
1.464	-67.484	14.069	1.415	0.47981	2.30214	0
1.465	-67.877	12.082	1.415	0.41206	2.31555	0
1.465	-68.211	10.086	1.416	0.34398	2.32696	0
1.466	-68.488	8.081	1.416	0.27559	2.3364	0
1.466	-68.705	6.068	1.416	0.20694	2.3438	0
1.466	-68.862	4.048	1.417	0.13805	2.34918	0
1.466	-68.961	2.025	1.417	0.06906	2.35256	0
1.466	-69	0	1.418	0	2.35388	0
1.465	-68.979	-2.026	1.418	-0.06908	2.35317	0
1.464	-68.9	-4.05	1.418	-0.13812	2.35047	0
1.463	-68.76	-6.073	1.419	-0.2071	2.3457	0
1.462	-68.561	-8.089	1.419	-0.27588	2.33891	0
1.461	-68.304	-10.1	1.419	-0.34445	2.33014	0
1.459	-67.987	-12.102	1.42	-0.41273	2.31932	0
1.458	-67.611	-14.095	1.42	-0.48072	2.30648	0
1.456	-67.178	-16.076	1.421	-0.54827	2.2917	0
1.455	-66.686	-18.043	1.421	-0.61537	2.2749	0
1.453	-66.136	-19.995	1.421	-0.68195	2.25614	0
1.452	-65.53	-21.932	1.422	-0.74802	2.23545	0
1.45	-64.867	-23.85	1.422	-0.81341	2.2128	0
1.449	-64.147	-25.747	1.423	-0.87811	2.18824	0
1.448	-63.373	-27.622	1.423	-0.94209	2.16182	0
1.446	-62.542	-29.475	1.423	-1.0053	2.13347	0
1.445	-61.659	-31.303	1.424	-1.06764	2.10333	0
1.444	-60.722	-33.104	1.424	-1.12906	2.07134	0
1.443	-59.732	-34.876	1.424	-1.18953	2.03755	0
1.443	-58.69	-36.621	1.425	-1.24904	2.00201	0
1.442	-57.597	-38.333	1.425	-1.30744	1.96472	0
1.443	-56.455	-40.012	1.426	-1.36473	1.92573	0
1.443	-55.264	-41.658	1.426	-1.42087	1.88509	0
1.444	-54.024	-43.269	1.426	-1.47582	1.84277	0
1.445	-52.737	-44.842	1.427	-1.52949	1.79887	0
1.446	-51.406	-46.377	1.427	-1.58187	1.75344	0
1.446	-50.029	-47.872	1.428	-1.63288	1.70646	0
1.445	-48.607	-49.327	1.428	-1.68252	1.65797	0
1.445	-47.145	-50.74	1.428	-1.73073	1.60809	0
1.443	-45.642	-52.109	1.429	-1.77743	1.55679	0
1.442	-44.098	-53.433	1.429	-1.82261	1.50413	0
1.44	-42.516	-54.713	1.43	-1.86629	1.45015	0
1.438	-40.897	-55.944	1.43	-1.90832	1.39492	0
1.437	-39.243	-57.128	1.43	-1.94871	1.33847	0
1.436	-37.554	-58.264	1.431	-1.98746	1.28088	0
1.436	-35.831	-59.349	1.431	-2.02451	1.22211	0
1.435	-34.078	-60.383	1.431	-2.05979	1.16231	0
1.435	-32.296	-61.366	1.432	-2.09334	1.10151	0
1.436	-30.485	-62.296	1.432	-2.12507	1.03973	0
1.436	-28.647	-63.172	1.433	-2.15497	0.97704	0
1.436	-26.783	-63.995	1.433	-2.18307	0.91346	0
1.437	-24.896	-64.762	1.433	-2.20925	0.84911	0
1.437	-22.988	-65.475	1.434	-2.23356	0.78402	0
1.438	-21.059	-66.13	1.434	-2.25592	0.71823	0
1.438	-19.11	-66.728	1.435	-2.27635	0.65176	0
1.439	-17.146	-67.27	1.435	-2.29484	0.58476	0
1.439	-15.166	-67.753	1.435	-2.31133	0.51723	0
1.44	-13.172	-68.178	1.436	-2.32583	0.44924	0
1.441	-11.166	-68.546	1.436	-2.33837	0.38081	0
1.441	-9.15	-68.853	1.436	-2.34885	0.31207	0
1.442	-7.126	-69.101	1.437	-2.35731	0.24304	0
1.442	-5.096	-69.29	1.437	-2.36378	0.17378	0
1.442	-3.059	-69.419	1.438	-2.36817	0.10432	0
1.441	-1.02	-69.488	1.438	-2.37052	0.03479	0
1.441	1.02	-69.498	1.438	-2.37086	-0.03479	0
1.44	3.06	-69.447	1.439	-2.36913	-0.10436	0
1.44	5.099	-69.336	1.439	-2.36534	-0.1739	0
1.439	7.133	-69.166	1.44	-2.35955	-0.24327	0
1.437	9.161	-68.936	1.44	-2.35169	-0.31244	0
1.436	11.182	-68.646	1.44	-2.34181	-0.38137	0
1.434	13.195	-68.298	1.441	-2.32992	-0.45003	0
1.433	15.196	-67.89	1.441	-2.31599	-0.51827	0
1.431	17.185	-67.423	1.441	-2.30007	-0.58609	0
1.43	19.159	-66.9	1.442	-2.28219	-0.65343	0
1.429	21.118	-66.317	1.442	-2.26229	-0.72026	0
1.427	23.059	-65.677	1.443	-2.24045	-0.78644	0
1.426	24.98	-64.981	1.443	-2.2167	-0.85197	0
1.425	26.88	-64.228	1.443	-2.191	-0.91678	0
1.424	28.759	-63.42	1.444	-2.16343	-0.98087	0
1.422	30.612	-62.556	1.444	-2.13396	-1.04408	0
1.421	32.439	-61.639	1.445	-2.10265	-1.1064	0
1.42	34.24	-60.669	1.445	-2.06954	-1.16781	0
1.419	36.01	-59.646	1.445	-2.03462	-1.22821	0
1.419	37.751	-58.57	1.446	-1.9979	-1.28761	0
1.419	39.46	-57.445	1.446	-1.95951	-1.34589	0
1.42	41.134	-56.269	1.447	-1.91939	-1.40301	0
1.42	42.774	-55.044	1.447	-1.8776	-1.45894	0
1.421	44.378	-53.772	1.447	-1.83419	-1.51368	0
1.422	45.943	-52.453	1.448	-1.78918	-1.56708	0
1.422	47.469	-51.089	1.448	-1.74263	-1.61914	0
1.422	48.956	-49.68	1.448	-1.69458	-1.66985	0
1.422	50.4	-48.227	1.449	-1.645	-1.71913	0
1.421	51.801	-46.733	1.449	-1.59402	-1.76692	0
1.419	53.158	-45.199	1.45	-1.54168	-1.81322	0
1.418	54.468	-43.625	1.45	-1.48798	-1.85795	0
1.416	55.733	-42.012	1.45	-1.43295	-1.90111	0
1.415	56.951	-40.364	1.451	-1.37672	-1.94265	0
1.413	58.118	-38.68	1.451	-1.31927	-1.9825	0
1.413	59.236	-36.962	1.452	-1.26067	-2.02065	0
1.412	60.305	-35.211	1.452	-1.20095	-2.05712	0
1.412	61.32	-33.43	1.452	-1.1402	-2.09177	0
1.413	62.283	-31.62	1.453	-1.07845	-2.12463	0
1.413	63.194	-29.782	1.453	-1.01577	-2.1557	0
1.413	64.049	-27.917	1.454	-0.95215	-2.18491	0
1.414	64.85	-26.029	1.454	-0.88774	-2.21225	0
1.414	65.595	-24.117	1.454	-0.82254	-2.23766	0
1.415	66.283	-22.184	1.455	-0.75661	-2.26115	0
1.415	66.916	-20.231	1.455	-0.68999	-2.28273	0
1.416	67.489	-18.261	1.455	-0.62278	-2.30232	0
1.416	68.005	-16.274	1.456	-0.55502	-2.31992	0
1.417	68.463	-14.273	1.456	-0.48677	-2.33555	0
1.417	68.862	-12.257	1.457	-0.41804	-2.34916	0
1.418	69.201	-10.232	1.457	-0.34897	-2.36073	0
1.418	69.481	-8.198	1.457	-0.27958	-2.3703	0
1.419	69.701	-6.156	1.458	-0.20994	-2.3778	0
1.419	69.86	-4.106	1.458	-0.14005	-2.38325	0
1.418	69.961	-2.054	1.459	-0.07006	-2.38668	0
1.418	70	0	1.459	0	-2.38802	0
1.379	69.98	1.999	1.459	0.06817	-2.38735	0
1.378	69.904	3.998	1.46	0.13634	-2.38473	0
1.378	69.77	5.992	1.46	0.20437	-2.38017	0
1.377	69.58	7.983	1.46	0.27226	-2.37366	0
1.376	69.332	9.969	1.461	0.33998	-2.36521	0
1.374	69.029	11.946	1.461	0.40741	-2.35487	0
1.373	68.668	13.915	1.462	0.47456	-2.34256	0
1.371	68.252	15.871	1.462	0.5413	-2.32835	0
1.37	67.78	17.816	1.462	0.60761	-2.31223	0
1.369	67.252	19.747	1.463	0.67349	-2.29421	0
1.368	66.669	21.662	1.463	0.7388	-2.27432	0
1.366	66.032	23.56	1.464	0.80352	-2.25257	0
1.365	65.34	25.44	1.464	0.86764	-2.22897	0
1.364	64.596	27.298	1.464	0.93104	-2.20356	0
1.363	63.798	29.135	1.465	0.99369	-2.17634	0
1.362	62.948	30.95	1.465	1.05559	-2.14732	0
1.361	62.047	32.739	1.465	1.11662	-2.11659	0
1.36	61.095	34.502	1.466	1.17678	-2.08407	0
1.359	60.093	36.237	1.466	1.23595	-2.04987	0
1.359	59.041	37.943	1.467	1.29414	-2.01399	0
1.359	57.94	39.619	1.467	1.35132	-1.97643	0
1.359	56.793	41.263	1.467	1.40738	-1.93727	0
1.36	55.599	42.873	1.468	1.46231	-1.89653	0
1.36	54.358	44.449	1.468	1.5161	-1.8542	0
1.361	53.074	45.989	1.468	1.56863	-1.81037	0
1.362	51.746	47.491	1.469	1.61989	-1.76506	0
1.362	50.375	48.957	1.469	1.66988	-1.71827	0
1.361	48.964	50.382	1.47	1.71852	-1.67012	0
1.36	47.51	51.767	1.47	1.76577	-1.62054	0
1.359	46.019	53.109	1.47	1.81156	-1.56966	0
1.358	44.49	54.408	1.471	1.85589	-1.51748	0
1.356	42.923	55.664	1.471	1.89874	-1.46402	0
1.355	41.321	56.874	1.472	1.94003	-1.40939	0
1.354	39.686	58.038	1.472	1.97975	-1.3536	0
1.353	38.016	59.155	1.472	2.01789	-1.29665	0
1.352	36.317	60.224	1.473	2.05437	-1.23867	0
1.352	34.587	61.245	1.473	2.08918	-1.17966	0
1.353	32.828	62.216	1.473	2.12232	-1.11964	0
1.353	31.042	63.136	1.474	2.15375	-1.05875	0
1.353	29.23	64.006	1.474	2.18342	-0.99692	0
1.354	27.394	64.822	1.475	2.21129	-0.9343	0
1.354	25.535	65.586	1.475	2.23737	-0.87091	0
1.355	23.654	66.298	1.475	2.26164	-0.80675	0
1.355	21.755	66.954	1.476	2.28406	-0.74196	0
1.355	19.837	67.557	1.476	2.30462	-0.67655	0
1.356	17.901	68.105	1.476	2.32332	-0.61053	0
1.356	15.952	68.597	1.477	2.34012	-0.54403	0
1.357	13.988	69.033	1.477	2.35501	-0.47708	0
1.357	12.012	69.413	1.478	2.36799	-0.40968	0
1.358	10.027	69.738	1.478	2.37907	-0.34197	0
1.358	8.032	70.005	1.478	2.38818	-0.27392	0
1.358	6.031	70.214	1.479	2.39534	-0.20567	0
1.358	4.024	70.367	1.479	2.40054	-0.13724	0
1.358	2.012	70.462	1.48	2.40379	-0.06864	0
1.358	0	70.5	1.48	2.40508	0	0
1.357	-2.013	70.48	1.48	2.40441	0.06865	0
1.357	-4.026	70.403	1.481	2.40177	0.13731	0
1.356	-6.035	70.268	1.481	2.39717	0.20583	0
1.355	-8.04	70.076	1.481	2.39062	0.2742	0
1.354	-10.04	69.827	1.482	2.38211	0.34241	0
1.353	-12.031	69.522	1.482	2.37169	0.41032	0
1.352	-14.014	69.158	1.483	2.35929	0.47794	0
1.35	-15.985	68.739	1.483	2.34497	0.54516	0
1.349	-17.943	68.263	1.483	2.32873	0.61195	0
1.348	-19.888	67.731	1.484	2.31058	0.6783	0
1.347	-21.817	67.145	1.484	2.29055	0.74407	0
1.346	-23.728	66.503	1.484	2.26865	0.80925	0
1.344	-25.621	65.806	1.485	2.24487	0.87383	0
1.343	-27.493	65.056	1.485	2.21927	0.93768	0
1.342	-29.343	64.253	1.486	2.19186	1.00077	0
1.341	-31.17	63.397	1.486	2.16263	1.06311	0
1.34	-32.972	62.49	1.486	2.13168	1.12458	0
1.339	-34.748	61.53	1.487	2.09893	1.18516	0
1.338	-36.495	60.521	1.487	2.06448	1.24476	0
1.338	-38.213	59.462	1.488	2.02834	1.30336	0
1.338	-39.901	58.353	1.488	1.99051	1.36095	0
1.338	-41.556	57.198	1.488	1.95108	1.41741	0
1.339	-43.178	55.995	1.489	1.91004	1.47273	0
1.339	-44.766	54.746	1.489	1.86741	1.5269	0
1.34	-46.316	53.452	1.489	1.82327	1.5798	0
1.341	-47.829	52.115	1.49	1.77763	1.63143	0
1.341	-49.305	50.733	1.49	1.7305	1.68177	0
1.34	-50.741	49.312	1.491	1.68201	1.73075	0
1.34	-52.135	47.848	1.491	1.63207	1.77833	0
1.338	-53.487	46.346	1.491	1.58083	1.82445	0
1.337	-54.795	44.806	1.492	1.52828	1.8691	0
1.335	-56.06	43.228	1.492	1.47444	1.91225	0
1.334	-57.278	41.615	1.493	1.41942	1.95384	0
1.333	-58.451	39.968	1.493	1.36322	1.99384	0
1.332	-59.576	38.287	1.493	1.30587	2.03225	0
1.332	-60.653	36.575	1.494	1.24747	2.06898	0
1.332	-61.68	34.833	1.494	1.18805	2.10404	0
1.332	-62.658	33.061	1.494	1.1276	2.13742	0
1.332	-63.585	31.263	1.495	1.06627	2.16906	0
1.333	-64.46	29.437	1.495	1.00401	2.19894	0
1.333	-65.283	27.589	1.496	0.94094	2.22701	0
1.334	-66.052	25.717	1.496	0.8771	2.25327	0
1.334	-66.768	23.822	1.496	0.81248	2.27771	0
1.334	-67.43	21.909	1.497	0.74723	2.30029	0
1.335	-68.037	19.978	1.497	0.68135	2.321	0
1.335	-68.588	18.028	1.498	0.61486	2.33983	0
1.336	-69.084	16.065	1.498	0.54789	2.35674	0
1.336	-69.523	14.088	1.498	0.48046	2.37173	0
1.336	-69.906	12.097	1.499	0.41258	2.38481	0
1.337	-70.233	10.098	1.499	0.3444	2.39596	0
1.337	-70.502	8.089	1.499	0.27586	2.40513	0
1.338	-70.713	6.073	1.5	0.20713	2.41234	0
1.338	-70.866	4.053	1.5	0.13821	2.41758	0
1.337	-70.962	2.027	1.501	0.06912	2.42086	0
1.337	-71	0	1.501	0	2.42215	0
1.337	-70.98	-2.027	1.501	-0.06914	2.42147	0
1.336	-70.902	-4.055	1.502	-0.13828	2.41881	0
1.335	-70.766	-6.078	1.502	-0.20729	2.41418	0
1.334	-70.573	-8.097	1.502	-0.27614	2.40758	0
1.333	-70.322	-10.111	1.503	-0.34483	2.399	0
1.332	-70.014	-12.116	1.503	-0.41322	2.38851	0
1.331	-69.648	-14.113	1.504	-0.48133	2.37602	0
1.33	-69.226	-16.098	1.504	-0.54902	2.36159	0
1.329	-68.747	-18.07	1.504	-0.61628	2.34524	0
1.327	-68.211	-20.029	1.505	-0.6831	2.32696	0
1.326	-67.62	-21.971	1.505	-0.74934	2.30678	0
1.325	-66.974	-23.896	1.506	-0.81498	2.28472	0
1.324	-66.272	-25.802	1.506	-0.88002	2.26077	0
1.323	-65.517	-27.688	1.506	-0.94432	2.23499	0
1.322	-64.708	-29.55	1.507	-1.00786	2.20738	0
1.321	-63.845	-31.391	1.507	-1.07064	2.17795	0
1.32	-62.932	-33.206	1.508	-1.13254	2.14677	0
1.319	-61.965	-34.994	1.508	-1.19355	2.11379	0
1.318	-60.949	-36.754	1.508	-1.25357	2.07909	0
1.318	-59.882	-38.484	1.509	-1.31258	2.0427	0
1.318	-58.766	-40.184	1.509	-1.37058	2.0046	0
1.318	-57.602	-41.85	1.509	-1.42744	1.96488	0
1.319	-56.391	-43.483	1.51	-1.48315	1.92355	0
1.319	-55.133	-45.082	1.51	-1.53769	1.88061	0
1.32	-53.83	-46.644	1.511	-1.59097	1.83616	0
1.32	-52.483	-48.168	1.511	-1.64296	1.7902	0
1.321	-51.092	-49.653	1.511	-1.69366	1.74274	0
1.32	-49.66	-51.099	1.512	-1.74298	1.6939	0
1.319	-48.187	-52.504	1.512	-1.7909	1.64361	0
1.318	-46.674	-53.865	1.513	-1.83735	1.592	0
1.317	-45.123	-55.182	1.513	-1.88231	1.53908	0
1.315	-43.533	-56.456	1.513	-1.92577	1.48485	0
1.314	-41.909	-57.683	1.514	-1.96764	1.42944	0
1.313	-40.25	-58.863	1.514	-2.00792	1.37285	0
1.312	-38.557	-59.997	1.514	-2.0466	1.31509	0
1.312	-36.833	-61.081	1.515	-2.0836	1.25628	0
1.312	-35.079	-62.115	1.515	-2.1189	1.19643	0
1.312	-33.294	-63.1	1.516	-2.15251	1.13556	0
1.313	-31.484	-64.034	1.516	-2.18438	1.0738	0
1.313	-29.645	-64.915	1.516	-2.21446	1.01109	0
1.314	-27.783	-65.743	1.517	-2.24273	0.94758	0
1.314	-25.898	-66.518	1.517	-2.26917	0.88329	0
1.314	-23.99	-67.239	1.518	-2.29379	0.81821	0
1.314	-22.064	-67.905	1.518	-2.31652	0.7525	0
1.315	-20.119	-68.516	1.518	-2.33737	0.68616	0
1.315	-18.155	-69.072	1.519	-2.35633	0.6192	0
1.316	-16.178	-69.571	1.519	-2.37336	0.55176	0
1.316	-14.187	-70.013	1.519	-2.38846	0.48385	0
1.317	-12.183	-70.399	1.52	-2.40162	0.41549	0
1.317	-10.169	-70.728	1.52	-2.41285	0.34682	0
1.317	-8.146	-70.998	1.521	-2.42209	0.27781	0
1.318	-6.116	-71.211	1.521	-2.42935	0.20859	0
1.317	-4.081	-71.365	1.521	-2.43462	0.13919	0
1.317	-2.041	-71.462	1.522	-2.43792	0.06961	0
1.317	0	-71.5	1.522	-2.43922	0	0
1.317	2.042	-71.48	1.523	-2.43853	-0.06963	0
1.316	4.083	-71.401	1.523	-2.43585	-0.13926	0
1.315	6.121	-71.265	1.523	-2.43118	-0.20875	0
1.315	8.154	-71.07	1.524	-2.42453	-0.27809	0
1.314	10.182	-70.817	1.524	-2.41589	-0.34726	0
1.312	12.201	-70.507	1.525	-2.40532	-0.41613	0
1.311	14.212	-70.139	1.525	-2.39274	-0.48472	0
1.31	16.211	-69.713	1.525	-2.37822	-0.55288	0
1.309	18.197	-69.23	1.526	-2.36175	-0.62062	0
1.308	20.17	-68.691	1.526	-2.34333	-0.68791	0
1.307	22.126	-68.096	1.526	-2.32301	-0.75461	0
1.306	24.064	-67.445	1.527	-2.30079	-0.82071	0
1.305	25.984	-66.738	1.527	-2.27668	-0.88621	0
1.304	27.882	-65.977	1.528	-2.25071	-0.95095	0
1.303	29.758	-65.163	1.528	-2.22291	-1.01494	0
1.302	31.611	-64.294	1.528	-2.19326	-1.07816	0
1.301	33.439	-63.374	1.529	-2.16186	-1.14049	0
1.3	35.24	-62.401	1.529	-2.12865	-1.20194	0
1.299	37.012	-61.377	1.53	-2.09371	-1.26238	0
1.298	38.754	-60.303	1.53	-2.05705	-1.32181	0
1.298	40.466	-59.179	1.53	-2.01868	-1.38021	0
1.299	42.144	-58.007	1.531	-1.97868	-1.43746	0
1.299	43.789	-56.787	1.531	-1.93706	-1.49356	0
1.3	45.399	-55.52	1.531	-1.89382	-1.54849	0
1.301	46.971	-54.208	1.532	-1.84906	-1.60214	0
1.301	48.506	-52.851	1.532	-1.80277	-1.6545	0
1.301	50.002	-51.45	1.533	-1.75497	-1.70555	0
1.301	51.458	-50.009	1.533	-1.70579	-1.75522	0
1.3	52.872	-48.525	1.533	-1.65514	-1.80347	0
1.299	54.242	-47.001	1.534	-1.60317	-1.85024	0
1.297	55.569	-45.439	1.534	-1.54987	-1.89551	0
1.296	56.852	-43.839	1.535	-1.49527	-1.93928	0
1.295	58.087	-42.203	1.535	-1.43947	-1.98144	0
1.294	59.276	-40.532	1.535	-1.38248	-2.02201	0
1.293	60.417	-38.827	1.536	-1.32431	-2.06096	0
1.293	61.509	-37.091	1.536	-1.26509	-2.09821	0
1.293	62.551	-35.325	1.537	-1.20482	-2.13376	0
1.293	63.542	-33.528	1.537	-1.14352	-2.1676	0
1.294	64.482	-31.704	1.537	-1.08132	-2.19969	0
1.294	65.37	-29.853	1.538	-1.01817	-2.22998	0
1.295	66.204	-27.978	1.538	-0.95422	-2.25845	0
1.295	66.984	-26.08	1.539	-0.88947	-2.28507	0
1.295	67.71	-24.158	1.539	-0.82395	-2.30986	0
1.296	68.381	-22.218	1.539	-0.75777	-2.33275	0
1.296	68.996	-20.26	1.54	-0.69096	-2.35375	0
1.296	69.555	-18.283	1.54	-0.62353	-2.37284	0
1.296	70.058	-16.291	1.54	-0.55562	-2.38999	0
1.297	70.503	-14.286	1.541	-0.48724	-2.40519	0
1.297	70.891	-12.268	1.541	-0.4184	-2.41844	0
1.298	71.223	-10.24	1.542	-0.34925	-2.42975	0
1.298	71.495	-8.203	1.542	-0.27975	-2.43905	0
1.298	71.709	-6.159	1.542	-0.21005	-2.44635	0
1.298	71.865	-4.11	1.543	-0.14016	-2.45166	0
1.298	71.962	-2.055	1.543	-0.0701	-2.45498	0
1.297	72	0	1.544	0	-2.45629	0
1.263	71.981	2.002	1.544	0.06827	-2.45564	0
1.262	71.907	4.003	1.544	0.13651	-2.4531	0
1.262	71.777	6.001	1.545	0.20465	-2.44866	0
1.261	71.59	7.995	1.545	0.27266	-2.44229	0
1.26	71.349	9.983	1.545	0.34047	-2.43406	0
1.259	71.053	11.964	1.546	0.40803	-2.42395	0
1.258	70.702	13.935	1.546	0.47526	-2.41197	0
1.257	70.296	15.897	1.547	0.54218	-2.39811	0
1.256	69.835	17.848	1.547	0.6087	-2.3824	0
1.255	69.32	19.784	1.547	0.67475	-2.3648	0
1.254	68.752	21.706	1.548	0.74031	-2.34541	0
1.253	68.13	23.612	1.548	0.80531	-2.3242	0
1.252	67.456	25.5	1.549	0.86971	-2.30118	0
1.252	66.729	27.369	1.549	0.93345	-2.27638	0
1.25	65.951	29.217	1.549	0.99649	-2.24981	0
1.249	65.121	31.043	1.55	1.05878	-2.2215	0
1.248	64.24	32.845	1.55	1.12024	-2.19143	0
1.247	63.31	34.623	1.55	1.18088	-2.15969	0
1.247	62.332	36.373	1.551	1.24057	-2.12629	0
1.246	61.304	38.096	1.551	1.29937	-2.09122	0
1.246	60.229	39.791	1.552	1.35717	-2.05453	0
1.246	59.107	41.455	1.552	1.41394	-2.01623	0
1.246	57.939	43.087	1.552	1.46964	-1.97637	0
1.247	56.725	44.686	1.553	1.52419	-1.93495	0
1.247	55.468	46.252	1.553	1.57759	-1.89205	0
1.248	54.167	47.782	1.553	1.6298	-1.84767	0
1.248	52.825	49.275	1.554	1.68075	-1.80186	0
1.248	51.441	50.731	1.554	1.73042	-1.75464	0
1.248	50.017	52.148	1.555	1.77877	-1.70605	0
1.247	48.553	53.524	1.555	1.82573	-1.65612	0
1.246	47.052	54.86	1.555	1.87131	-1.60491	0
1.245	45.516	56.153	1.556	1.91543	-1.55248	0
1.244	43.942	57.404	1.556	1.95812	-1.49881	0
1.242	42.335	58.61	1.557	1.99929	-1.44397	0
1.241	40.694	59.772	1.557	2.03894	-1.388	0
1.241	39.022	60.888	1.557	2.07701	-1.33094	0
1.241	37.318	61.956	1.558	2.11347	-1.27283	0
1.241	35.586	62.977	1.558	2.14832	-1.21373	0
1.241	33.826	63.95	1.558	2.18152	-1.15369	0
1.242	32.039	64.874	1.559	2.21305	-1.09274	0
1.242	30.227	65.748	1.559	2.24287	-1.03092	0
1.242	28.391	66.571	1.56	2.27097	-0.9683	0
1.243	26.532	67.343	1.56	2.29731	-0.90492	0
1.243	24.654	68.061	1.56	2.32184	-0.84085	0
1.243	22.755	68.729	1.561	2.34463	-0.77608	0
1.243	20.838	69.344	1.561	2.36561	-0.7107	0
1.243	18.905	69.905	1.561	2.38477	-0.64476	0
1.244	16.956	70.412	1.562	2.40208	-0.5783	0
1.244	14.994	70.865	1.562	2.41754	-0.51138	0
1.245	13.02	71.262	1.563	2.43111	-0.44405	0
1.245	11.035	71.606	1.563	2.44282	-0.37636	0
1.245	9.041	71.894	1.563	2.45266	-0.30836	0
1.245	7.04	72.126	1.564	2.46059	-0.24011	0
1.245	5.033	72.303	1.564	2.46663	-0.17165	0
1.245	3.022	72.424	1.565	2.47076	-0.10305	0
1.245	1.007	72.489	1.565	2.47298	-0.03435	0
1.245	-1.007	72.497	1.565	2.47325	0.03435	0
1.244	-3.023	72.45	1.566	2.47165	0.10309	0
1.244	-5.036	72.347	1.566	2.46813	0.17176	0
1.243	-7.046	72.188	1.566	2.4627	0.24031	0
1.242	-9.051	71.973	1.567	2.45537	0.3087	0
1.242	-11.05	71.703	1.567	2.44613	0.37686	0
1.241	-13.041	71.376	1.568	2.435	0.44476	0
1.24	-15.022	70.994	1.568	2.42195	0.51231	0
1.239	-16.992	70.558	1.568	2.40706	0.5795	0
1.238	-18.949	70.067	1.569	2.3903	0.64626	0
1.237	-20.892	69.522	1.569	2.37169	0.71253	0
1.236	-22.819	68.923	1.569	2.35124	0.77827	0
1.235	-24.73	68.27	1.57	2.32897	0.84342	0
1.234	-26.62	67.564	1.57	2.30487	0.90789	0
1.234	-28.491	66.806	1.571	2.279	0.97173	0
1.232	-30.341	65.997	1.571	2.25137	1.03483	0
1.232	-32.168	65.136	1.571	2.22199	1.09715	0
1.231	-33.971	64.224	1.572	2.19088	1.15863	0
1.23	-35.747	63.263	1.572	2.15807	1.21924	0
1.229	-37.497	62.252	1.573	2.12358	1.27892	0
1.228	-39.217	61.193	1.573	2.08741	1.33761	0
1.228	-40.908	60.086	1.573	2.04966	1.3953	0
1.229	-42.568	58.933	1.574	2.0103	1.45192	0
1.229	-44.195	57.734	1.574	1.96939	1.50744	0
1.23	-45.789	56.49	1.574	1.92694	1.56181	0
1.23	-47.347	55.203	1.575	1.88302	1.61495	0
1.231	-48.869	53.872	1.575	1.83761	1.66689	0
1.231	-50.353	52.499	1.576	1.79074	1.71753	0
1.231	-51.8	51.085	1.576	1.7425	1.76688	0
1.23	-53.206	49.631	1.576	1.6929	1.81488	0
1.229	-54.572	48.139	1.577	1.64198	1.86149	0
1.228	-55.896	46.609	1.577	1.58979	1.90667	0
1.227	-57.177	45.043	1.578	1.53635	1.95039	0
1.226	-58.414	43.441	1.578	1.48169	1.99258	0
1.225	-59.606	41.805	1.578	1.42589	2.03328	0
1.224	-60.753	40.137	1.579	1.36898	2.07241	0
1.224	-61.853	38.437	1.579	1.311	2.10995	0
1.224	-62.905	36.707	1.579	1.25199	2.14586	0
1.224	-63.909	34.95	1.58	1.19204	2.18011	0
1.224	-64.864	33.164	1.58	1.13111	2.2127	0
1.225	-65.768	31.351	1.581	1.06929	2.24356	0
1.225	-66.622	29.514	1.581	1.00663	2.27272	0
1.226	-67.425	27.654	1.581	0.94319	2.30013	0
1.226	-68.176	25.773	1.582	0.879	2.32576	0
1.226	-68.875	23.87	1.582	0.81411	2.34961	0
1.226	-69.52	21.949	1.583	0.74859	2.37164	0
1.226	-70.112	20.01	1.583	0.68246	2.39185	0
1.227	-70.649	18.056	1.583	0.61579	2.41018	0
1.227	-71.133	16.087	1.584	0.54863	2.42668	0
1.227	-71.561	14.105	1.584	0.48104	2.44131	0
1.227	-71.934	12.113	1.584	0.4131	2.45404	0
1.228	-72.252	10.109	1.585	0.34478	2.46489	0
1.228	-72.514	8.098	1.585	0.27618	2.47384	0
1.228	-72.719	6.08	1.586	0.20734	2.48084	0
1.228	-72.869	4.056	1.586	0.13833	2.48596	0
1.228	-72.963	2.029	1.586	0.0692	2.48915	0
1.228	-73	0	1.587	0	2.49042	0
1.227	-72.981	-2.03	1.587	-0.06922	2.48977	0
1.227	-72.905	-4.058	1.588	-0.1384	2.48718	0
1.226	-72.773	-6.084	1.588	-0.2075	2.48268	0
1.226	-72.584	-8.106	1.588	-0.27644	2.47621	0
1.225	-72.339	-10.122	1.589	-0.34519	2.46787	0
1.224	-72.039	-12.13	1.589	-0.4137	2.45761	0
1.223	-71.683	-14.129	1.589	-0.48186	2.44546	0
1.222	-71.271	-16.118	1.59	-0.5497	2.43141	0
1.221	-70.804	-18.095	1.59	-0.61714	2.41547	0
1.22	-70.282	-20.059	1.591	-0.68411	2.39763	0
1.22	-69.705	-22.007	1.591	-0.75058	2.37796	0
1.219	-69.075	-23.94	1.591	-0.81648	2.35645	0
1.218	-68.391	-25.854	1.592	-0.88177	2.33311	0
1.217	-67.655	-27.749	1.592	-0.9464	2.30796	0
1.216	-66.865	-29.622	1.593	-1.01031	2.28102	0
1.215	-66.024	-31.473	1.593	-1.07345	2.25231	0
1.214	-65.131	-33.3	1.593	-1.13577	2.22182	0
1.213	-64.188	-35.102	1.594	-1.19724	2.18963	0
1.212	-63.195	-36.877	1.594	-1.25777	2.15577	0
1.212	-62.154	-38.624	1.594	-1.31737	2.12021	0
1.211	-61.063	-40.342	1.595	-1.37598	2.083	0
1.211	-59.926	-42.029	1.595	-1.43353	2.04417	0
1.212	-58.741	-43.684	1.596	-1.48999	2.00376	0
1.212	-57.51	-45.305	1.596	-1.5453	1.96176	0
1.213	-56.236	-46.892	1.596	-1.59944	1.91826	0
1.214	-54.917	-48.443	1.597	-1.65237	1.87326	0
1.214	-53.556	-49.957	1.597	-1.70403	1.82681	0
1.214	-52.153	-51.433	1.598	-1.75438	1.77893	0
1.214	-50.709	-52.87	1.598	-1.80339	1.72967	0
1.213	-49.225	-54.265	1.598	-1.851	1.67904	0
1.212	-47.703	-55.619	1.599	-1.89721	1.62712	0
1.211	-46.145	-56.93	1.599	-1.94194	1.57397	0
1.209	-44.55	-58.198	1.599	-1.98521	1.51955	0
1.208	-42.921	-59.421	1.6	-2.02696	1.46395	0
1.208	-41.257	-60.599	1.6	-2.06715	1.4072	0
1.207	-39.561	-61.73	1.601	-2.10575	1.34935	0
1.207	-37.834	-62.813	1.601	-2.1427	1.29043	0
1.207	-36.078	-63.848	1.601	-2.17803	1.23052	0
1.208	-34.293	-64.834	1.602	-2.21169	1.16964	0
1.208	-32.482	-65.771	1.602	-2.24365	1.10784	0
1.208	-30.644	-66.656	1.603	-2.27388	1.04517	0
1.209	-28.783	-67.491	1.603	-2.30236	0.98168	0
1.209	-26.899	-68.273	1.603	-2.32907	0.91742	0
1.209	-24.995	-69.002	1.604	-2.35394	0.85246	0
1.209	-23.07	-69.678	1.604	-2.37703	0.7868	0
1.209	-21.126	-70.301	1.605	-2.3983	0.72052	0
1.21	-19.166	-70.87	1.605	-2.41772	0.65366	0
1.21	-17.191	-71.384	1.605	-2.43527	0.58629	0
1.21	-15.201	-71.843	1.606	-2.45094	0.51844	0
1.21	-13.2	-72.246	1.606	-2.46469	0.45018	0
1.211	-11.188	-72.594	1.606	-2.47656	0.38155	0
1.211	-9.166	-72.886	1.607	-2.48653	0.31261	0
1.211	-7.137	-73.121	1.607	-2.49457	0.24342	0
1.211	-5.103	-73.301	1.608	-2.50068	0.17402	0
1.211	-3.063	-73.423	1.608	-2.50487	0.10447	0
1.211	-1.021	-73.489	1.608	-2.50711	0.03482	0
1.21	1.021	-73.497	1.609	-2.50739	-0.03483	0
1.21	3.064	-73.449	1.609	-2.50575	-0.10451	0
1.21	5.106	-73.345	1.61	-2.50218	-0.17412	0
1.209	7.143	-73.183	1.61	-2.49668	-0.24363	0
1.209	9.176	-72.965	1.61	-2.48924	-0.31295	0
1.208	11.202	-72.691	1.611	-2.47987	-0.38206	0
1.207	13.221	-72.36	1.611	-2.46858	-0.45089	0
1.206	15.229	-71.973	1.611	-2.45535	-0.51937	0
1.205	17.226	-71.53	1.612	-2.44025	-0.58749	0
1.204	19.21	-71.032	1.612	-2.42325	-0.65516	0
1.204	21.18	-70.479	1.613	-2.40438	-0.72235	0
1.203	23.134	-69.872	1.613	-2.38364	-0.78899	0
1.202	25.07	-69.21	1.613	-2.36106	-0.85504	0
1.201	26.986	-68.495	1.614	-2.33663	-0.9204	0
1.2	28.883	-67.726	1.614	-2.3104	-0.98511	0
1.2	30.759	-66.905	1.615	-2.28238	-1.04908	0
1.198	32.611	-66.032	1.615	-2.25259	-1.11225	0
1.198	34.438	-65.108	1.615	-2.22105	-1.17458	0
1.197	36.239	-64.133	1.616	-2.18778	-1.23602	0
1.196	38.013	-63.109	1.616	-2.15282	-1.29652	0
1.195	39.757	-62.035	1.617	-2.11615	-1.35602	0
1.195	41.471	-60.913	1.617	-2.07787	-1.4145	0
1.195	43.154	-59.744	1.617	-2.03797	-1.4719	0
1.196	44.803	-58.528	1.618	-1.99648	-1.52818	0
1.196	46.419	-57.267	1.618	-1.95345	-1.58329	0
1.197	47.998	-55.962	1.618	-1.90892	-1.63716	0
1.198	49.541	-54.613	1.619	-1.86288	-1.68981	0
1.198	51.045	-53.22	1.619	-1.81536	-1.74115	0
1.198	52.512	-51.787	1.62	-1.76646	-1.79118	0
1.197	53.937	-50.313	1.62	-1.71617	-1.83983	0
1.196	55.322	-48.8	1.62	-1.66455	-1.88708	0
1.195	56.664	-47.249	1.621	-1.61164	-1.93288	0
1.194	57.963	-45.661	1.621	-1.55746	-1.9772	0
1.193	59.216	-44.037	1.622	-1.50205	-2.01997	0
1.192	60.425	-42.379	1.622	-1.44548	-2.06122	0
1.191	61.587	-40.688	1.622	-1.38779	-2.10088	0
1.191	62.702	-38.965	1.623	-1.329	-2.13893	0
1.191	63.769	-37.211	1.623	-1.26918	-2.17534	0
1.191	64.786	-35.43	1.624	-1.2084	-2.21005	0
1.192	65.754	-33.619	1.624	-1.14664	-2.24309	0
1.192	66.67	-31.782	1.624	-1.08396	-2.27437	0
1.193	67.536	-29.92	1.625	-1.02045	-2.30392	0
1.193	68.35	-28.034	1.625	-0.95613	-2.33171	0
1.193	69.112	-26.126	1.625	-0.89106	-2.35769	0
1.193	69.82	-24.198	1.626	-0.82528	-2.38186	0
1.194	70.474	-22.25	1.626	-0.75885	-2.4042	0
1.194	71.074	-20.285	1.627	-0.69182	-2.42467	0
1.194	71.618	-18.303	1.627	-0.62424	-2.44325	0
1.194	72.108	-16.307	1.627	-0.55616	-2.45997	0
1.194	72.542	-14.298	1.628	-0.48763	-2.4748	0
1.195	72.92	-12.279	1.628	-0.41876	-2.48771	0
1.195	73.243	-10.248	1.629	-0.3495	-2.4987	0
1.195	73.508	-8.209	1.629	-0.27996	-2.50777	0
1.195	73.716	-6.163	1.629	-0.21018	-2.51486	0
1.195	73.868	-4.112	1.63	-0.14023	-2.52004	0
1.195	73.962	-2.057	1.63	-0.07015	-2.52328	0
1.194	74	0	1.631	0	-2.52456	0
1.163	73.982	2.004	1.631	0.06836	-2.52394	0
1.163	73.908	4.007	1.631	0.13664	-2.52144	0
1.163	73.782	6.008	1.632	0.20489	-2.51711	0
1.162	73.6	8.005	1.632	0.273	-2.5109	0
1.162	73.365	9.996	1.632	0.34092	-2.50289	0
1.161	73.077	11.98	1.633	0.40857	-2.49304	0
1.16	72.733	13.956	1.633	0.47598	-2.48131	0
1.159	72.337	15.923	1.634	0.54305	-2.4678	0
1.158	71.888	17.878	1.634	0.60975	-2.45247	0
1.158	71.386	19.82	1.634	0.67596	-2.43531	0
1.157	70.831	21.749	1.635	0.74175	-2.41639	0
1.156	70.224	23.662	1.635	0.807	-2.39566	0
1.156	69.566	25.557	1.635	0.87164	-2.3732	0
1.155	68.857	27.435	1.636	0.9357	-2.34899	0
1.154	68.096	29.293	1.636	0.99907	-2.32302	0
1.153	67.286	31.13	1.637	1.06175	-2.29536	0
1.152	66.426	32.944	1.637	1.12362	-2.26604	0
1.151	65.517	34.735	1.637	1.1847	-2.23499	0
1.15	64.56	36.501	1.638	1.24495	-2.20233	0
1.15	63.555	38.239	1.638	1.30424	-2.16804	0
1.149	62.504	39.951	1.639	1.36265	-2.13216	0
1.149	61.406	41.635	1.639	1.42008	-2.0947	0
1.149	60.263	43.287	1.639	1.47645	-2.05567	0
1.15	59.076	44.908	1.64	1.53175	-2.01518	0
1.15	57.845	46.497	1.64	1.58596	-1.97317	0
1.151	56.571	48.052	1.64	1.63901	-1.92968	0
1.151	55.255	49.572	1.641	1.69089	-1.88479	0
1.151	53.899	51.055	1.641	1.74149	-1.83852	0
1.151	52.503	52.503	1.642	1.79088	-1.79088	0
1.151	51.068	53.912	1.642	1.83896	-1.74191	0
1.15	49.595	55.28	1.642	1.88566	-1.69167	0
1.149	48.085	56.61	1.643	1.93104	-1.64016	0
1.148	46.54	57.898	1.643	1.97498	-1.58742	0
1.147	44.96	59.144	1.643	2.01752	-1.53352	0
1.146	43.348	60.347	1.644	2.05855	-1.47852	0
1.145	41.702	61.506	1.644	2.09809	-1.42237	0
1.145	40.026	62.62	1.645	2.13613	-1.36519	0
1.145	38.32	63.689	1.645	2.1726	-1.30699	0
1.145	36.586	64.71	1.645	2.20744	-1.24784	0
1.146	34.824	65.685	1.646	2.24072	-1.18774	0
1.146	33.036	66.611	1.646	2.27234	-1.12674	0
1.146	31.224	67.489	1.647	2.3023	-1.06495	0
1.147	29.389	68.318	1.647	2.33061	-1.00234	0
1.147	27.53	69.096	1.647	2.35717	-0.93895	0
1.147	25.652	69.825	1.648	2.38205	-0.87488	0
1.148	23.755	70.502	1.648	2.40517	-0.8102	0
1.148	21.84	71.128	1.648	2.42651	-0.74485	0
1.148	19.908	71.702	1.649	2.4461	-0.67896	0
1.148	17.961	72.222	1.649	2.46386	-0.61258	0
1.148	16.001	72.691	1.65	2.47987	-0.54571	0
1.148	14.028	73.106	1.65	2.49405	-0.47842	0
1.149	12.044	73.467	1.65	2.50638	-0.41076	0
1.149	10.052	73.775	1.651	2.51689	-0.34283	0
1.149	8.051	74.029	1.651	2.52557	-0.27459	0
1.149	6.044	74.228	1.652	2.53235	-0.20613	0
1.149	4.032	74.374	1.652	2.53732	-0.1375	0
1.149	2.018	74.464	1.652	2.54039	-0.06881	0
1.148	0	74.5	1.653	2.54163	0	0
1.148	-2.018	74.482	1.653	2.541	0.06882	0
1.148	-4.034	74.408	1.653	2.53848	0.13757	0
1.147	-6.048	74.28	1.654	2.53412	0.20627	0
1.147	-8.059	74.097	1.654	2.52787	0.27484	0
1.146	-10.064	73.861	1.655	2.5198	0.34322	0
1.146	-12.061	73.57	1.655	2.50988	0.41133	0
1.145	-14.05	73.224	1.655	2.49807	0.47919	0
1.144	-16.03	72.826	1.656	2.48447	0.54672	0
1.143	-17.999	72.373	1.656	2.46903	0.61386	0
1.143	-19.954	71.867	1.656	2.45176	0.68052	0
1.142	-21.895	71.309	1.657	2.43271	0.74675	0
1.141	-23.821	70.698	1.657	2.41183	0.81244	0
1.141	-25.729	70.035	1.658	2.38922	0.87752	0
1.14	-27.62	69.321	1.658	2.36485	0.94201	0
1.139	-29.49	68.555	1.658	2.3387	1.00581	0
1.138	-31.34	67.739	1.659	2.31085	1.06891	0
1.137	-33.166	66.874	1.659	2.28133	1.13119	0
1.136	-34.969	65.959	1.66	2.25007	1.19269	0
1.136	-36.747	64.995	1.66	2.21719	1.25334	0
1.135	-38.497	63.984	1.66	2.18266	1.31304	0
1.134	-40.221	62.925	1.661	2.14654	1.37184	0
1.134	-41.915	61.82	1.661	2.10883	1.42965	0
1.134	-43.579	60.669	1.661	2.06953	1.4864	0
1.135	-45.21	59.474	1.662	2.02876	1.54207	0
1.135	-46.81	58.235	1.662	1.98647	1.59665	0
1.136	-48.375	56.952	1.663	1.94269	1.65006	0
1.136	-49.906	55.627	1.663	1.89749	1.70228	0
1.137	-51.399	54.262	1.663	1.8509	1.75322	0
1.137	-52.856	52.856	1.664	1.80294	1.80294	0
1.136	-54.275	51.411	1.664	1.75364	1.85135	0
1.135	-55.653	49.929	1.665	1.70306	1.89836	0
1.134	-56.991	48.409	1.665	1.6512	1.94404	0
1.133	-58.288	46.853	1.665	1.59811	1.98828	0
1.132	-59.542	45.262	1.666	1.54384	2.0311	0
1.131	-60.753	43.639	1.666	1.48847	2.07241	0
1.131	-61.919	41.982	1.666	1.43195	2.11222	0
1.13	-63.041	40.295	1.667	1.37437	2.1505	0
1.13	-64.117	38.577	1.667	1.31578	2.18723	0
1.131	-65.145	36.832	1.668	1.25623	2.2223	0
1.131	-66.126	35.058	1.668	1.19573	2.2558	0
1.132	-67.059	33.258	1.668	1.13432	2.28763	0
1.132	-67.943	31.434	1.669	1.07212	2.31779	0
1.132	-68.777	29.586	1.669	1.00907	2.34628	0
1.133	-69.561	27.715	1.67	0.94527	2.37303	0
1.133	-70.294	25.824	1.67	0.88076	2.39807	0
1.133	-70.976	23.915	1.67	0.81564	2.42134	0
1.133	-71.606	21.986	1.671	0.74986	2.44282	0
1.133	-72.183	20.041	1.671	0.68352	2.46255	0
1.133	-72.707	18.082	1.671	0.6167	2.48043	0
1.134	-73.179	16.108	1.672	0.54937	2.49654	0
1.134	-73.597	14.122	1.672	0.48163	2.51081	0
1.134	-73.961	12.125	1.673	0.41352	2.52322	0
1.134	-74.271	10.12	1.673	0.34513	2.5338	0
1.134	-74.527	8.105	1.673	0.27643	2.54253	0
1.134	-74.727	6.085	1.674	0.20751	2.54937	0
1.134	-74.873	4.059	1.674	0.13843	2.55436	0
1.134	-74.963	2.031	1.675	0.06927	2.55745	0
1.134	-75	0	1.675	0	2.5587	0
1.133	-74.981	-2.032	1.675	-0.06929	2.55807	0
1.133	-74.907	-4.061	1.676	-0.13849	2.55552	0
1.133	-74.779	-6.089	1.676	-0.20766	2.55114	0
1.132	-74.594	-8.113	1.676	-0.27668	2.54484	0
1.132	-74.356	-10.131	1.677	-0.34553	2.53671	0
1.131	-74.063	-12.142	1.677	-0.41409	2.52672	0
1.13	-73.715	-14.145	1.678	-0.4824	2.51484	0
1.13	-73.314	-16.138	1.678	-0.55038	2.50114	0
1.129	-72.859	-18.12	1.678	-0.61798	2.4856	0
1.128	-72.349	-20.087	1.679	-0.68509	2.46821	0
1.128	-71.787	-22.042	1.679	-0.75176	2.44902	0
1.127	-71.171	-23.981	1.68	-0.81789	2.428	0
1.127	-70.505	-25.902	1.68	-0.8834	2.40524	0
1.126	-69.786	-27.805	1.68	-0.94832	2.3807	0
1.125	-69.014	-29.688	1.681	-1.01255	2.35437	0
1.124	-68.193	-31.55	1.681	-1.07607	2.32634	0
1.123	-67.322	-33.388	1.682	-1.13877	2.29662	0
1.122	-66.4	-35.203	1.682	-1.20068	2.26515	0
1.121	-65.43	-36.993	1.682	-1.26174	2.23204	0
1.121	-64.412	-38.755	1.683	-1.32183	2.19729	0
1.12	-63.346	-40.49	1.683	-1.38103	2.16091	0
1.12	-62.234	-42.196	1.683	-1.43922	2.12295	0
1.12	-61.075	-43.87	1.684	-1.49636	2.08339	0
1.12	-59.872	-45.513	1.684	-1.55239	2.04235	0
1.121	-58.624	-47.123	1.685	-1.60734	1.99977	0
1.121	-57.333	-48.699	1.685	-1.6611	1.95569	0
1.122	-55.999	-50.24	1.685	-1.71368	1.91019	0
1.122	-54.625	-51.743	1.686	-1.76495	1.86329	0
1.122	-53.21	-53.21	1.686	-1.815	1.815	0
1.122	-51.755	-54.638	1.687	-1.86374	1.76538	0
1.121	-50.263	-56.025	1.687	-1.91106	1.71445	0
1.12	-48.733	-57.372	1.687	-1.95704	1.66225	0
1.119	-47.166	-58.677	1.688	-2.00158	1.60879	0
1.118	-45.565	-59.941	1.688	-2.04468	1.55417	0
1.117	-43.931	-61.159	1.688	-2.08627	1.49843	0
1.117	-42.263	-62.333	1.689	-2.12634	1.44152	0
1.116	-40.564	-63.463	1.689	-2.16488	1.38356	0
1.116	-38.835	-64.546	1.69	-2.20185	1.32457	0
1.117	-37.078	-65.58	1.69	-2.23715	1.26463	0
1.117	-35.292	-66.568	1.69	-2.27088	1.20372	0
1.117	-33.48	-67.507	1.691	-2.30292	1.14189	0
1.118	-31.644	-68.396	1.691	-2.33328	1.07928	0
1.118	-29.784	-69.237	1.692	-2.36196	1.01581	0
1.119	-27.9	-70.025	1.692	-2.38888	0.95158	0
1.119	-25.997	-70.764	1.692	-2.41409	0.88665	0
1.119	-24.075	-71.45	1.693	-2.43751	0.82109	0
1.119	-22.133	-72.084	1.693	-2.45914	0.75486	0
1.119	-20.175	-72.665	1.693	-2.47899	0.68808	0
1.119	-18.203	-73.192	1.694	-2.49699	0.62081	0
1.119	-16.216	-73.667	1.694	-2.51321	0.55304	0
1.119	-14.216	-74.088	1.695	-2.52758	0.48484	0
1.12	-12.206	-74.454	1.695	-2.54006	0.41627	0
1.12	-10.187	-74.766	1.695	-2.55072	0.34743	0
1.12	-8.159	-75.024	1.696	-2.5595	0.27828	0
1.12	-6.125	-75.225	1.696	-2.56638	0.2089	0
1.12	-4.086	-75.372	1.697	-2.57141	0.13935	0
1.12	-2.045	-75.463	1.697	-2.57451	0.06973	0
1.119	0	-75.5	1.697	-2.57577	0	0
1.119	2.045	-75.481	1.698	-2.57513	-0.06975	0
1.119	4.088	-75.406	1.698	-2.57257	-0.13941	0
1.119	6.129	-75.277	1.699	-2.56815	-0.20904	0
1.118	8.167	-75.091	1.699	-2.56181	-0.27853	0
1.118	10.199	-74.851	1.699	-2.55362	-0.34783	0
1.117	12.223	-74.557	1.7	-2.54357	-0.41685	0
1.116	14.239	-74.206	1.7	-2.5316	-0.48562	0
1.115	16.245	-73.802	1.7	-2.51781	-0.55405	0
1.115	18.24	-73.344	1.701	-2.50216	-0.6221	0
1.114	20.221	-72.831	1.701	-2.48465	-0.68965	0
1.114	22.189	-72.265	1.702	-2.46534	-0.75677	0
1.113	24.141	-71.645	1.702	-2.44418	-0.82333	0
1.113	26.074	-70.974	1.702	-2.42127	-0.88928	0
1.112	27.99	-70.25	1.703	-2.39656	-0.95463	0
1.111	29.886	-69.474	1.703	-2.37005	-1.01929	0
1.11	31.76	-68.647	1.704	-2.34183	-1.08323	0
1.109	33.61	-67.77	1.704	-2.31191	-1.14635	0
1.108	35.437	-66.842	1.704	-2.28023	-1.20867	0
1.107	37.239	-65.866	1.705	-2.2469	-1.27013	0
1.107	39.012	-64.84	1.705	-2.21191	-1.33062	0
1.106	40.759	-63.768	1.706	-2.17529	-1.39021	0
1.106	42.476	-62.648	1.706	-2.13707	-1.44879	0
1.106	44.162	-61.481	1.706	-2.09725	-1.50631	0
1.107	45.816	-60.27	1.707	-2.05593	-1.56272	0
1.107	47.437	-59.014	1.707	-2.01307	-1.61803	0
1.108	49.023	-57.714	1.707	-1.9687	-1.67214	0
1.108	50.574	-56.372	1.708	-1.92289	-1.72507	0
1.108	52.087	-54.988	1.708	-1.87568	-1.77669	0
1.108	53.563	-53.563	1.709	-1.82707	-1.82707	0
1.108	55.001	-52.099	1.709	-1.77711	-1.87612	0
1.107	56.397	-50.597	1.709	-1.72584	-1.92376	0
1.106	57.753	-49.057	1.71	-1.67329	-1.97005	0
1.105	59.067	-47.479	1.71	-1.61948	-2.01488	0
1.104	60.339	-45.868	1.711	-1.56449	-2.05827	0
1.103	61.565	-44.223	1.711	-1.50838	-2.10013	0
1.103	62.747	-42.544	1.711	-1.45109	-2.14046	0
1.103	63.884	-40.833	1.712	-1.39275	-2.17926	0
1.103	64.974	-39.093	1.712	-1.33337	-2.21647	0
1.103	66.015	-37.324	1.713	-1.27302	-2.25201	0
1.103	67.01	-35.526	1.713	-1.2117	-2.28596	0
1.104	67.955	-33.702	1.713	-1.14947	-2.31821	0
1.104	68.85	-31.854	1.714	-1.08644	-2.34877	0
1.105	69.696	-29.981	1.714	-1.02255	-2.37764	0
1.105	70.49	-28.086	1.714	-0.95789	-2.40474	0
1.105	71.233	-26.169	1.715	-0.89253	-2.43011	0
1.105	71.924	-24.234	1.715	-0.82653	-2.45369	0
1.105	72.562	-22.28	1.716	-0.75987	-2.47545	0
1.105	73.147	-20.309	1.716	-0.69264	-2.49544	0
1.105	73.678	-18.323	1.716	-0.62493	-2.51356	0
1.105	74.156	-16.323	1.717	-0.55671	-2.52988	0
1.106	74.579	-14.31	1.717	-0.48806	-2.54434	0
1.106	74.948	-12.287	1.718	-0.41903	-2.55691	0
1.106	75.262	-10.255	1.718	-0.34973	-2.56763	0
1.106	75.521	-8.214	1.718	-0.28012	-2.57647	0
1.106	75.723	-6.166	1.719	-0.21028	-2.58339	0
1.106	75.872	-4.113	1.719	-0.14027	-2.58845	0
1.106	75.963	-2.058	1.72	-0.07019	-2.59158	0
1.105	76	0	1.72	0	-2.59284	0
1.073	75.982	1.998	1.72	0.06813	-2.59221	0
1.073	75.912	3.996	1.721	0.13627	-2.58983	0
1.072	75.789	5.99	1.721	0.20429	-2.58562	0
1.072	75.613	7.981	1.721	0.27218	-2.57963	0
1.072	75.386	9.966	1.722	0.3399	-2.57188	0
1.071	75.106	11.947	1.722	0.40744	-2.56231	0
1.07	74.775	13.918	1.723	0.47468	-2.55101	0
1.07	74.391	15.88	1.723	0.54159	-2.5379	0
1.069	73.956	17.832	1.723	0.60815	-2.52305	0
1.069	73.47	19.773	1.724	0.67436	-2.50646	0
1.068	72.932	21.699	1.724	0.74006	-2.48812	0
1.068	72.345	23.611	1.724	0.80527	-2.46805	0
1.067	71.707	25.508	1.725	0.86999	-2.44629	0
1.067	71.019	27.387	1.725	0.93407	-2.42281	0
1.066	70.283	29.248	1.726	0.99753	-2.39769	0
1.065	69.498	31.088	1.726	1.0603	-2.37087	0
1.064	68.663	32.908	1.726	1.1224	-2.34239	0
1.063	67.783	34.706	1.727	1.18371	-2.31233	0
1.063	66.854	36.479	1.727	1.2442	-2.28064	0
1.062	65.879	38.228	1.727	1.30388	-2.24734	0
1.061	64.859	39.951	1.728	1.36266	-2.21254	0
1.061	63.793	41.647	1.728	1.42049	-2.17617	0
1.061	62.683	43.313	1.729	1.47735	-2.13828	0
1.061	61.53	44.952	1.729	1.53326	-2.09892	0
1.061	60.333	46.559	1.729	1.58807	-2.05809	0
1.062	59.096	48.134	1.73	1.64181	-2.01586	0
1.062	57.816	49.676	1.73	1.69441	-1.9722	0
1.063	56.496	51.184	1.731	1.74589	-1.92714	0
1.063	55.138	52.658	1.731	1.79616	-1.88079	0
1.063	53.74	54.094	1.731	1.84518	-1.83311	0
1.062	52.305	55.495	1.732	1.89297	-1.78412	0
1.062	50.834	56.857	1.732	1.93945	-1.73394	0
1.061	49.327	58.179	1.732	1.98458	-1.68254	0
1.06	47.787	59.463	1.733	2.02838	-1.62998	0
1.059	46.211	60.705	1.733	2.07078	-1.57622	0
1.058	44.605	61.905	1.734	2.11173	-1.52141	0
1.058	42.967	63.064	1.734	2.15127	-1.46555	0
1.057	41.3	64.178	1.734	2.18929	-1.40865	0
1.058	39.602	65.249	1.735	2.22584	-1.35072	0
1.058	37.878	66.275	1.735	2.26086	-1.29191	0
1.058	36.126	67.254	1.735	2.29429	-1.23217	0
1.059	34.349	68.188	1.736	2.32617	-1.17153	0
1.059	32.549	69.076	1.736	2.35646	-1.11013	0
1.059	30.725	69.914	1.737	2.3851	-1.04793	0
1.06	28.881	70.706	1.737	2.41212	-0.98501	0
1.06	27.014	71.449	1.737	2.43747	-0.92134	0
1.06	25.129	72.142	1.738	2.46112	-0.85706	0
1.06	23.227	72.786	1.738	2.4831	-0.79219	0
1.06	21.307	73.379	1.739	2.50336	-0.7267	0
1.06	19.374	73.921	1.739	2.52188	-0.66074	0
1.06	17.426	74.414	1.739	2.53869	-0.59432	0
1.06	15.466	74.854	1.74	2.55371	-0.52747	0
1.061	13.494	75.244	1.74	2.56702	-0.4602	0
1.061	11.513	75.58	1.74	2.5785	-0.39264	0
1.061	9.523	75.865	1.741	2.58821	-0.32479	0
1.061	7.527	76.098	1.741	2.59617	-0.25671	0
1.061	5.524	76.277	1.742	2.6023	-0.18839	0
1.061	3.518	76.404	1.742	2.60663	-0.11997	0
1.06	1.509	76.479	1.742	2.60919	-0.05145	0
1.06	-0.503	76.5	1.743	2.60992	0.01717	0
1.06	-2.514	76.469	1.743	2.60884	0.08574	0
1.06	-4.523	76.385	1.744	2.60599	0.15427	0
1.059	-6.53	76.248	1.744	2.6013	0.22271	0
1.059	-8.534	76.059	1.744	2.59484	0.29105	0
1.059	-10.531	75.816	1.745	2.58656	0.35916	0
1.058	-12.521	75.521	1.745	2.57648	0.42704	0
1.057	-14.505	75.174	1.745	2.56465	0.49469	0
1.057	-16.477	74.775	1.746	2.55102	0.56196	0
1.056	-18.439	74.324	1.746	2.53562	0.62886	0
1.056	-20.388	73.822	1.747	2.51849	0.69535	0
1.055	-22.325	73.268	1.747	2.49958	0.7614	0
1.055	-24.246	72.665	1.747	2.47898	0.82692	0
1.054	-26.15	72.01	1.748	2.45663	0.89186	0
1.054	-28.036	71.305	1.748	2.43257	0.95621	0
1.053	-29.905	70.552	1.748	2.40684	1.01996	0
1.052	-31.752	69.749	1.749	2.37943	1.08297	0
1.052	-33.578	68.897	1.749	2.35037	1.14524	0
1.051	-35.383	67.998	1.75	2.31969	1.2068	0
1.05	-37.161	67.052	1.75	2.28738	1.26748	0
1.049	-38.915	66.059	1.75	2.25349	1.32729	0
1.049	-40.642	65.021	1.751	2.21807	1.38622	0
1.048	-42.343	63.936	1.751	2.18105	1.44423	0
1.048	-44.013	62.809	1.752	2.14257	1.50123	0
1.048	-45.654	61.637	1.752	2.10257	1.5572	0
1.049	-47.263	60.422	1.752	2.06111	1.61209	0
1.049	-48.841	59.165	1.753	2.01822	1.66595	0
1.05	-50.385	57.867	1.753	1.97392	1.7186	0
1.05	-51.893	56.529	1.753	1.92825	1.77009	0
1.05	-53.368	55.151	1.754	1.88124	1.82042	0
1.05	-54.805	53.735	1.754	1.83292	1.86944	0
1.05	-56.205	52.282	1.755	1.78334	1.91721	0
1.049	-57.566	50.792	1.755	1.73251	1.96364	0
1.048	-58.888	49.266	1.755	1.68043	2.00875	0
1.047	-60.169	47.707	1.756	1.62723	2.05249	0
1.046	-61.409	46.114	1.756	1.57288	2.09478	0
1.046	-62.607	44.487	1.756	1.5174	2.13567	0
1.045	-63.762	42.832	1.757	1.46091	2.17509	0
1.045	-64.872	41.145	1.757	1.40338	2.21299	0
1.045	-65.938	39.43	1.758	1.34488	2.24936	0
1.045	-66.96	37.687	1.758	1.2854	2.28425	0
1.046	-67.934	35.918	1.758	1.22506	2.31751	0
1.046	-68.863	34.124	1.759	1.16386	2.3492	0
1.047	-69.743	32.306	1.759	1.10184	2.37925	0
1.047	-70.576	30.463	1.76	1.039	2.40768	0
1.047	-71.361	28.601	1.76	0.97549	2.43446	0
1.047	-72.095	26.719	1.76	0.91128	2.45953	0
1.048	-72.78	24.816	1.761	0.84638	2.48293	0
1.048	-73.416	22.898	1.761	0.78094	2.50463	0
1.047	-74	20.962	1.761	0.71493	2.52457	0
1.048	-74.534	19.012	1.762	0.64843	2.5428	0
1.048	-75.016	17.047	1.762	0.58141	2.55926	0
1.048	-75.446	15.072	1.763	0.51402	2.57394	0
1.048	-75.825	13.085	1.763	0.44626	2.58687	0
1.048	-76.151	11.089	1.763	0.37818	2.59799	0
1.048	-76.424	9.083	1.764	0.30978	2.60732	0
1.048	-76.645	7.072	1.764	0.2412	2.61487	0
1.048	-76.813	5.056	1.765	0.17244	2.62058	0
1.048	-76.927	3.035	1.765	0.10349	2.62449	0
1.048	-76.989	1.012	1.765	0.03451	2.62661	0
1.048	-76.997	-1.012	1.766	-0.03451	2.62689	0
1.047	-76.953	-3.036	1.766	-0.10353	2.62538	0
1.047	-76.855	-5.059	1.766	-0.17253	2.62202	0
1.047	-76.703	-7.078	1.767	-0.24138	2.61684	0
1.047	-76.5	-9.092	1.767	-0.31009	2.60989	0
1.046	-76.242	-11.102	1.768	-0.37864	2.6011	0
1.045	-75.932	-13.103	1.768	-0.44689	2.5905	0
1.045	-75.57	-15.096	1.768	-0.51486	2.57815	0
1.044	-75.155	-17.079	1.769	-0.58248	2.56398	0
1.044	-74.687	-19.051	1.769	-0.64976	2.54803	0
1.043	-74.17	-21.01	1.77	-0.71657	2.53035	0
1.043	-73.599	-22.955	1.77	-0.78289	2.51088	0
1.043	-72.979	-24.884	1.77	-0.84869	2.48971	0
1.042	-72.307	-26.797	1.771	-0.91395	2.46677	0
1.041	-71.585	-28.691	1.771	-0.97856	2.44213	0
1.041	-70.815	-30.567	1.771	-1.04252	2.41583	0
1.04	-69.994	-32.422	1.772	-1.1058	2.3878	0
1.039	-69.125	-34.254	1.772	-1.16829	2.35813	0
1.038	-68.208	-36.063	1.773	-1.23	2.32686	0
1.038	-67.244	-37.847	1.773	-1.29086	2.29394	0
1.037	-66.233	-39.607	1.773	-1.3509	2.25944	0
1.036	-65.176	-41.338	1.774	-1.40996	2.22336	0
1.036	-64.074	-43.041	1.774	-1.46806	2.18574	0
1.036	-62.928	-44.715	1.775	-1.52518	2.14663	0
1.036	-61.736	-46.36	1.775	-1.58128	2.10597	0
1.037	-60.503	-47.971	1.775	-1.63626	2.06388	0
1.037	-59.228	-49.551	1.776	-1.69015	2.02037	0
1.037	-57.911	-51.096	1.776	-1.74289	1.97541	0
1.038	-56.554	-52.606	1.776	-1.79441	1.9291	0
1.038	-55.158	-54.081	1.777	-1.84472	1.88148	0
1.038	-53.723	-55.517	1.777	-1.89374	1.83252	0
1.037	-52.25	-56.918	1.778	-1.94153	1.78227	0
1.036	-50.742	-58.277	1.778	-1.98792	1.73079	0
1.036	-49.198	-59.597	1.778	-2.03295	1.67811	0
1.035	-47.619	-60.877	1.779	-2.07665	1.62424	0
1.034	-46.007	-62.114	1.779	-2.11886	1.56926	0
1.033	-44.364	-63.308	1.78	-2.15962	1.51318	0
1.033	-42.689	-64.46	1.78	-2.19892	1.45606	0
1.033	-40.984	-65.567	1.78	-2.23671	1.39787	0
1.033	-39.251	-66.629	1.781	-2.27296	1.33875	0
1.034	-37.49	-67.645	1.781	-2.30763	1.27869	0
1.034	-35.703	-68.614	1.781	-2.3407	1.21773	0
1.035	-33.89	-69.537	1.782	-2.37222	1.15588	0
1.035	-32.054	-70.411	1.782	-2.40205	1.09326	0
1.035	-30.196	-71.237	1.783	-2.43023	1.02987	0
1.035	-28.315	-72.014	1.783	-2.45678	0.96572	0
1.036	-26.415	-72.741	1.783	-2.48159	0.90092	0
1.036	-24.497	-73.418	1.784	-2.50469	0.83549	0
1.035	-22.562	-74.045	1.784	-2.5261	0.76948	0
1.036	-20.609	-74.62	1.785	-2.54574	0.70286	0
1.036	-18.642	-75.145	1.785	-2.56365	0.63581	0
1.036	-16.663	-75.617	1.785	-2.57976	0.56829	0
1.036	-14.671	-76.037	1.786	-2.59408	0.50036	0
1.036	-12.668	-76.405	1.786	-2.60666	0.43204	0
1.036	-10.657	-76.719	1.786	-2.6174	0.36344	0
1.036	-8.638	-76.981	1.787	-2.62633	0.29458	0
1.036	-6.611	-77.19	1.787	-2.63348	0.22546	0
1.036	-4.58	-77.346	1.788	-2.63877	0.15621	0
1.036	-2.546	-77.448	1.788	-2.64228	0.08684	0
1.036	-0.51	-77.496	1.788	-2.64392	0.01739	0
1.035	1.528	-77.491	1.789	-2.64374	-0.05213	0
1.035	3.565	-77.433	1.789	-2.64176	-0.12158	0
1.035	5.599	-77.321	1.79	-2.63792	-0.19097	0
1.035	7.632	-77.154	1.79	-2.63225	-0.26028	0
1.034	9.658	-76.936	1.79	-2.6248	-0.32938	0
1.034	11.678	-76.664	1.791	-2.6155	-0.39827	0
1.033	13.69	-76.338	1.791	-2.60438	-0.4669	0
1.033	15.695	-75.961	1.792	-2.59149	-0.53527	0
1.032	17.687	-75.53	1.792	-2.57678	-0.60324	0
1.032	19.669	-75.047	1.792	-2.56032	-0.67081	0
1.031	21.637	-74.512	1.793	-2.54205	-0.73793	0
1.031	23.591	-73.925	1.793	-2.522	-0.80459	0
1.031	25.529	-73.288	1.793	-2.50025	-0.87068	0
1.03	27.449	-72.599	1.794	-2.47674	-0.93618	0
1.029	29.352	-71.86	1.794	-2.45149	-1.00108	0
1.029	31.234	-71.072	1.795	-2.4246	-1.06528	0
1.028	33.094	-70.233	1.795	-2.39598	-1.12874	0
1.027	34.933	-69.347	1.795	-2.36574	-1.19145	0
1.026	36.748	-68.412	1.796	-2.33381	-1.25338	0
1.026	38.537	-67.429	1.796	-2.30027	-1.31442	0
1.025	40.301	-66.401	1.797	-2.26517	-1.37458	0
1.024	42.038	-65.325	1.797	-2.22844	-1.43383	0
1.024	43.744	-64.204	1.797	-2.19019	-1.49206	0
1.024	45.422	-63.039	1.798	-2.15044	-1.54929	0
1.025	47.068	-61.83	1.798	-2.10918	-1.60545	0
1.025	48.683	-60.577	1.798	-2.06641	-1.66054	0
1.025	50.264	-59.284	1.799	-2.02227	-1.71449	0
1.026	51.81	-57.948	1.799	-1.9767	-1.76724	0
1.026	53.321	-56.573	1.8	-1.92977	-1.8188	0
1.026	54.796	-55.157	1.8	-1.88145	-1.86913	0
1.026	56.233	-53.703	1.8	-1.83184	-1.91815	0
1.025	57.631	-52.213	1.801	-1.78099	-1.96588	0
1.024	58.991	-50.684	1.801	-1.72883	-2.01227	0
1.024	60.308	-49.122	1.802	-1.67551	-2.05724	0
1.023	61.586	-47.525	1.802	-1.62104	-2.10083	0
1.022	62.82	-45.895	1.802	-1.56542	-2.14295	0
1.021	64.013	-44.232	1.803	-1.50869	-2.18366	0
1.021	65.16	-42.539	1.803	-1.45092	-2.22281	0
1.021	66.262	-40.816	1.804	-1.39214	-2.26043	0
1.022	67.32	-39.065	1.804	-1.33241	-2.29653	0
1.022	68.331	-37.285	1.804	-1.27168	-2.33104	0
1.022	69.294	-35.479	1.805	-1.2101	-2.36392	0
1.023	70.211	-33.65	1.805	-1.14769	-2.39521	0
1.023	71.079	-31.795	1.805	-1.08442	-2.42484	0
1.024	71.897	-29.919	1.806	-1.02043	-2.45278	0
1.024	72.667	-28.022	1.806	-0.95574	-2.47906	0
1.024	73.386	-26.106	1.807	-0.89036	-2.5036	0
1.024	74.056	-24.169	1.807	-0.82432	-2.52646	0
1.024	74.673	-22.217	1.807	-0.75773	-2.54754	0
1.024	75.239	-20.249	1.808	-0.6906	-2.56685	0
1.024	75.754	-18.265	1.808	-0.62294	-2.58444	0
1.024	76.216	-16.27	1.809	-0.55488	-2.6002	0
1.024	76.625	-14.262	1.809	-0.48642	-2.61417	0
1.024	76.982	-12.245	1.809	-0.41762	-2.62637	0
1.025	77.286	-10.217	1.81	-0.34846	-2.63673	0
1.025	77.536	-8.184	1.81	-0.2791	-2.64529	0
1.024	77.733	-6.144	1.811	-0.20953	-2.65199	0
1.024	77.875	-4.099	1.811	-0.13979	-2.65686	0
1.024	77.965	-2.05	1.811	-0.06991	-2.65992	0
1.024	78	0	1.812	0	-2.66112	0
0.999	77.982	2	1.812	0.0682	-2.66052	0
0.998	77.913	4	1.812	0.13642	-2.65816	0
0.998	77.793	5.997	1.813	0.20452	-2.65406	0
0.998	77.623	7.991	1.813	0.27254	-2.64824	0
0.998	77.4	9.98	1.814	0.34036	-2.64064	0
0.997	77.127	11.962	1.814	0.40796	-2.63131	0
0.997	76.803	13.938	1.814	0.47536	-2.62023	0
0.996	76.428	15.904	1.815	0.54241	-2.60744	0
0.996	76.003	17.86	1.815	0.60912	-2.59293	0
0.995	75.528	19.806	1.816	0.67549	-2.57673	0
0.995	75.003	21.738	1.816	0.74139	-2.55881	0
0.994	74.429	23.657	1.816	0.80685	-2.53919	0
0.994	73.805	25.56	1.817	0.87176	-2.51791	0
0.994	73.133	27.447	1.817	0.9361	-2.49497	0
0.993	72.412	29.317	1.817	0.99989	-2.47037	0
0.993	71.645	31.167	1.818	1.06301	-2.44418	0
0.992	70.83	32.998	1.818	1.12547	-2.41633	0
0.991	69.967	34.807	1.819	1.18716	-2.3869	0
0.99	69.059	36.593	1.819	1.24808	-2.3559	0
0.989	68.105	38.356	1.819	1.30824	-2.32332	0
0.989	67.106	40.094	1.82	1.36751	-2.28923	0
0.988	66.063	41.807	1.82	1.42595	-2.25363	0
0.988	64.976	43.491	1.82	1.48341	-2.21654	0
0.988	63.846	45.147	1.821	1.53991	-2.17798	0
0.988	62.674	46.775	1.821	1.59545	-2.13795	0
0.988	61.46	48.371	1.822	1.64991	-2.09654	0
0.989	60.206	49.936	1.822	1.7033	-2.05374	0
0.989	58.912	51.47	1.822	1.75564	-2.00958	0
0.989	57.579	52.969	1.823	1.80678	-1.96409	0
0.99	56.207	54.434	1.823	1.85678	-1.91727	0
0.989	54.799	55.863	1.823	1.90553	-1.86922	0
0.989	53.354	57.255	1.824	1.95304	-1.81992	0
0.988	51.873	58.611	1.824	1.99931	-1.76939	0
0.988	50.359	59.928	1.825	2.04427	-1.71773	0
0.987	48.81	61.207	1.825	2.0879	-1.66488	0
0.986	47.23	62.444	1.825	2.13013	-1.61097	0
0.986	45.618	63.641	1.826	2.17098	-1.55598	0
0.985	43.975	64.797	1.826	2.21043	-1.49992	0
0.985	42.304	65.91	1.827	2.24841	-1.4429	0
0.985	40.604	66.981	1.827	2.28497	-1.3849	0
0.986	38.877	68.007	1.827	2.31999	-1.32601	0
0.986	37.125	68.988	1.828	2.35348	-1.26623	0
0.986	35.346	69.925	1.828	2.38546	-1.20556	0
0.987	33.545	70.816	1.828	2.41585	-1.14413	0
0.987	31.722	71.66	1.829	2.44466	-1.08194	0
0.988	29.877	72.458	1.829	2.47192	-1.01899	0
0.988	28.012	73.208	1.83	2.49751	-0.9554	0
0.988	26.128	73.91	1.83	2.52148	-0.89111	0
0.988	24.227	74.563	1.83	2.54377	-0.82628	0
0.988	22.31	75.167	1.831	2.5644	-0.76089	0
0.988	20.376	75.722	1.831	2.58336	-0.69494	0
0.988	18.43	76.228	1.831	2.60061	-0.62857	0
0.988	16.47	76.684	1.832	2.61619	-0.56173	0
0.988	14.501	77.089	1.832	2.63002	-0.49455	0
0.988	12.521	77.443	1.833	2.64211	-0.42702	0
0.988	10.531	77.747	1.833	2.65248	-0.35916	0
0.988	8.535	77.999	1.833	2.6611	-0.2911	0
0.988	6.534	78.201	1.834	2.66796	-0.22283	0
0.988	4.526	78.351	1.834	2.67311	-0.15436	0
0.988	2.516	78.45	1.835	2.67647	-0.08581	0
0.988	0.503	78.496	1.835	2.67807	-0.01715	0
0.987	-1.51	78.491	1.835	2.6779	0.05149	0
0.987	-3.522	78.435	1.836	2.67597	0.12011	0
0.987	-5.533	78.327	1.836	2.67227	0.18872	0
0.987	-7.541	78.168	1.836	2.66686	0.25717	0
0.987	-9.544	77.957	1.837	2.65965	0.32551	0
0.986	-11.541	77.695	1.837	2.65069	0.3936	0
0.986	-13.53	77.381	1.838	2.63999	0.46145	0
0.985	-15.512	77.016	1.838	2.62753	0.52905	0
0.985	-17.484	76.601	1.838	2.61336	0.59628	0
0.984	-19.445	76.136	1.839	2.59748	0.66318	0
0.984	-21.393	75.62	1.839	2.57987	0.72961	0
0.984	-23.327	75.055	1.839	2.56056	0.79557	0
0.983	-25.247	74.439	1.84	2.53955	0.86107	0
0.983	-27.15	73.775	1.84	2.51688	0.92597	0
0.982	-29.035	73.062	1.841	2.49254	0.99028	0
0.982	-30.903	72.301	1.841	2.46658	1.05401	0
0.981	-32.75	71.493	1.841	2.43897	1.117	0
0.981	-34.577	70.636	1.842	2.40973	1.17931	0
0.98	-36.38	69.734	1.842	2.37893	1.24082	0
0.979	-38.16	68.785	1.843	2.34655	1.30153	0
0.978	-39.916	67.79	1.843	2.3126	1.36144	0
0.978	-41.645	66.753	1.843	2.27717	1.42044	0
0.977	-43.348	65.669	1.844	2.24018	1.47854	0
0.977	-45.022	64.543	1.844	2.20174	1.53565	0
0.977	-46.667	63.374	1.844	2.16185	1.59176	0
0.977	-48.282	62.162	1.845	2.12049	1.64687	0
0.978	-49.865	60.91	1.845	2.07777	1.70087	0
0.978	-51.417	59.617	1.846	2.03366	1.75383	0
0.978	-52.934	58.286	1.846	1.98821	1.80558	0
0.979	-54.416	56.915	1.846	1.94145	1.85616	0
0.979	-55.864	55.506	1.847	1.89336	1.90557	0
0.978	-57.274	54.061	1.847	1.84406	1.9537	0
0.978	-58.647	52.581	1.848	1.79354	2.00055	0
0.977	-59.984	51.065	1.848	1.74181	2.04616	0
0.976	-61.279	49.515	1.848	1.68894	2.09038	0
0.976	-62.536	47.932	1.849	1.63491	2.13325	0
0.975	-63.751	46.317	1.849	1.57984	2.17471	0
0.975	-64.924	44.672	1.849	1.52372	2.21475	0
0.974	-66.055	42.997	1.85	1.46654	2.25336	0
0.975	-67.142	41.293	1.85	1.40843	2.29047	0
0.975	-68.187	39.562	1.851	1.34936	2.32614	0
0.975	-69.186	37.805	1.851	1.28942	2.36023	0
0.976	-70.14	36.022	1.851	1.22862	2.39278	0
0.976	-71.048	34.214	1.852	1.16695	2.42378	0
0.976	-71.909	32.385	1.852	1.10455	2.45318	0
0.977	-72.723	30.534	1.852	1.04141	2.48096	0
0.977	-73.491	28.662	1.853	0.97754	2.50717	0
0.977	-74.209	26.771	1.853	0.91305	2.53169	0
0.977	-74.879	24.861	1.854	0.8479	2.55456	0
0.977	-75.499	22.936	1.854	0.78223	2.57574	0
0.977	-76.07	20.995	1.854	0.71603	2.59523	0
0.977	-76.591	19.038	1.855	0.6493	2.61302	0
0.977	-77.063	17.07	1.855	0.58219	2.62913	0
0.977	-77.483	15.089	1.856	0.51462	2.64348	0
0.977	-77.853	13.099	1.856	0.44675	2.65609	0
0.977	-78.171	11.1	1.856	0.37857	2.66695	0
0.977	-78.438	9.092	1.857	0.31009	2.67606	0
0.977	-78.653	7.079	1.857	0.24143	2.68341	0
0.977	-78.818	5.06	1.858	0.17256	2.68904	0
0.977	-78.93	3.038	1.858	0.1036	2.69286	0
0.977	-78.99	1.013	1.858	0.03456	2.6949	0
0.977	-78.997	-1.013	1.859	-0.03456	2.69517	0
0.977	-78.954	-3.039	1.859	-0.10363	2.69367	0
0.976	-78.858	-5.062	1.859	-0.17264	2.6904	0
0.976	-78.711	-7.084	1.86	-0.24161	2.68539	0
0.976	-78.511	-9.101	1.86	-0.31038	2.67857	0
0.975	-78.26	-11.113	1.861	-0.37901	2.66999	0
0.975	-77.957	-13.117	1.861	-0.44735	2.65966	0
0.975	-77.603	-15.113	1.861	-0.51542	2.64757	0
0.974	-77.198	-17.1	1.862	-0.58321	2.63373	0
0.974	-76.743	-19.076	1.862	-0.65059	2.61819	0
0.973	-76.236	-21.04	1.863	-0.71759	2.60089	0
0.973	-75.679	-22.99	1.863	-0.7841	2.58188	0
0.973	-75.072	-24.925	1.863	-0.8501	2.56117	0
0.972	-74.416	-26.846	1.864	-0.9156	2.53875	0
0.972	-73.711	-28.747	1.864	-0.98047	2.51468	0
0.972	-72.957	-30.632	1.864	-1.04476	2.48896	0
0.971	-72.155	-32.496	1.865	-1.10833	2.46158	0
0.97	-71.306	-34.339	1.865	-1.17118	2.43258	0
0.969	-70.408	-36.16	1.866	-1.23332	2.40195	0
0.969	-69.465	-37.957	1.866	-1.29462	2.36976	0
0.968	-68.476	-39.729	1.866	-1.35508	2.336	0
0.967	-67.442	-41.478	1.867	-1.41473	2.30071	0
0.967	-66.363	-43.197	1.867	-1.47339	2.26389	0
0.967	-65.24	-44.89	1.868	-1.53114	2.22554	0
0.967	-64.074	-46.553	1.868	-1.58786	2.18576	0
0.967	-62.866	-48.185	1.868	-1.64355	2.14452	0
0.967	-61.615	-49.787	1.869	-1.6982	2.10184	0
0.967	-60.325	-51.355	1.869	-1.75172	2.0578	0
0.968	-58.994	-52.892	1.869	-1.80415	2.01239	0
0.968	-57.625	-54.392	1.87	-1.85535	1.96566	0
0.968	-56.217	-55.857	1.87	-1.90534	1.91762	0
0.968	-54.771	-57.287	1.871	-1.95412	1.86828	0
0.967	-53.29	-58.678	1.871	-2.0016	1.81774	0
0.967	-51.773	-60.031	1.871	-2.04777	1.76599	0
0.966	-50.222	-61.346	1.872	-2.09266	1.71306	0
0.965	-48.638	-62.62	1.872	-2.13613	1.65901	0
0.965	-47.02	-63.854	1.873	-2.17823	1.60381	0
0.964	-45.372	-65.045	1.873	-2.21887	1.54759	0
0.964	-43.694	-66.193	1.873	-2.25807	1.49035	0
0.964	-41.986	-67.299	1.874	-2.29582	1.43207	0
0.964	-40.252	-68.361	1.874	-2.33207	1.3729	0
0.965	-38.489	-69.378	1.874	-2.36678	1.31275	0
0.965	-36.701	-70.349	1.875	-2.39993	1.25177	0
0.966	-34.889	-71.274	1.875	-2.4315	1.18996	0
0.966	-33.052	-72.153	1.876	-2.4615	1.12731	0
0.966	-31.195	-72.984	1.876	-2.48987	1.06395	0
0.966	-29.316	-73.768	1.876	-2.51665	0.99985	0
0.967	-27.418	-74.503	1.877	-2.54174	0.93511	0
0.967	-25.501	-75.189	1.877	-2.56515	0.86975	0
0.966	-23.566	-75.826	1.878	-2.5869	0.80375	0
0.967	-21.617	-76.413	1.878	-2.60694	0.73726	0
0.967	-19.653	-76.95	1.878	-2.62527	0.67027	0
0.967	-17.674	-77.438	1.879	-2.64192	0.60279	0
0.967	-15.685	-77.873	1.879	-2.65678	0.53494	0
0.967	-13.683	-78.258	1.879	-2.66992	0.46668	0
0.967	-11.674	-78.591	1.88	-2.68129	0.39814	0
0.967	-9.656	-78.872	1.88	-2.69089	0.32933	0
0.967	-7.631	-79.102	1.881	-2.69874	0.26024	0
0.967	-5.601	-79.28	1.881	-2.70483	0.19101	0
0.967	-3.566	-79.406	1.881	-2.70912	0.1216	0
0.967	-1.529	-79.479	1.882	-2.71162	0.05214	0
0.966	0.509	-79.5	1.882	-2.71234	-0.01737	0
0.966	2.549	-79.469	1.883	-2.71128	-0.08693	0
0.966	4.586	-79.386	1.883	-2.70843	-0.15639	0
0.966	6.621	-79.251	1.883	-2.70383	-0.22582	0
0.966	8.652	-79.063	1.884	-2.69741	-0.29507	0
0.965	10.677	-78.823	1.884	-2.68922	-0.36413	0
0.965	12.697	-78.531	1.884	-2.67925	-0.43302	0
0.964	14.707	-78.188	1.885	-2.66753	-0.50159	0
0.964	16.709	-77.793	1.885	-2.65405	-0.56985	0
0.963	18.701	-77.347	1.886	-2.63884	-0.6378	0
0.963	20.68	-76.85	1.886	-2.62186	-0.70529	0
0.963	22.647	-76.302	1.886	-2.60315	-0.77238	0
0.962	24.598	-75.704	1.887	-2.58273	-0.83893	0
0.962	26.533	-75.056	1.887	-2.56062	-0.90494	0
0.962	28.453	-74.358	1.888	-2.53679	-0.97041	0
0.961	30.353	-73.612	1.888	-2.51131	-1.03522	0
0.961	32.235	-72.817	1.888	-2.48418	-1.09942	0
0.96	34.094	-71.974	1.889	-2.4554	-1.16285	0
0.96	35.932	-71.084	1.889	-2.425	-1.22553	0
0.959	37.747	-70.145	1.89	-2.39298	-1.28747	0
0.958	39.537	-69.162	1.89	-2.3594	-1.34852	0
0.957	41.301	-68.132	1.89	-2.32426	-1.40871	0
0.957	43.04	-67.058	1.891	-2.28759	-1.46804	0
0.956	44.75	-65.939	1.891	-2.2494	-1.52636	0
0.956	46.431	-64.776	1.891	-2.2097	-1.58373	0
0.957	48.082	-63.571	1.892	-2.16857	-1.64003	0
0.957	49.7	-62.323	1.892	-2.126	-1.69526	0
0.957	51.288	-61.034	1.893	-2.082	-1.74943	0
0.957	52.842	-59.706	1.893	-2.03667	-1.80245	0
0.958	54.362	-58.336	1.893	-1.98994	-1.8543	0
0.958	55.845	-56.929	1.894	-1.94193	-1.90492	0
0.957	57.292	-55.485	1.894	-1.89262	-1.95429	0
0.957	58.702	-54.002	1.895	-1.84203	-2.00242	0
0.956	60.073	-52.485	1.895	-1.79026	-2.04921	0
0.956	61.407	-50.932	1.895	-1.73728	-2.09472	0
0.955	62.699	-49.346	1.896	-1.68317	-2.13881	0
0.955	63.949	-47.727	1.896	-1.62794	-2.1815	0
0.954	65.159	-46.076	1.897	-1.57159	-2.22279	0
0.954	66.326	-44.394	1.897	-1.51423	-2.2626	0
0.954	67.449	-42.684	1.897	-1.45587	-2.30093	0
0.954	68.529	-40.944	1.898	-1.39652	-2.33781	0
0.955	69.563	-39.178	1.898	-1.33626	-2.37311	0
0.955	70.553	-37.384	1.898	-1.27507	-2.40688	0
0.956	71.495	-35.567	1.899	-1.21308	-2.43904	0
0.956	72.39	-33.725	1.899	-1.15027	-2.46961	0
0.956	73.239	-31.86	1.9	-1.08665	-2.49858	0
0.956	74.04	-29.976	1.9	-1.02237	-2.52593	0
0.957	74.792	-28.069	1.9	-0.95734	-2.55161	0
0.957	75.495	-26.145	1.901	-0.89171	-2.57559	0
0.956	76.148	-24.204	1.901	-0.82549	-2.59789	0
0.956	76.751	-22.245	1.902	-0.75867	-2.61849	0
0.956	77.304	-20.272	1.902	-0.69138	-2.63736	0
0.956	77.808	-18.284	1.902	-0.62358	-2.65455	0
0.956	78.259	-16.285	1.903	-0.5554	-2.66995	0
0.957	78.658	-14.275	1.903	-0.48684	-2.68359	0
0.957	79.006	-12.253	1.904	-0.4179	-2.69548	0
0.957	79.303	-10.225	1.904	-0.34872	-2.70559	0
0.957	79.547	-8.189	1.904	-0.2793	-2.71392	0
0.957	79.739	-6.147	1.905	-0.20964	-2.72051	0
0.957	79.879	-4.101	1.905	-0.13986	-2.72526	0
0.956	79.966	-2.051	1.905	-0.06994	-2.72823	0
0.956	80	0	1.906	0	-2.7294	0
0.933	79.983	2.002	1.906	0.06829	-2.72882	0
0.933	79.916	4.005	1.907	0.13659	-2.72652	0
0.933	79.798	6.004	1.907	0.20477	-2.72252	0
0.933	79.631	8	1.907	0.27284	-2.71681	0
0.933	79.414	9.991	1.908	0.34076	-2.70939	0
0.932	79.147	11.978	1.908	0.40852	-2.70027	0
0.932	78.83	13.957	1.909	0.47599	-2.68946	0
0.931	78.464	15.927	1.909	0.54318	-2.67696	0
0.931	78.049	17.887	1.909	0.61004	-2.66278	0
0.93	77.584	19.838	1.91	0.67658	-2.64691	0
0.93	77.071	21.775	1.91	0.74266	-2.6294	0
0.93	76.509	23.7	1.91	0.8083	-2.61023	0
0.93	75.9	25.61	1.911	0.87344	-2.58942	0
0.929	75.242	27.505	1.911	0.93809	-2.56697	0
0.929	74.538	29.382	1.912	1.00212	-2.54292	0
0.928	73.786	31.241	1.912	1.06553	-2.51724	0
0.928	72.988	33.081	1.912	1.12829	-2.49001	0
0.927	72.144	34.902	1.913	1.19041	-2.4612	0
0.927	71.255	36.7	1.913	1.25175	-2.43085	0
0.926	70.321	38.476	1.913	1.31232	-2.39898	0
0.925	69.343	40.229	1.914	1.37212	-2.36557	0
0.925	68.321	41.956	1.914	1.43103	-2.3307	0
0.924	67.256	43.657	1.915	1.48906	-2.29436	0
0.924	66.149	45.331	1.915	1.54617	-2.25658	0
0.924	65	46.978	1.915	1.60237	-2.21735	0
0.924	63.81	48.594	1.916	1.65753	-2.17675	0
0.924	62.58	50.181	1.916	1.71166	-2.13477	0
0.925	61.311	51.737	1.916	1.76474	-2.09146	0
0.925	60.002	53.261	1.917	1.81676	-2.04679	0
0.925	58.656	54.752	1.917	1.86761	-2.00086	0
0.925	57.273	56.208	1.918	1.91731	-1.95367	0
0.925	55.855	57.629	1.918	1.96581	-1.90525	0
0.924	54.399	59.016	1.918	2.01313	-1.85559	0
0.924	52.911	60.365	1.919	2.05916	-1.80479	0
0.923	51.388	61.676	1.919	2.10391	-1.75286	0
0.923	49.834	62.949	1.92	2.14736	-1.69981	0
0.922	48.247	64.184	1.92	2.1895	-1.64566	0
0.922	46.63	65.378	1.92	2.23024	-1.5905	0
0.922	44.984	66.531	1.921	2.2696	-1.53434	0
0.922	43.308	67.643	1.921	2.30756	-1.47716	0
0.922	41.606	68.712	1.921	2.34407	-1.41909	0
0.922	39.877	69.739	1.922	2.37911	-1.36012	0
0.923	38.123	70.722	1.922	2.41267	-1.30028	0
0.923	36.344	71.662	1.923	2.44474	-1.23958	0
0.923	34.542	72.556	1.923	2.47527	-1.17813	0
0.924	32.719	73.405	1.923	2.50425	-1.11594	0
0.924	30.875	74.208	1.924	2.53167	-1.05303	0
0.924	29.009	74.965	1.924	2.5575	-0.9894	0
0.924	27.127	75.675	1.924	2.58174	-0.92519	0
0.924	25.227	76.338	1.925	2.60436	-0.86039	0
0.924	23.311	76.953	1.925	2.62536	-0.79504	0
0.924	21.379	77.52	1.926	2.64473	-0.72914	0
0.924	19.434	78.039	1.926	2.66243	-0.66281	0
0.924	17.477	78.508	1.926	2.67847	-0.59605	0
0.924	15.508	78.929	1.927	2.69283	-0.52891	0
0.924	13.528	79.3	1.927	2.70552	-0.46137	0
0.924	11.54	79.622	1.928	2.7165	-0.39358	0
0.924	9.545	79.894	1.928	2.72578	-0.32554	0
0.924	7.542	80.116	1.928	2.73336	-0.25722	0
0.924	5.535	80.287	1.929	2.73922	-0.18878	0
0.924	3.525	80.409	1.929	2.74336	-0.12021	0
0.924	1.512	80.48	1.929	2.74578	-0.05155	0
0.924	-0.504	80.5	1.93	2.74649	0.0172	0
0.924	-2.519	80.471	1.93	2.74547	0.08591	0
0.923	-4.533	80.39	1.931	2.74273	0.15458	0
0.923	-6.544	80.26	1.931	2.73827	0.22317	0
0.923	-8.552	80.079	1.931	2.73209	0.29167	0
0.923	-10.555	79.847	1.932	2.72419	0.35996	0
0.922	-12.551	79.566	1.932	2.71459	0.42804	0
0.922	-14.539	79.235	1.933	2.70329	0.49587	0
0.922	-16.521	78.854	1.933	2.69027	0.56345	0
0.921	-18.491	78.424	1.933	2.67558	0.63064	0
0.921	-20.45	77.944	1.934	2.65921	0.69745	0
0.921	-22.396	77.416	1.934	2.64116	0.76383	0
0.92	-24.33	76.838	1.934	2.62145	0.8298	0
0.92	-26.248	76.213	1.935	2.6001	0.89522	0
0.92	-28.15	75.539	1.935	2.57711	0.96009	0
0.92	-30.036	74.818	1.936	2.55249	1.02441	0
0.919	-31.901	74.05	1.936	2.52625	1.08805	0
0.919	-33.748	73.235	1.936	2.49845	1.15104	0
0.918	-35.574	72.375	1.937	2.46908	1.21332	0
0.917	-37.379	71.468	1.937	2.43814	1.27489	0
0.916	-39.159	70.518	1.937	2.40569	1.33564	0
0.916	-40.916	69.522	1.938	2.37172	1.39556	0
0.915	-42.647	68.484	1.938	2.33625	1.45462	0
0.915	-44.353	67.401	1.939	2.2993	1.51283	0
0.914	-46.031	66.276	1.939	2.26091	1.57005	0
0.915	-47.68	65.11	1.939	2.22111	1.62631	0
0.915	-49.299	63.903	1.94	2.17991	1.68156	0
0.915	-50.889	62.654	1.94	2.1373	1.73581	0
0.915	-52.446	61.367	1.941	2.09337	1.78894	0
0.915	-53.971	60.042	1.941	2.04813	1.84097	0
0.915	-55.462	58.678	1.941	2.0016	1.89185	0
0.915	-56.92	57.276	1.942	1.95376	1.94159	0
0.915	-58.341	55.839	1.942	1.90473	1.99009	0
0.915	-59.726	54.367	1.942	1.8545	2.03736	0
0.914	-61.075	52.86	1.943	1.80306	2.08339	0
0.914	-62.385	51.32	1.943	1.75052	2.12809	0
0.913	-63.656	49.748	1.944	1.69687	2.17147	0
0.913	-64.887	48.144	1.944	1.64215	2.2135	0
0.912	-66.079	46.508	1.944	1.58635	2.25418	0
0.912	-67.229	44.845	1.945	1.52959	2.29343	0
0.912	-68.337	43.152	1.945	1.47186	2.33124	0
0.913	-69.402	41.433	1.946	1.41319	2.36761	0
0.913	-70.425	39.686	1.946	1.35359	2.40252	0
0.913	-71.403	37.915	1.946	1.29317	2.43591	0
0.914	-72.337	36.119	1.947	1.23193	2.46778	0
0.914	-73.225	34.301	1.947	1.16991	2.49811	0
0.914	-74.069	32.46	1.947	1.1071	2.5269	0
0.915	-74.864	30.599	1.948	1.04362	2.55406	0
0.915	-75.614	28.719	1.948	0.97948	2.57966	0
0.915	-76.317	26.82	1.949	0.91472	2.60364	0
0.915	-76.972	24.903	1.949	0.84933	2.62602	0
0.915	-77.579	22.971	1.949	0.78344	2.64673	0
0.914	-78.137	21.024	1.95	0.71705	2.66579	0
0.915	-78.647	19.063	1.95	0.65015	2.6832	0
0.915	-79.107	17.091	1.951	0.58288	2.69891	0
0.915	-79.518	15.107	1.951	0.51522	2.71294	0
0.915	-79.879	13.114	1.951	0.44724	2.72526	0
0.915	-80.19	11.11	1.952	0.37891	2.73589	0
0.915	-80.451	9.101	1.952	0.31038	2.7448	0
0.915	-80.661	7.085	1.952	0.24164	2.75199	0
0.915	-80.821	5.065	1.953	0.17274	2.75745	0
0.915	-80.931	3.04	1.953	0.10367	2.76119	0
0.915	-80.99	1.014	1.954	0.03457	2.76319	0
0.914	-80.998	-1.014	1.954	-0.03457	2.76347	0
0.914	-80.955	-3.041	1.954	-0.1037	2.76201	0
0.914	-80.861	-5.068	1.955	-0.17283	2.75881	0
0.914	-80.717	-7.09	1.955	-0.24181	2.75389	0
0.914	-80.522	-9.109	1.956	-0.31066	2.74724	0
0.913	-80.277	-11.122	1.956	-0.37932	2.73887	0
0.913	-79.981	-13.13	1.956	-0.44781	2.72877	0
0.913	-79.636	-15.129	1.957	-0.51599	2.71696	0
0.912	-79.24	-17.119	1.957	-0.58386	2.70345	0
0.912	-78.794	-19.099	1.957	-0.65137	2.68824	0
0.911	-78.299	-21.068	1.958	-0.71854	2.67133	0
0.911	-77.755	-23.023	1.958	-0.78522	2.65275	0
0.911	-77.162	-24.964	1.959	-0.85143	2.63251	0
0.911	-76.52	-26.892	1.959	-0.91716	2.6106	0
0.911	-75.831	-28.801	1.959	-0.98229	2.58706	0
0.91	-75.094	-30.693	1.96	-1.04682	2.5619	0
0.91	-74.309	-32.565	1.96	-1.11069	2.53509	0
0.909	-73.477	-34.419	1.961	-1.17393	2.5067	0
0.909	-72.6	-36.251	1.961	-1.23641	2.47676	0
0.908	-71.677	-38.06	1.961	-1.29813	2.44526	0
0.907	-70.709	-39.846	1.962	-1.35905	2.41221	0
0.906	-69.696	-41.608	1.962	-1.41917	2.37763	0
0.906	-68.639	-43.343	1.962	-1.47838	2.34158	0
0.905	-67.54	-45.052	1.963	-1.53667	2.30405	0
0.905	-66.398	-46.733	1.963	-1.59401	2.26506	0
0.905	-65.213	-48.386	1.964	-1.6504	2.22463	0
0.905	-63.988	-50.007	1.964	-1.70574	2.18282	0
0.906	-62.723	-51.598	1.964	-1.76001	2.13964	0
0.906	-61.418	-53.157	1.965	-1.8132	2.0951	0
0.906	-60.073	-54.684	1.965	-1.8653	2.04922	0
0.906	-58.692	-56.175	1.966	-1.9162	2.00207	0
0.906	-57.273	-57.632	1.966	-1.96592	1.95367	0
0.906	-55.818	-59.054	1.966	-2.01444	1.90399	0
0.906	-54.328	-60.439	1.967	-2.06168	1.85315	0
0.905	-52.803	-61.785	1.967	-2.10764	1.80113	0
0.905	-51.246	-63.094	1.967	-2.15229	1.74798	0
0.904	-49.654	-64.364	1.968	-2.19563	1.69369	0
0.904	-48.033	-65.592	1.968	-2.23758	1.63836	0
0.903	-46.381	-66.781	1.969	-2.27813	1.582	0
0.903	-44.7	-67.927	1.969	-2.31726	1.52464	0
0.903	-42.989	-69.032	1.969	-2.35497	1.46627	0
0.904	-41.252	-70.093	1.97	-2.39119	1.40702	0
0.904	-39.489	-71.11	1.97	-2.42592	1.34687	0
0.904	-37.7	-72.083	1.971	-2.45913	1.28586	0
0.905	-35.887	-73.012	1.971	-2.49084	1.224	0
0.905	-34.052	-73.895	1.971	-2.52096	1.1614	0
0.906	-32.195	-74.731	1.972	-2.54951	1.09807	0
0.906	-30.317	-75.52	1.972	-2.57644	1.03402	0
0.906	-28.419	-76.263	1.972	-2.60181	0.96928	0
0.906	-26.505	-76.958	1.973	-2.62553	0.90397	0
0.906	-24.573	-77.605	1.973	-2.64762	0.83808	0
0.905	-22.624	-78.203	1.974	-2.66806	0.77161	0
0.906	-20.662	-78.753	1.974	-2.68681	0.70468	0
0.906	-18.686	-79.253	1.974	-2.70389	0.63731	0
0.906	-16.699	-79.703	1.975	-2.71928	0.56952	0
0.906	-14.699	-80.105	1.975	-2.73297	0.50131	0
0.906	-12.691	-80.455	1.976	-2.74494	0.43283	0
0.906	-10.675	-80.756	1.976	-2.7552	0.36406	0
0.906	-8.651	-81.005	1.976	-2.76373	0.29505	0
0.906	-6.621	-81.205	1.977	-2.77053	0.22579	0
0.906	-4.587	-81.353	1.977	-2.77559	0.15643	0
0.906	-2.55	-81.45	1.978	-2.77892	0.08696	0
0.905	-0.511	-81.496	1.978	-2.7805	0.01742	0
0.905	1.531	-81.492	1.978	-2.78033	-0.0522	0
0.905	3.57	-81.436	1.979	-2.77843	-0.12175	0
0.905	5.607	-81.329	1.979	-2.77478	-0.19123	0
0.905	7.641	-81.171	1.979	-2.76939	-0.26061	0
0.905	9.673	-80.962	1.98	-2.76226	-0.32989	0
0.904	11.697	-80.703	1.98	-2.7534	-0.39893	0
0.904	13.714	-80.393	1.981	-2.74281	-0.46773	0
0.903	15.725	-80.032	1.981	-2.73049	-0.5363	0
0.903	17.724	-79.621	1.981	-2.71646	-0.6045	0
0.903	19.713	-79.16	1.982	-2.70073	-0.67233	0
0.902	21.69	-78.65	1.982	-2.68331	-0.73976	0
0.902	23.656	-78.09	1.983	-2.66418	-0.80679	0
0.902	25.605	-77.481	1.983	-2.64339	-0.87328	0
0.902	27.539	-76.823	1.983	-2.62095	-0.93923	0
0.902	29.455	-76.118	1.984	-2.59685	-1.00461	0
0.901	31.355	-75.363	1.984	-2.57107	-1.06941	0
0.901	33.234	-74.562	1.984	-2.54373	-1.13352	0
0.9	35.093	-73.714	1.985	-2.51479	-1.19693	0
0.9	36.931	-72.82	1.985	-2.48426	-1.25961	0
0.899	38.746	-71.879	1.986	-2.45215	-1.32155	0
0.898	40.537	-70.894	1.986	-2.41852	-1.38264	0
0.897	42.303	-69.864	1.986	-2.38337	-1.44287	0
0.897	44.042	-68.79	1.987	-2.34672	-1.50221	0
0.897	45.756	-67.672	1.987	-2.30856	-1.56067	0
0.896	47.439	-66.512	1.988	-2.26898	-1.61812	0
0.897	49.094	-65.311	1.988	-2.22796	-1.67456	0
0.897	50.719	-64.067	1.988	-2.18552	-1.73001	0
0.897	52.312	-62.784	1.989	-2.14172	-1.78435	0
0.897	53.872	-61.461	1.989	-2.09658	-1.83759	0
0.897	55.398	-60.1	1.99	-2.05012	-1.88968	0
0.897	56.891	-58.699	1.99	-2.00232	-1.94063	0
0.897	58.348	-57.263	1.99	-1.9533	-1.99035	0
0.897	59.769	-55.79	1.991	-1.90305	-2.03883	0
0.897	61.152	-54.282	1.991	-1.8516	-2.08604	0
0.896	62.499	-52.739	1.992	-1.79894	-2.13199	0
0.896	63.805	-51.163	1.992	-1.74518	-2.17658	0
0.895	65.072	-49.555	1.992	-1.69031	-2.21981	0
0.895	66.298	-47.916	1.993	-1.63438	-2.26166	0
0.895	67.484	-46.245	1.993	-1.57738	-2.30213	0
0.895	68.627	-44.546	1.993	-1.51942	-2.34114	0
0.895	69.727	-42.819	1.994	-1.46049	-2.3787	0
0.895	70.784	-41.065	1.994	-1.40064	-2.41476	0
0.895	71.797	-39.283	1.995	-1.33986	-2.44935	0
0.896	72.765	-37.478	1.995	-1.27827	-2.48238	0
0.896	73.687	-35.649	1.995	-1.21587	-2.51387	0
0.897	74.564	-33.795	1.996	-1.15266	-2.5438	0
0.897	75.393	-31.922	1.996	-1.08875	-2.57213	0
0.897	76.175	-30.028	1.997	-1.02414	-2.59882	0
0.897	76.91	-28.115	1.997	-0.95889	-2.62392	0
0.897	77.598	-26.182	1.997	-0.89298	-2.64739	0
0.897	78.236	-24.235	1.998	-0.82654	-2.66919	0
0.897	78.826	-22.271	1.998	-0.75958	-2.68932	0
0.897	79.367	-20.294	1.998	-0.69213	-2.70778	0
0.897	79.858	-18.302	1.999	-0.62418	-2.72454	0
0.897	80.299	-16.299	1.999	-0.55588	-2.73959	0
0.897	80.689	-14.286	2	-0.48722	-2.75293	0
0.897	81.029	-12.263	2	-0.41824	-2.76455	0
0.897	81.319	-10.231	2	-0.34893	-2.77444	0
0.897	81.557	-8.194	2.001	-0.27944	-2.78258	0
0.897	81.745	-6.151	2.001	-0.20977	-2.78898	0
0.897	81.881	-4.104	2.002	-0.13995	-2.79364	0
0.897	81.966	-2.052	2.002	-0.06998	-2.79654	0
0.897	82	0	2.002	0	-2.79769	0
0.872	81.984	1.996	2.003	0.06809	-2.79713	0
0.872	81.919	3.994	2.003	0.1362	-2.79492	0
0.872	81.804	5.987	2.004	0.20419	-2.79101	0
0.872	81.642	7.978	2.004	0.27208	-2.78547	0
0.872	81.432	9.965	2.004	0.33987	-2.77828	0
0.871	81.173	11.946	2.005	0.40742	-2.76944	0
0.871	80.865	13.92	2.005	0.47473	-2.75893	0
0.87	80.509	15.887	2.005	0.54184	-2.7468	0
0.87	80.107	17.844	2.006	0.60858	-2.73304	0
0.87	79.656	19.791	2.006	0.67498	-2.71766	0
0.87	79.157	21.728	2.007	0.74104	-2.70063	0
0.869	78.612	23.651	2.007	0.80662	-2.68203	0
0.869	78.02	25.561	2.007	0.87179	-2.66182	0
0.869	77.383	27.456	2.008	0.93641	-2.64004	0
0.869	76.698	29.334	2.008	1.00048	-2.61666	0
0.868	75.968	31.197	2.008	1.06402	-2.59174	0
0.868	75.193	33.04	2.009	1.1269	-2.56529	0
0.867	74.374	34.865	2.009	1.18913	-2.53732	0
0.867	73.508	36.669	2.01	1.25069	-2.50778	0
0.866	72.601	38.452	2.01	1.31149	-2.4768	0
0.866	71.65	40.212	2.01	1.37153	-2.44435	0
0.865	70.656	41.949	2.011	1.43082	-2.41042	0
0.864	69.62	43.661	2.011	1.4892	-2.37505	0
0.864	68.543	45.347	2.011	1.54674	-2.33829	0
0.864	67.425	47.008	2.012	1.6034	-2.30011	0
0.864	66.267	48.64	2.012	1.65909	-2.26059	0
0.864	65.069	50.244	2.013	1.71379	-2.21969	0
0.864	63.831	51.819	2.013	1.76754	-2.17747	0
0.864	62.557	53.363	2.013	1.82022	-2.13398	0
0.864	61.245	54.875	2.014	1.87183	-2.08921	0
0.865	59.895	56.356	2.014	1.92235	-2.04314	0
0.865	58.511	57.803	2.015	1.97173	-1.99591	0
0.864	57.091	59.217	2.015	2.01999	-1.94745	0
0.864	55.638	60.595	2.015	2.06702	-1.89786	0
0.864	54.151	61.937	2.016	2.11281	-1.84712	0
0.863	52.631	63.244	2.016	2.15742	-1.79526	0
0.863	51.081	64.513	2.016	2.20072	-1.74236	0
0.862	49.5	65.744	2.017	2.24273	-1.68842	0
0.862	47.888	66.936	2.017	2.28342	-1.63341	0
0.862	46.248	68.088	2.018	2.32276	-1.57749	0
0.862	44.581	69.201	2.018	2.36073	-1.52061	0
0.862	42.887	70.273	2.018	2.39734	-1.46279	0
0.863	41.167	71.302	2.019	2.43248	-1.40411	0
0.863	39.422	72.291	2.019	2.4662	-1.34461	0
0.863	37.653	73.237	2.019	2.4985	-1.28425	0
0.864	35.862	74.139	2.02	2.5293	-1.22317	0
0.864	34.05	74.996	2.02	2.55857	-1.16134	0
0.864	32.216	75.811	2.021	2.58638	-1.09877	0
0.864	30.364	76.58	2.021	2.61264	-1.03559	0
0.864	28.493	77.304	2.021	2.63736	-0.97179	0
0.864	26.603	77.982	2.022	2.6605	-0.90734	0
0.864	24.699	78.614	2.022	2.68209	-0.8424	0
0.864	22.781	79.2	2.023	2.70208	-0.77695	0
0.864	20.846	79.739	2.023	2.72049	-0.71097	0
0.864	18.9	80.23	2.023	2.73725	-0.64461	0
0.864	16.942	80.674	2.024	2.75242	-0.57781	0
0.864	14.974	81.071	2.024	2.76596	-0.5107	0
0.864	12.998	81.419	2.024	2.77786	-0.44328	0
0.864	11.011	81.719	2.025	2.78808	-0.37553	0
0.864	9.019	81.97	2.025	2.79668	-0.3076	0
0.864	7.022	82.174	2.026	2.80362	-0.23947	0
0.864	5.018	82.328	2.026	2.8089	-0.17114	0
0.864	3.013	82.433	2.026	2.81248	-0.10274	0
0.864	1.005	82.49	2.027	2.81442	-0.03427	0
0.864	-1.005	82.498	2.027	2.81469	0.03428	0
0.864	-3.013	82.457	2.027	2.81329	0.10277	0
0.864	-5.02	82.366	2.028	2.81019	0.17122	0
0.864	-7.026	82.227	2.028	2.80545	0.23963	0
0.863	-9.027	82.04	2.029	2.79905	0.30786	0
0.863	-11.023	81.804	2.029	2.79099	0.37592	0
0.863	-13.013	81.518	2.029	2.78123	0.44382	0
0.862	-14.995	81.185	2.03	2.76985	0.51142	0
0.862	-16.969	80.803	2.03	2.75684	0.57873	0
0.862	-18.934	80.374	2.031	2.74217	0.64576	0
0.861	-20.887	79.896	2.031	2.72585	0.71237	0
0.861	-22.83	79.371	2.031	2.70792	0.77862	0
0.861	-24.758	78.799	2.032	2.68841	0.84438	0
0.861	-26.671	78.181	2.032	2.66729	0.90965	0
0.861	-28.57	77.514	2.032	2.64454	0.97443	0
0.86	-30.452	76.803	2.033	2.62026	1.03861	0
0.86	-32.316	76.047	2.033	2.59442	1.10219	0
0.86	-34.162	75.244	2.034	2.56703	1.16517	0
0.859	-35.987	74.396	2.034	2.53809	1.22742	0
0.858	-37.791	73.505	2.034	2.50767	1.28896	0
0.858	-39.575	72.57	2.035	2.47573	1.3498	0
0.857	-41.333	71.592	2.035	2.44235	1.40981	0
0.857	-43.068	70.57	2.035	2.40748	1.46897	0
0.856	-44.779	69.507	2.036	2.37118	1.52734	0
0.856	-46.462	68.403	2.036	2.33349	1.58477	0
0.856	-48.118	67.258	2.037	2.29441	1.64127	0
0.856	-49.747	66.071	2.037	2.25391	1.69684	0
0.856	-51.345	64.847	2.037	2.21212	1.75139	0
0.856	-52.914	63.584	2.038	2.16902	1.80491	0
0.856	-54.453	62.282	2.038	2.12458	1.85741	0
0.856	-55.957	60.943	2.039	2.07889	1.90876	0
0.856	-57.43	59.568	2.039	2.03198	1.95901	0
0.856	-58.87	58.157	2.039	1.98382	2.00815	0
0.856	-60.274	56.712	2.04	1.93451	2.05607	0
0.856	-61.643	55.231	2.04	1.88399	2.10278	0
0.855	-62.975	53.72	2.04	1.8324	2.14826	0
0.855	-64.271	52.176	2.041	1.77972	2.19247	0
0.854	-65.529	50.599	2.041	1.72593	2.23541	0
0.854	-66.747	48.993	2.042	1.67113	2.27699	0
0.854	-67.927	47.358	2.042	1.61535	2.31725	0
0.854	-69.067	45.694	2.042	1.55856	2.35617	0
0.854	-70.166	44.003	2.043	1.50088	2.39367	0
0.854	-71.222	42.285	2.043	1.44228	2.42973	0
0.855	-72.238	40.541	2.043	1.38279	2.46442	0
0.855	-73.211	38.775	2.044	1.32251	2.49762	0
0.855	-74.14	36.984	2.044	1.26144	2.52935	0
0.856	-75.026	35.17	2.045	1.19955	2.55957	0
0.856	-75.867	33.336	2.045	1.137	2.58829	0
0.856	-76.663	31.483	2.045	1.07377	2.61549	0
0.856	-77.415	29.608	2.046	1.00984	2.64115	0
0.856	-78.12	27.717	2.046	0.94533	2.6652	0
0.856	-78.779	25.81	2.047	0.88027	2.68771	0
0.856	-79.392	23.885	2.047	0.81462	2.70864	0
0.856	-79.958	21.947	2.047	0.74853	2.72795	0
0.856	-80.475	19.995	2.048	0.68193	2.74563	0
0.856	-80.946	18.031	2.048	0.61496	2.7617	0
0.856	-81.369	16.057	2.048	0.54762	2.77614	0
0.856	-81.744	14.071	2.049	0.4799	2.78894	0
0.856	-82.069	12.078	2.049	0.41192	2.80005	0
0.857	-82.347	10.077	2.05	0.34369	2.80953	0
0.857	-82.576	8.069	2.05	0.27519	2.81735	0
0.856	-82.756	6.057	2.05	0.20657	2.82349	0
0.856	-82.886	4.041	2.051	0.13781	2.82793	0
0.856	-82.967	2.02	2.051	0.06891	2.83072	0
0.856	-83	0	2.052	0	2.83184	0
0.856	-82.983	-2.021	2.052	-0.06892	2.83127	0
0.856	-82.918	-4.042	2.052	-0.13786	2.82902	0
0.856	-82.802	-6.06	2.053	-0.20668	2.82506	0
0.856	-82.637	-8.075	2.053	-0.2754	2.81946	0
0.855	-82.424	-10.087	2.053	-0.34401	2.81217	0
0.855	-82.162	-12.092	2.054	-0.41238	2.80322	0
0.854	-81.85	-14.089	2.054	-0.48052	2.79258	0
0.854	-81.49	-16.081	2.055	-0.54844	2.78029	0
0.854	-81.083	-18.062	2.055	-0.616	2.76637	0
0.854	-80.627	-20.032	2.055	-0.68321	2.7508	0
0.853	-80.121	-21.992	2.056	-0.75006	2.73355	0
0.853	-79.57	-23.939	2.056	-0.81645	2.71472	0
0.853	-78.971	-25.873	2.057	-0.88241	2.69426	0
0.853	-78.325	-27.79	2.057	-0.94782	2.67221	0
0.853	-77.632	-29.691	2.057	-1.01266	2.64855	0
0.852	-76.893	-31.577	2.058	-1.07698	2.62332	0
0.852	-76.109	-33.443	2.058	-1.14062	2.59654	0
0.851	-75.279	-35.289	2.058	-1.20361	2.56823	0
0.851	-74.403	-37.116	2.059	-1.26592	2.53833	0
0.85	-73.485	-38.92	2.059	-1.32746	2.50697	0
0.85	-72.522	-40.701	2.06	-1.38823	2.47412	0
0.849	-71.516	-42.46	2.06	-1.44823	2.43977	0
0.848	-70.467	-44.192	2.06	-1.50733	2.40397	0
0.848	-69.377	-45.899	2.061	-1.56556	2.36676	0
0.848	-68.245	-47.58	2.061	-1.62292	2.32811	0
0.848	-67.073	-49.232	2.062	-1.67928	2.2881	0
0.848	-65.86	-50.855	2.062	-1.73464	2.24671	0
0.848	-64.608	-52.449	2.062	-1.78905	2.20397	0
0.848	-63.318	-54.012	2.063	-1.84236	2.15994	0
0.848	-61.99	-55.542	2.063	-1.8946	2.11463	0
0.849	-60.624	-57.041	2.063	-1.94574	2.068	0
0.848	-59.223	-58.506	2.064	-1.99571	2.02019	0
0.848	-57.785	-59.937	2.064	-2.04456	1.97114	0
0.848	-56.314	-61.332	2.065	-2.09216	1.92094	0
0.848	-54.809	-62.69	2.065	-2.13851	1.86958	0
0.847	-53.271	-64.013	2.065	-2.18365	1.81709	0
0.847	-51.702	-65.297	2.066	-2.22748	1.76354	0
0.846	-50.101	-66.542	2.066	-2.27	1.70895	0
0.846	-48.47	-67.749	2.067	-2.31118	1.65327	0
0.846	-46.81	-68.916	2.067	-2.351	1.59666	0
0.846	-45.123	-70.041	2.067	-2.38943	1.53909	0
0.846	-43.407	-71.127	2.068	-2.42648	1.48056	0
0.847	-41.667	-72.168	2.068	-2.46204	1.42117	0
0.847	-39.901	-73.168	2.068	-2.49617	1.36094	0
0.847	-38.11	-74.126	2.069	-2.52886	1.29985	0
0.848	-36.298	-75.039	2.069	-2.56003	1.23802	0
0.848	-34.463	-75.907	2.07	-2.58966	1.17544	0
0.848	-32.607	-76.731	2.07	-2.6178	1.11211	0
0.848	-30.732	-77.51	2.07	-2.64438	1.04817	0
0.848	-28.839	-78.242	2.071	-2.6694	0.98358	0
0.848	-26.926	-78.928	2.071	-2.69282	0.91835	0
0.848	-24.999	-79.568	2.072	-2.71466	0.85262	0
0.848	-23.057	-80.161	2.072	-2.7349	0.78637	0
0.848	-21.099	-80.707	2.072	-2.75353	0.7196	0
0.848	-19.13	-81.203	2.073	-2.77048	0.65243	0
0.848	-17.147	-81.653	2.073	-2.78584	0.58482	0
0.848	-15.156	-82.054	2.073	-2.79954	0.5169	0
0.848	-13.155	-82.407	2.074	-2.81157	0.44866	0
0.849	-11.145	-82.71	2.074	-2.82192	0.38008	0
0.849	-9.129	-82.964	2.075	-2.83062	0.31133	0
0.849	-7.107	-83.17	2.075	-2.83764	0.24237	0
0.848	-5.079	-83.326	2.075	-2.84298	0.17322	0
0.848	-3.049	-83.432	2.076	-2.8466	0.10399	0
0.848	-1.017	-83.49	2.076	-2.84856	0.03469	0
0.848	1.017	-83.498	2.077	-2.84884	-0.03469	0
0.848	3.05	-83.456	2.077	-2.84742	-0.10402	0
0.848	5.081	-83.364	2.077	-2.84428	-0.17329	0
0.848	7.111	-83.224	2.078	-2.83948	-0.24253	0
0.848	9.136	-83.034	2.078	-2.83299	-0.31159	0
0.847	11.156	-82.795	2.078	-2.82483	-0.38048	0
0.847	13.171	-82.505	2.079	-2.81495	-0.44919	0
0.846	15.177	-82.168	2.079	-2.80343	-0.51761	0
0.846	17.175	-81.782	2.08	-2.79025	-0.58574	0
0.846	19.164	-81.347	2.08	-2.7754	-0.65359	0
0.846	21.14	-80.863	2.08	-2.75888	-0.721	0
0.845	23.106	-80.332	2.081	-2.74074	-0.78805	0
0.845	25.057	-79.753	2.081	-2.72098	-0.8546	0
0.845	26.994	-79.127	2.082	-2.6996	-0.92066	0
0.845	28.916	-78.453	2.082	-2.67657	-0.98623	0
0.845	30.821	-77.733	2.082	-2.652	-1.05118	0
0.845	32.707	-76.967	2.083	-2.62585	-1.11553	0
0.844	34.576	-76.154	2.083	-2.59811	-1.17927	0
0.844	36.422	-75.296	2.083	-2.56882	-1.24227	0
0.843	38.248	-74.395	2.084	-2.53803	-1.30456	0
0.842	40.053	-73.448	2.084	-2.5057	-1.36613	0
0.842	41.834	-72.458	2.085	-2.47191	-1.42686	0
0.841	43.589	-71.424	2.085	-2.43662	-1.48674	0
0.841	45.32	-70.347	2.085	-2.39987	-1.54582	0
0.84	47.024	-69.23	2.086	-2.36173	-1.60394	0
0.84	48.7	-68.071	2.086	-2.32217	-1.66113	0
0.84	50.348	-66.87	2.087	-2.28118	-1.71736	0
0.84	51.966	-65.631	2.087	-2.23888	-1.77257	0
0.84	53.554	-64.352	2.087	-2.19525	-1.82673	0
0.841	55.111	-63.035	2.088	-2.15027	-1.87987	0
0.841	56.634	-61.679	2.088	-2.10402	-1.93184	0
0.841	58.124	-60.288	2.089	-2.05654	-1.98269	0
0.841	59.581	-58.86	2.089	-2.0078	-2.03242	0
0.841	61.002	-57.397	2.089	-1.9579	-2.08092	0
0.84	62.388	-55.899	2.09	-1.90676	-2.1282	0
0.84	63.736	-54.369	2.09	-1.85454	-2.17422	0
0.839	65.047	-52.806	2.09	-1.80122	-2.21896	0
0.839	66.321	-51.21	2.091	-1.74678	-2.26243	0
0.839	67.553	-49.585	2.091	-1.69132	-2.3045	0
0.839	68.747	-47.93	2.092	-1.63486	-2.34525	0
0.838	69.901	-46.245	2.092	-1.57738	-2.38464	0
0.839	71.013	-44.534	2.092	-1.519	-2.42259	0
0.839	72.082	-42.796	2.093	-1.45969	-2.45909	0
0.839	73.11	-41.031	2.093	-1.39948	-2.49419	0
0.84	74.095	-39.243	2.094	-1.33848	-2.52779	0
0.84	75.035	-37.431	2.094	-1.27667	-2.5599	0
0.84	75.931	-35.595	2.094	-1.21403	-2.59048	0
0.841	76.782	-33.739	2.095	-1.15072	-2.61955	0
0.841	77.588	-31.862	2.095	-1.08672	-2.64707	0
0.841	78.349	-29.966	2.096	-1.02202	-2.67304	0
0.841	79.062	-28.052	2.096	-0.95674	-2.69738	0
0.841	79.729	-26.121	2.096	-0.89089	-2.72015	0
0.841	80.349	-24.173	2.097	-0.82445	-2.74133	0
0.841	80.922	-22.212	2.097	-0.75756	-2.76088	0
0.841	81.446	-20.236	2.097	-0.69015	-2.77877	0
0.84	81.922	-18.249	2.098	-0.62238	-2.79503	0
0.841	82.35	-16.25	2.098	-0.55422	-2.80964	0
0.841	82.729	-14.241	2.099	-0.48568	-2.82259	0
0.841	83.058	-12.224	2.099	-0.41688	-2.83383	0
0.841	83.339	-10.199	2.099	-0.34783	-2.84342	0
0.841	83.571	-8.166	2.1	-0.27851	-2.85133	0
0.841	83.753	-6.13	2.1	-0.20906	-2.85755	0
0.841	83.884	-4.089	2.101	-0.13947	-2.86204	0
0.841	83.967	-2.045	2.101	-0.06974	-2.86486	0
0.84	84	0	2.101	0	-2.86598	0
0.821	83.984	2	2.102	0.0682	-2.86544	0
0.821	83.92	3.997	2.102	0.13632	-2.86325	0
0.821	83.809	5.994	2.102	0.20443	-2.85946	0
0.821	83.649	7.988	2.103	0.27244	-2.85401	0
0.821	83.444	9.977	2.103	0.34025	-2.84699	0
0.821	83.19	11.961	2.104	0.40793	-2.83831	0
0.82	82.889	13.938	2.104	0.47535	-2.82806	0
0.82	82.542	15.909	2.104	0.54256	-2.8162	0
0.819	82.147	17.87	2.105	0.60947	-2.8027	0
0.819	81.706	19.821	2.105	0.67601	-2.78766	0
0.819	81.218	21.762	2.105	0.74222	-2.77099	0
0.819	80.685	23.692	2.106	0.80802	-2.75278	0
0.819	80.105	25.606	2.106	0.87333	-2.73298	0
0.819	79.48	27.509	2.107	0.93821	-2.71165	0
0.819	78.81	29.395	2.107	1.00257	-2.68878	0
0.818	78.095	31.264	2.107	1.06632	-2.66437	0
0.818	77.336	33.118	2.108	1.12954	-2.63846	0
0.818	76.533	34.951	2.108	1.19207	-2.61104	0
0.817	75.687	36.766	2.109	1.254	-2.58214	0
0.816	74.797	38.561	2.109	1.31523	-2.55177	0
0.816	73.865	40.333	2.109	1.37566	-2.51995	0
0.815	72.891	42.083	2.11	1.43539	-2.48669	0
0.815	71.874	43.81	2.11	1.4943	-2.452	0
0.814	70.819	45.512	2.11	1.55236	-2.41596	0
0.814	69.721	47.189	2.111	1.60956	-2.37849	0
0.814	68.584	48.84	2.111	1.66589	-2.3397	0
0.814	67.41	50.462	2.112	1.72125	-2.2996	0
0.814	66.195	52.057	2.112	1.77566	-2.25814	0
0.814	64.944	53.622	2.112	1.82905	-2.21545	0
0.814	63.655	55.157	2.113	1.88144	-2.17144	0
0.814	62.33	56.662	2.113	1.9328	-2.12621	0
0.814	60.969	58.133	2.113	1.98301	-2.07979	0
0.814	59.574	59.574	2.114	2.03217	-2.03217	0
0.814	58.144	60.981	2.114	2.08018	-1.98339	0
0.814	56.682	62.352	2.115	2.12697	-1.93349	0
0.814	55.187	63.689	2.115	2.17262	-1.88247	0
0.813	53.66	64.99	2.115	2.21703	-1.83036	0
0.813	52.104	66.255	2.116	2.26018	-1.77726	0
0.813	50.516	67.482	2.116	2.30206	-1.72309	0
0.812	48.901	68.671	2.117	2.34265	-1.66799	0
0.812	47.257	69.822	2.117	2.38194	-1.6119	0
0.812	45.585	70.933	2.117	2.41986	-1.55486	0
0.812	43.889	72.004	2.118	2.45643	-1.497	0
0.813	42.167	73.035	2.118	2.4916	-1.43822	0
0.813	40.42	74.025	2.118	2.5254	-1.37864	0
0.814	38.651	74.971	2.119	2.55772	-1.31829	0
0.814	36.859	75.877	2.119	2.58865	-1.25716	0
0.814	35.045	76.74	2.12	2.61812	-1.1953	0
0.814	33.213	77.559	2.12	2.64605	-1.13279	0
0.815	31.36	78.335	2.12	2.67255	-1.06959	0
0.815	29.491	79.065	2.121	2.69749	-1.00581	0
0.814	27.603	79.752	2.121	2.72095	-0.94142	0
0.814	25.699	80.394	2.121	2.74287	-0.87649	0
0.814	23.781	80.99	2.122	2.76319	-0.81108	0
0.814	21.849	81.541	2.122	2.782	-0.74516	0
0.814	19.903	82.044	2.123	2.79921	-0.67881	0
0.814	17.948	82.502	2.123	2.81485	-0.61211	0
0.814	15.98	82.913	2.123	2.82887	-0.545	0
0.815	14.003	83.278	2.124	2.84133	-0.47758	0
0.815	12.019	83.595	2.124	2.85217	-0.40992	0
0.815	10.027	83.865	2.125	2.86136	-0.34197	0
0.815	8.03	84.087	2.125	2.86897	-0.27386	0
0.815	6.027	84.262	2.125	2.87492	-0.20554	0
0.815	4.02	84.389	2.126	2.87928	-0.13709	0
0.814	2.011	84.468	2.126	2.88197	-0.06859	0
0.814	0	84.5	2.126	2.88306	0	0
0.814	-2.012	84.484	2.127	2.88251	0.06861	0
0.814	-4.021	84.419	2.127	2.8803	0.13713	0
0.814	-6.03	84.308	2.128	2.87649	0.20565	0
0.814	-8.036	84.147	2.128	2.87101	0.27406	0
0.814	-10.036	83.94	2.128	2.86394	0.34228	0
0.813	-12.032	83.684	2.129	2.85521	0.41036	0
0.813	-14.021	83.382	2.129	2.8449	0.47818	0
0.813	-16.003	83.033	2.129	2.83296	0.54579	0
0.812	-17.977	82.635	2.13	2.81938	0.6131	0
0.812	-19.939	82.192	2.13	2.80425	0.68003	0
0.812	-21.892	81.701	2.131	2.78748	0.74663	0
0.812	-23.833	81.164	2.131	2.76916	0.81283	0
0.812	-25.759	80.581	2.131	2.74924	0.87852	0
0.811	-27.672	79.953	2.132	2.72779	0.94379	0
0.811	-29.57	79.279	2.132	2.70478	1.00853	0
0.811	-31.45	78.56	2.133	2.68022	1.07266	0
0.811	-33.314	77.796	2.133	2.65415	1.13625	0
0.81	-35.158	76.988	2.133	2.62656	1.19915	0
0.81	-36.985	76.136	2.134	2.59749	1.26145	0
0.809	-38.79	75.242	2.134	2.56694	1.32304	0
0.809	-40.572	74.304	2.134	2.53493	1.38384	0
0.808	-42.333	73.324	2.135	2.50147	1.44392	0
0.808	-44.071	72.301	2.135	2.46657	1.50318	0
0.807	-45.782	71.239	2.136	2.43032	1.56158	0
0.807	-47.469	70.135	2.136	2.39263	1.61913	0
0.807	-49.13	68.992	2.136	2.3536	1.67579	0
0.807	-50.762	67.81	2.137	2.31326	1.73147	0
0.807	-52.366	66.588	2.137	2.27155	1.7862	0
0.807	-53.94	65.33	2.138	2.22861	1.83992	0
0.807	-55.484	64.032	2.138	2.18433	1.89262	0
0.807	-56.998	62.7	2.138	2.13884	1.94427	0
0.807	-58.478	61.331	2.139	2.09214	1.99478	0
0.807	-59.927	59.927	2.139	2.04423	2.04423	0
0.807	-61.343	58.489	2.139	1.99516	2.09253	0
0.807	-62.722	57.018	2.14	1.94496	2.1396	0
0.807	-64.067	55.514	2.14	1.89364	2.18552	0
0.806	-65.376	53.978	2.141	1.84122	2.23019	0
0.806	-66.648	52.413	2.141	1.78781	2.27359	0
0.805	-67.882	50.816	2.141	1.73331	2.31572	0
0.805	-69.078	49.191	2.142	1.67788	2.35655	0
0.805	-70.236	47.537	2.142	1.62146	2.39607	0
0.805	-71.354	45.856	2.142	1.56409	2.43422	0
0.806	-72.431	44.15	2.143	1.50588	2.471	0
0.806	-73.468	42.416	2.143	1.44675	2.50638	0
0.806	-74.463	40.659	2.144	1.38681	2.54038	0
0.807	-75.416	38.88	2.144	1.32611	2.57289	0
0.807	-76.327	37.077	2.144	1.26461	2.604	0
0.807	-77.195	35.253	2.145	1.20238	2.63364	0
0.807	-78.018	33.41	2.145	1.1395	2.66175	0
0.808	-78.799	31.546	2.146	1.07593	2.6884	0
0.808	-79.534	29.665	2.146	1.01177	2.71348	0
0.807	-80.225	27.766	2.146	0.947	2.73708	0
0.807	-80.871	25.851	2.147	0.88168	2.75913	0
0.807	-81.469	23.922	2.147	0.81588	2.77958	0
0.807	-82.024	21.978	2.147	0.74958	2.79849	0
0.807	-82.53	20.021	2.148	0.68283	2.8158	0
0.807	-82.991	18.054	2.148	0.61574	2.83153	0
0.807	-83.404	16.075	2.149	0.54823	2.84563	0
0.807	-83.771	14.086	2.149	0.48041	2.85816	0
0.808	-84.09	12.091	2.149	0.41235	2.86907	0
0.808	-84.361	10.086	2.15	0.34399	2.87832	0
0.808	-84.585	8.078	2.15	0.27548	2.88597	0
0.808	-84.76	6.062	2.151	0.20675	2.89195	0
0.808	-84.889	4.043	2.151	0.1379	2.89633	0
0.807	-84.968	2.023	2.151	0.069	2.89904	0
0.807	-85	0	2.152	0	2.90013	0
0.807	-84.984	-2.024	2.152	-0.06901	2.89958	0
0.807	-84.919	-4.045	2.152	-0.13795	2.89736	0
0.807	-84.806	-6.066	2.153	-0.20687	2.89352	0
0.807	-84.645	-8.083	2.153	-0.27568	2.88801	0
0.807	-84.437	-10.095	2.154	-0.3443	2.88089	0
0.806	-84.179	-12.103	2.154	-0.41279	2.87211	0
0.806	-83.875	-14.104	2.154	-0.48101	2.86173	0
0.806	-83.524	-16.098	2.155	-0.54902	2.84973	0
0.805	-83.124	-18.083	2.155	-0.61672	2.83607	0
0.805	-82.678	-20.057	2.156	-0.68405	2.82084	0
0.805	-82.184	-22.021	2.156	-0.75104	2.80397	0
0.805	-81.644	-23.973	2.156	-0.81763	2.78554	0
0.805	-81.057	-25.911	2.157	-0.88371	2.76551	0
0.805	-80.425	-27.836	2.157	-0.94937	2.74392	0
0.804	-79.747	-29.745	2.157	-1.01449	2.72077	0
0.804	-79.024	-31.636	2.158	-1.079	2.69607	0
0.804	-78.256	-33.511	2.158	-1.14297	2.66984	0
0.804	-77.443	-35.366	2.159	-1.20624	2.64209	0
0.803	-76.586	-37.203	2.159	-1.2689	2.61285	0
0.803	-75.686	-39.019	2.159	-1.33086	2.58211	0
0.802	-74.743	-40.812	2.16	-1.39201	2.54991	0
0.801	-73.757	-42.584	2.16	-1.45245	2.51626	0
0.801	-72.728	-44.331	2.16	-1.51206	2.48114	0
0.8	-71.66	-46.053	2.161	-1.5708	2.44468	0
0.8	-70.549	-47.749	2.161	-1.62869	2.40676	0
0.8	-69.399	-49.42	2.162	-1.68568	2.3675	0
0.8	-68.21	-51.061	2.162	-1.74169	2.32693	0
0.8	-66.981	-52.675	2.162	-1.79675	2.28497	0
0.8	-65.715	-54.258	2.163	-1.85078	2.24177	0
0.8	-64.41	-55.812	2.163	-1.90379	2.19723	0
0.801	-63.069	-57.335	2.164	-1.95575	2.15147	0
0.801	-61.693	-58.823	2.164	-2.00656	2.10449	0
0.801	-60.281	-60.281	2.164	-2.0563	2.0563	0
0.8	-58.834	-61.704	2.165	-2.10488	2.00693	0
0.8	-57.355	-63.092	2.165	-2.15222	1.95644	0
0.8	-55.842	-64.445	2.166	-2.19842	1.90482	0
0.799	-54.296	-65.762	2.166	-2.24335	1.85208	0
0.799	-52.722	-67.041	2.166	-2.28701	1.79835	0
0.799	-51.115	-68.282	2.167	-2.32939	1.74353	0
0.799	-49.481	-69.485	2.167	-2.37045	1.68778	0
0.799	-47.818	-70.65	2.167	-2.41021	1.63102	0
0.799	-46.126	-71.774	2.168	-2.44858	1.57331	0
0.799	-44.41	-72.858	2.168	-2.48557	1.51476	0
0.799	-42.667	-73.901	2.169	-2.52116	1.45528	0
0.8	-40.899	-74.902	2.169	-2.55536	1.39499	0
0.8	-39.109	-75.86	2.169	-2.58806	1.33392	0
0.8	-37.296	-76.777	2.17	-2.61936	1.27206	0
0.801	-35.461	-77.65	2.17	-2.64917	1.20947	0
0.801	-33.607	-78.478	2.171	-2.67744	1.14622	0
0.801	-31.732	-79.263	2.171	-2.70425	1.08227	0
0.801	-29.84	-80.002	2.171	-2.72948	1.01774	0
0.801	-27.93	-80.697	2.172	-2.75321	0.95258	0
0.801	-26.003	-81.347	2.172	-2.77539	0.88687	0
0.8	-24.063	-81.949	2.172	-2.79596	0.82069	0
0.8	-22.108	-82.506	2.173	-2.81499	0.75399	0
0.801	-20.139	-83.016	2.173	-2.83239	0.68685	0
0.801	-18.16	-83.48	2.174	-2.84821	0.61936	0
0.801	-16.169	-83.895	2.174	-2.8624	0.55146	0
0.801	-14.169	-84.264	2.174	-2.875	0.48323	0
0.801	-12.162	-84.585	2.175	-2.88597	0.41478	0
0.801	-10.146	-84.858	2.175	-2.89527	0.34602	0
0.801	-8.125	-85.083	2.176	-2.90296	0.27711	0
0.801	-6.098	-85.259	2.176	-2.90898	0.20797	0
0.801	-4.067	-85.388	2.176	-2.91339	0.13871	0
0.801	-2.035	-85.468	2.177	-2.91611	0.0694	0
0.801	0	-85.5	2.177	-2.91721	0	0
0.8	2.035	-85.484	2.177	-2.91665	-0.06942	0
0.8	4.069	-85.418	2.178	-2.91441	-0.13876	0
0.8	6.101	-85.305	2.178	-2.91055	-0.20808	0
0.8	8.131	-85.143	2.179	-2.905	-0.2773	0
0.8	10.155	-84.933	2.179	-2.89785	-0.34633	0
0.8	12.175	-84.674	2.179	-2.88901	-0.41521	0
0.799	14.187	-84.369	2.18	-2.87857	-0.48383	0
0.799	16.192	-84.015	2.18	-2.86649	-0.55224	0
0.799	18.189	-83.612	2.181	-2.85275	-0.62035	0
0.799	20.175	-83.164	2.181	-2.83743	-0.68807	0
0.798	22.151	-82.667	2.181	-2.82046	-0.75546	0
0.798	24.114	-82.124	2.182	-2.80192	-0.82244	0
0.798	26.063	-81.534	2.182	-2.78177	-0.88891	0
0.798	27.999	-80.898	2.182	-2.76005	-0.95494	0
0.798	29.92	-80.216	2.183	-2.73677	-1.02045	0
0.798	31.822	-79.488	2.183	-2.71192	-1.08534	0
0.797	33.708	-78.715	2.184	-2.68554	-1.14968	0
0.797	35.574	-77.898	2.184	-2.65762	-1.21332	0
0.797	37.422	-77.036	2.184	-2.6282	-1.27635	0
0.796	39.248	-76.13	2.185	-2.59729	-1.33867	0
0.795	41.052	-75.181	2.185	-2.56489	-1.40019	0
0.795	42.834	-74.19	2.186	-2.53104	-1.46098	0
0.794	44.591	-73.155	2.186	-2.49572	-1.52094	0
0.794	46.323	-72.081	2.186	-2.45903	-1.58002	0
0.794	48.029	-70.963	2.187	-2.42089	-1.63825	0
0.793	49.71	-69.806	2.187	-2.3814	-1.69558	0
0.794	51.361	-68.611	2.188	-2.34059	-1.75192	0
0.794	52.984	-67.374	2.188	-2.29838	-1.80729	0
0.794	54.577	-66.101	2.188	-2.25493	-1.86164	0
0.794	56.139	-64.788	2.189	-2.21013	-1.91496	0
0.794	57.671	-63.439	2.189	-2.16409	-1.96723	0
0.794	59.168	-62.055	2.189	-2.11684	-2.01833	0
0.794	60.634	-60.634	2.19	-2.06836	-2.06836	0
0.794	62.066	-59.179	2.19	-2.01871	-2.11723	0
0.794	63.462	-57.691	2.191	-1.96792	-2.16485	0
0.793	64.823	-56.169	2.191	-1.91599	-2.21131	0
0.793	66.147	-54.615	2.191	-1.86294	-2.25651	0
0.793	67.434	-53.031	2.192	-1.8089	-2.30042	0
0.792	68.683	-51.415	2.192	-1.75376	-2.34305	0
0.792	69.893	-49.771	2.193	-1.69768	-2.38435	0
0.792	71.064	-48.098	2.193	-1.64058	-2.42434	0
0.792	72.195	-46.396	2.193	-1.58253	-2.46294	0
0.792	73.285	-44.67	2.194	-1.52364	-2.50015	0
0.793	74.334	-42.917	2.194	-1.46381	-2.53595	0
0.793	75.341	-41.139	2.194	-1.40316	-2.57034	0
0.793	76.305	-39.338	2.195	-1.34174	-2.60323	0
0.794	77.227	-37.514	2.195	-1.27951	-2.63471	0
0.794	78.105	-35.669	2.196	-1.21655	-2.6647	0
0.794	78.938	-33.803	2.196	-1.15293	-2.69313	0
0.794	79.727	-31.918	2.196	-1.08861	-2.7201	0
0.794	80.471	-30.015	2.197	-1.0237	-2.74547	0
0.794	81.17	-28.093	2.197	-0.95816	-2.76935	0
0.794	81.823	-26.156	2.198	-0.89206	-2.79165	0
0.794	82.429	-24.204	2.198	-0.82549	-2.81234	0
0.794	82.989	-22.237	2.198	-0.75841	-2.83148	0
0.794	83.502	-20.257	2.199	-0.69087	-2.84898	0
0.794	83.968	-18.267	2.199	-0.62299	-2.86489	0
0.794	84.386	-16.264	2.2	-0.55468	-2.87916	0
0.794	84.757	-14.252	2.2	-0.48606	-2.89184	0
0.794	85.08	-12.233	2.2	-0.4172	-2.90287	0
0.794	85.354	-10.205	2.201	-0.34804	-2.91222	0
0.794	85.581	-8.173	2.201	-0.27873	-2.91996	0
0.794	85.758	-6.134	2.201	-0.20919	-2.92601	0
0.794	85.888	-4.091	2.202	-0.13952	-2.93044	0
0.794	85.968	-2.047	2.202	-0.06981	-2.93318	0
0.794	86	0	2.203	0	-2.93428	0
0.776	85.984	2.001	2.203	0.06824	-2.93372	0
0.776	85.922	4.002	2.203	0.1365	-2.93161	0
0.776	85.812	6.001	2.204	0.20465	-2.92788	0
0.776	85.658	7.996	2.204	0.2727	-2.92259	0
0.776	85.455	9.989	2.205	0.34067	-2.91568	0
0.776	85.207	11.975	2.205	0.40841	-2.90719	0
0.775	84.913	13.955	2.205	0.47594	-2.89716	0
0.775	84.572	15.93	2.206	0.54328	-2.88551	0
0.775	84.186	17.894	2.206	0.61029	-2.87234	0
0.774	83.754	19.85	2.206	0.67698	-2.85758	0
0.774	83.276	21.796	2.207	0.74336	-2.84126	0
0.774	82.754	23.729	2.207	0.80931	-2.82344	0
0.774	82.186	25.65	2.208	0.87482	-2.80405	0
0.774	81.574	27.559	2.208	0.93993	-2.78316	0
0.774	80.918	29.452	2.208	1.00449	-2.76074	0
0.774	80.218	31.329	2.209	1.06853	-2.73686	0
0.773	79.474	33.191	2.209	1.13203	-2.71143	0
0.773	78.686	35.033	2.209	1.19489	-2.68455	0
0.773	77.857	36.858	2.21	1.25713	-2.65625	0
0.772	76.984	38.664	2.21	1.31872	-2.62645	0
0.772	76.071	40.448	2.211	1.37959	-2.59527	0
0.771	75.116	42.21	2.211	1.43971	-2.56265	0
0.771	74.119	43.951	2.211	1.4991	-2.52861	0
0.77	73.083	45.667	2.212	1.55766	-2.49326	0
0.77	72.007	47.359	2.212	1.61538	-2.45652	0
0.77	70.891	49.027	2.213	1.67229	-2.41844	0
0.77	69.737	50.667	2.213	1.72824	-2.37905	0
0.77	68.545	52.28	2.213	1.78328	-2.33836	0
0.77	67.316	53.867	2.214	1.83741	-2.2964	0
0.77	66.05	55.422	2.214	1.8905	-2.25319	0
0.77	64.749	56.949	2.214	1.94261	-2.20878	0
0.77	63.411	58.446	2.215	1.99368	-2.16311	0
0.77	62.039	59.91	2.215	2.04365	-2.11629	0
0.77	60.634	61.343	2.216	2.09254	-2.06835	0
0.77	59.194	62.743	2.216	2.14032	-2.01921	0
0.77	57.724	64.109	2.216	2.18694	-1.96904	0
0.77	56.221	65.44	2.217	2.23236	-1.91777	0
0.769	54.687	66.736	2.217	2.27661	-1.86542	0
0.769	53.125	67.997	2.217	2.31963	-1.8121	0
0.769	51.533	69.22	2.218	2.36138	-1.75778	0
0.768	49.912	70.407	2.218	2.40192	-1.70248	0
0.768	48.264	71.555	2.219	2.4411	-1.64627	0
0.768	46.591	72.665	2.219	2.47899	-1.58918	0
0.768	44.89	73.736	2.219	2.51555	-1.53116	0
0.769	43.167	74.767	2.22	2.55073	-1.47234	0
0.769	41.419	75.758	2.22	2.58456	-1.41273	0
0.77	39.648	76.707	2.221	2.61699	-1.35229	0
0.77	37.856	77.616	2.221	2.64802	-1.29117	0
0.77	36.043	78.482	2.221	2.67758	-1.22933	0
0.77	34.209	79.307	2.222	2.70573	-1.16676	0
0.77	32.358	80.088	2.222	2.73242	-1.10362	0
0.77	30.488	80.826	2.222	2.7576	-1.03985	0
0.77	28.601	81.521	2.223	2.78135	-0.97548	0
0.77	26.699	82.171	2.223	2.80354	-0.9106	0
0.77	24.782	82.777	2.224	2.82422	-0.84522	0
0.77	22.851	83.339	2.224	2.84342	-0.77934	0
0.77	20.907	83.855	2.224	2.86103	-0.71306	0
0.77	18.953	84.326	2.225	2.87713	-0.64639	0
0.77	16.986	84.752	2.225	2.89165	-0.5793	0
0.77	15.011	85.131	2.225	2.9046	-0.51195	0
0.77	13.028	85.465	2.226	2.916	-0.44431	0
0.77	11.035	85.752	2.226	2.92581	-0.37636	0
0.77	9.038	85.993	2.227	2.93405	-0.30825	0
0.77	7.036	86.187	2.227	2.94068	-0.23996	0
0.77	5.028	86.335	2.227	2.94571	-0.17148	0
0.77	3.018	86.436	2.228	2.94918	-0.10294	0
0.77	1.007	86.49	2.228	2.95102	-0.03434	0
0.77	-1.007	86.498	2.229	2.95129	0.03434	0
0.77	-3.019	86.458	2.229	2.94993	0.10297	0
0.77	-5.03	86.373	2.229	2.94701	0.17155	0
0.77	-7.04	86.239	2.23	2.94245	0.2401	0
0.77	-9.045	86.059	2.23	2.93629	0.30848	0
0.769	-11.046	85.833	2.23	2.92858	0.37671	0
0.769	-13.042	85.56	2.231	2.91924	0.4448	0
0.769	-15.03	85.241	2.231	2.90836	0.51261	0
0.769	-17.011	84.875	2.232	2.89587	0.58015	0
0.768	-18.983	84.463	2.232	2.88179	0.64744	0
0.768	-20.945	84.006	2.232	2.8662	0.71434	0
0.768	-22.896	83.503	2.233	2.84901	0.78087	0
0.768	-24.836	82.955	2.233	2.8303	0.84704	0
0.768	-26.761	82.361	2.233	2.81003	0.91271	0
0.768	-28.672	81.723	2.234	2.78824	0.97789	0
0.768	-30.57	81.041	2.234	2.76495	1.04262	0
0.767	-32.449	80.315	2.235	2.74014	1.10674	0
0.767	-34.312	79.545	2.235	2.71388	1.17028	0
0.767	-36.157	78.731	2.235	2.68608	1.23323	0
0.766	-37.982	77.875	2.236	2.65685	1.29548	0
0.766	-39.787	76.978	2.236	2.62621	1.35706	0
0.765	-41.572	76.037	2.237	2.59409	1.41794	0
0.765	-43.333	75.056	2.237	2.5606	1.47804	0
0.764	-45.071	74.033	2.237	2.5257	1.53733	0
0.764	-46.787	72.97	2.238	2.4894	1.59584	0
0.764	-48.476	71.868	2.238	2.45179	1.65348	0
0.764	-50.139	70.727	2.238	2.41283	1.71022	0
0.764	-51.776	69.547	2.239	2.37255	1.7661	0
0.764	-53.385	68.329	2.239	2.33099	1.82097	0
0.764	-54.965	67.075	2.24	2.28818	1.87489	0
0.764	-56.516	65.783	2.24	2.24406	1.92782	0
0.764	-58.036	64.455	2.24	2.19876	1.97968	0
0.764	-59.525	63.093	2.241	2.15229	2.0305	0
0.764	-60.983	61.696	2.241	2.10458	2.08024	0
0.764	-62.407	60.266	2.242	2.05578	2.12886	0
0.764	-63.797	58.802	2.242	2.00584	2.17631	0
0.764	-65.154	57.306	2.242	1.95478	2.22262	0
0.763	-66.476	55.78	2.243	1.9027	2.26772	0
0.763	-67.761	54.223	2.243	1.84957	2.31159	0
0.763	-69.011	52.635	2.243	1.7954	2.35426	0
0.762	-70.223	51.02	2.244	1.74028	2.39562	0
0.762	-71.396	49.376	2.244	1.6842	2.43568	0
0.762	-72.533	47.705	2.245	1.62719	2.47449	0
0.762	-73.629	46.009	2.245	1.5693	2.5119	0
0.763	-74.686	44.287	2.245	1.51058	2.548	0
0.763	-75.703	42.54	2.246	1.45097	2.58271	0
0.763	-76.679	40.771	2.246	1.39061	2.61601	0
0.764	-77.614	38.98	2.247	1.3295	2.64792	0
0.764	-78.506	37.165	2.247	1.26761	2.6784	0
0.764	-79.357	35.332	2.247	1.20507	2.70745	0
0.764	-80.164	33.479	2.248	1.14187	2.735	0
0.765	-80.928	31.606	2.248	1.07798	2.76109	0
0.764	-81.649	29.718	2.248	1.01357	2.7857	0
0.764	-82.325	27.813	2.249	0.94858	2.80878	0
0.764	-82.958	25.891	2.249	0.88303	2.83039	0
0.764	-83.544	23.956	2.25	0.81704	2.85042	0
0.764	-84.087	22.008	2.25	0.75059	2.86894	0
0.764	-84.583	20.046	2.25	0.68368	2.88589	0
0.764	-85.033	18.074	2.251	0.61643	2.90127	0
0.764	-85.439	16.093	2.251	0.54885	2.91511	0
0.764	-85.797	14.101	2.251	0.4809	2.92735	0
0.764	-86.11	12.102	2.252	0.41274	2.93803	0
0.765	-86.375	10.096	2.252	0.34433	2.94708	0
0.765	-86.594	8.083	2.253	0.27568	2.95455	0
0.765	-86.766	6.067	2.253	0.20692	2.96044	0
0.765	-86.891	4.048	2.253	0.13804	2.9647	0
0.764	-86.969	2.024	2.254	0.06902	2.96739	0
0.764	-87	0	2.254	0	2.96843	0
0.764	-86.983	-2.024	2.255	-0.06903	2.96787	0
0.764	-86.921	-4.049	2.255	-0.13809	2.96572	0
0.764	-86.81	-6.07	2.255	-0.20703	2.96194	0
0.764	-86.653	-8.089	2.256	-0.27587	2.95659	0
0.764	-86.448	-10.105	2.256	-0.34463	2.94959	0
0.763	-86.197	-12.114	2.256	-0.41315	2.941	0
0.763	-85.9	-14.117	2.257	-0.48147	2.93085	0
0.763	-85.555	-16.115	2.257	-0.54959	2.91907	0
0.763	-85.164	-18.102	2.258	-0.61738	2.90575	0
0.762	-84.727	-20.08	2.258	-0.68484	2.89081	0
0.762	-84.243	-22.049	2.258	-0.75199	2.87429	0
0.762	-83.715	-24.005	2.259	-0.81871	2.85626	0
0.762	-83.141	-25.948	2.259	-0.88498	2.83665	0
0.762	-82.522	-27.879	2.26	-0.95085	2.81551	0
0.762	-81.858	-29.794	2.26	-1.01616	2.79283	0
0.762	-81.15	-31.693	2.26	-1.08094	2.76866	0
0.761	-80.396	-33.576	2.261	-1.14518	2.74294	0
0.761	-79.6	-35.44	2.261	-1.20876	2.71574	0
0.761	-78.761	-37.286	2.262	-1.27172	2.68711	0
0.76	-77.878	-39.112	2.262	-1.33403	2.65695	0
0.76	-76.954	-40.917	2.262	-1.39561	2.62541	0
0.759	-75.988	-42.7	2.263	-1.45642	2.59241	0
0.759	-74.979	-44.461	2.263	-1.5165	2.55798	0
0.758	-73.931	-46.197	2.263	-1.57574	2.52221	0
0.758	-72.842	-47.909	2.264	-1.63412	2.48504	0
0.758	-71.714	-49.596	2.264	-1.6917	2.44652	0
0.758	-70.546	-51.255	2.265	-1.7483	2.40666	0
0.758	-69.34	-52.886	2.265	-1.80397	2.3655	0
0.758	-68.097	-54.491	2.265	-1.85873	2.32305	0
0.758	-66.816	-56.065	2.266	-1.91244	2.27933	0
0.759	-65.5	-57.61	2.266	-1.96514	2.23441	0
0.759	-64.146	-59.124	2.266	-2.01681	2.1882	0
0.759	-62.758	-60.605	2.267	-2.06735	2.14084	0
0.759	-61.337	-62.054	2.267	-2.11681	2.09234	0
0.758	-59.88	-63.47	2.268	-2.16514	2.04263	0
0.758	-58.393	-64.852	2.268	-2.2123	1.99187	0
0.758	-56.873	-66.198	2.268	-2.25825	1.94001	0
0.758	-55.321	-67.51	2.269	-2.30301	1.88704	0
0.757	-53.74	-68.785	2.269	-2.34653	1.83311	0
0.757	-52.13	-70.022	2.27	-2.38876	1.77816	0
0.757	-50.49	-71.223	2.27	-2.42976	1.72221	0
0.757	-48.824	-72.384	2.27	-2.4694	1.66535	0
0.757	-47.131	-73.507	2.271	-2.50773	1.60759	0
0.757	-45.41	-74.59	2.271	-2.54471	1.5489	0
0.757	-43.667	-75.633	2.271	-2.58029	1.4894	0
0.758	-41.899	-76.635	2.272	-2.61451	1.4291	0
0.758	-40.107	-77.596	2.272	-2.64732	1.36796	0
0.758	-38.294	-78.515	2.273	-2.6787	1.30613	0
0.758	-36.46	-79.391	2.273	-2.70861	1.24357	0
0.759	-34.605	-80.225	2.273	-2.73708	1.18027	0
0.759	-32.732	-81.015	2.274	-2.76407	1.1164	0
0.759	-30.841	-81.762	2.274	-2.78955	1.05189	0
0.759	-28.932	-82.465	2.275	-2.81357	0.98677	0
0.759	-27.008	-83.122	2.275	-2.83601	0.92114	0
0.758	-25.069	-83.735	2.275	-2.85693	0.855	0
0.758	-23.115	-84.303	2.276	-2.87635	0.78835	0
0.758	-21.149	-84.825	2.276	-2.89416	0.72131	0
0.758	-19.172	-85.302	2.277	-2.91045	0.65387	0
0.758	-17.182	-85.732	2.277	-2.92513	0.58601	0
0.758	-15.184	-86.116	2.277	-2.93823	0.51787	0
0.759	-13.178	-86.453	2.278	-2.94976	0.44944	0
0.759	-11.163	-86.744	2.278	-2.95968	0.38071	0
0.759	-9.143	-86.988	2.278	-2.96802	0.31181	0
0.759	-7.117	-87.184	2.279	-2.97471	0.24273	0
0.759	-5.086	-87.333	2.279	-2.9798	0.17346	0
0.759	-3.053	-87.436	2.28	-2.98331	0.10413	0
0.758	-1.019	-87.49	2.28	-2.98517	0.03474	0
0.758	1.019	-87.498	2.28	-2.98544	-0.03474	0
0.758	3.054	-87.458	2.281	-2.98406	-0.10416	0
0.758	5.088	-87.371	2.281	-2.9811	-0.17353	0
0.758	7.122	-87.236	2.282	-2.97648	-0.24288	0
0.758	9.15	-87.053	2.282	-2.97026	-0.31205	0
0.758	11.173	-86.825	2.282	-2.96245	-0.38107	0
0.758	13.193	-86.548	2.283	-2.953	-0.44994	0
0.757	15.204	-86.226	2.283	-2.94199	-0.51853	0
0.757	17.207	-85.856	2.283	-2.92935	-0.58685	0
0.757	19.203	-85.439	2.284	-2.91511	-0.65492	0
0.757	21.187	-84.977	2.284	-2.89933	-0.7226	0
0.756	23.16	-84.467	2.285	-2.88195	-0.78989	0
0.756	25.122	-83.913	2.285	-2.86301	-0.85682	0
0.756	27.07	-83.313	2.285	-2.84251	-0.92325	0
0.756	29.003	-82.667	2.286	-2.82046	-0.98919	0
0.756	30.922	-81.977	2.286	-2.7969	-1.05466	0
0.756	32.824	-81.242	2.287	-2.7718	-1.11951	0
0.756	34.708	-80.463	2.287	-2.74523	-1.18379	0
0.755	36.575	-79.64	2.287	-2.71711	-1.24747	0
0.755	38.421	-78.774	2.288	-2.68754	-1.31043	0
0.754	40.246	-77.866	2.288	-2.65654	-1.37272	0
0.754	42.052	-76.914	2.288	-2.62404	-1.4343	0
0.753	43.834	-75.922	2.289	-2.59017	-1.49509	0
0.753	45.591	-74.888	2.289	-2.55486	-1.55507	0
0.753	47.326	-73.812	2.29	-2.51813	-1.61426	0
0.753	49.035	-72.697	2.29	-2.48009	-1.67256	0
0.752	50.717	-71.543	2.29	-2.44068	-1.72995	0
0.752	52.374	-70.349	2.291	-2.39993	-1.78647	0
0.753	54	-69.117	2.291	-2.35788	-1.84198	0
0.753	55.599	-67.848	2.292	-2.31458	-1.89652	0
0.753	57.168	-66.541	2.292	-2.26995	-1.95006	0
0.753	58.705	-65.198	2.292	-2.22412	-2.00251	0
0.753	60.211	-63.821	2.293	-2.17711	-2.05392	0
0.753	61.686	-62.407	2.293	-2.12885	-2.10424	0
0.753	63.126	-60.96	2.294	-2.07949	-2.15341	0
0.753	64.533	-59.48	2.294	-2.02897	-2.2014	0
0.753	65.905	-57.966	2.294	-1.97731	-2.24825	0
0.752	67.242	-56.423	2.295	-1.92463	-2.29387	0
0.752	68.542	-54.847	2.295	-1.87088	-2.33824	0
0.752	69.806	-53.242	2.296	-1.81609	-2.38141	0
0.751	71.032	-51.608	2.296	-1.76033	-2.42323	0
0.751	72.219	-49.945	2.296	-1.70361	-2.46375	0
0.751	73.369	-48.255	2.297	-1.64594	-2.50301	0
0.751	74.477	-46.539	2.297	-1.58738	-2.54085	0
0.752	75.547	-44.797	2.297	-1.52798	-2.57736	0
0.752	76.575	-43.03	2.298	-1.46768	-2.61247	0
0.752	77.562	-41.24	2.298	-1.40663	-2.64615	0
0.753	78.507	-39.428	2.299	-1.34481	-2.67843	0
0.753	79.41	-37.593	2.299	-1.2822	-2.70926	0
0.753	80.27	-35.739	2.299	-1.21895	-2.73864	0
0.753	81.087	-33.864	2.3	-1.15501	-2.7665	0
0.753	81.86	-31.97	2.3	-1.09039	-2.7929	0
0.753	82.589	-30.06	2.301	-1.02523	-2.81779	0
0.753	83.272	-28.133	2.301	-0.9595	-2.84113	0
0.753	83.912	-26.189	2.301	-0.89319	-2.86299	0
0.753	84.505	-24.232	2.302	-0.82644	-2.88324	0
0.753	85.054	-22.261	2.302	-0.75923	-2.90198	0
0.753	85.556	-20.277	2.302	-0.69154	-2.91912	0
0.753	86.011	-18.282	2.303	-0.62352	-2.93467	0
0.753	86.421	-16.278	2.303	-0.55516	-2.94867	0
0.753	86.784	-14.263	2.304	-0.48643	-2.96105	0
0.753	87.1	-12.241	2.304	-0.41748	-2.97185	0
0.753	87.368	-10.212	2.304	-0.34829	-2.981	0
0.753	87.589	-8.176	2.305	-0.27885	-2.98855	0
0.753	87.764	-6.137	2.305	-0.2093	-2.99451	0
0.753	87.89	-4.094	2.306	-0.13963	-2.99881	0
0.753	87.969	-2.047	2.306	-0.06981	-3.00153	0
0.753	88	0	2.306	0	-3.00258	0
0.736	87.984	2.003	2.307	0.0683	-3.00204	0
0.736	87.923	4.006	2.307	0.13664	-2.99994	0
0.736	87.817	6.007	2.307	0.20486	-2.99633	0
0.736	87.664	8.004	2.308	0.27298	-2.99112	0
0.736	87.466	10	2.308	0.34103	-2.98435	0
0.736	87.223	11.988	2.309	0.40886	-2.97605	0
0.736	86.935	13.971	2.309	0.4765	-2.96623	0
0.735	86.602	15.949	2.309	0.54394	-2.95483	0
0.735	86.223	17.917	2.31	0.61107	-2.9419	0
0.735	85.8	19.876	2.31	0.67789	-2.92744	0
0.735	85.333	21.827	2.311	0.74443	-2.91149	0
0.735	84.821	23.765	2.311	0.81053	-2.894	0
0.734	84.264	25.693	2.311	0.87628	-2.875	0
0.734	83.664	27.606	2.312	0.94154	-2.85452	0
0.734	83.022	29.506	2.312	1.00633	-2.83258	0
0.734	82.335	31.391	2.312	1.07065	-2.80912	0
0.734	81.606	33.259	2.313	1.13437	-2.78422	0
0.734	80.834	35.111	2.313	1.19753	-2.75788	0
0.733	80.021	36.946	2.314	1.26013	-2.73011	0
0.733	79.165	38.76	2.314	1.32203	-2.70091	0
0.733	78.269	40.555	2.314	1.38326	-2.6703	0
0.732	77.331	42.331	2.315	1.44382	-2.63829	0
0.732	76.355	44.083	2.315	1.50362	-2.60495	0
0.731	75.338	45.813	2.315	1.56264	-2.57023	0
0.731	74.281	47.521	2.316	1.6209	-2.53415	0
0.731	73.186	49.203	2.316	1.67829	-2.49677	0
0.731	72.054	50.86	2.317	1.73484	-2.45812	0
0.731	70.882	52.492	2.317	1.79052	-2.41814	0
0.731	69.675	54.096	2.317	1.84525	-2.37692	0
0.731	68.431	55.672	2.318	1.89903	-2.33447	0
0.732	67.152	57.221	2.318	1.95189	-2.2908	0
0.732	65.837	58.739	2.319	2.0037	-2.24594	0
0.732	64.489	60.227	2.319	2.05447	-2.19991	0
0.732	63.105	61.685	2.319	2.10423	-2.15269	0
0.732	61.691	63.111	2.32	2.15289	-2.10442	0
0.732	60.242	64.505	2.32	2.20045	-2.05498	0
0.731	58.763	65.864	2.32	2.24685	-2.00451	0
0.731	57.254	67.19	2.321	2.2921	-1.953	0
0.731	55.714	68.483	2.321	2.33622	-1.90045	0
0.73	54.145	69.738	2.322	2.37908	-1.84692	0
0.73	52.548	70.958	2.322	2.42072	-1.79243	0
0.73	50.923	72.142	2.322	2.46113	-1.73697	0
0.73	49.272	73.289	2.323	2.50028	-1.68065	0
0.73	47.595	74.397	2.323	2.53811	-1.62344	0
0.73	45.892	75.468	2.323	2.57467	-1.56534	0
0.73	44.167	76.499	2.324	2.60986	-1.50646	0
0.73	42.418	77.491	2.324	2.64374	-1.4468	0
0.731	40.645	78.443	2.325	2.67625	-1.38633	0
0.731	38.853	79.354	2.325	2.70735	-1.32518	0
0.731	37.04	80.224	2.325	2.73705	-1.26333	0
0.732	35.206	81.054	2.326	2.76539	-1.20079	0
0.731	33.355	81.841	2.326	2.79226	-1.13764	0
0.732	31.487	82.585	2.327	2.81767	-1.0739	0
0.731	29.6	83.287	2.327	2.84165	-1.00955	0
0.731	27.699	83.947	2.327	2.86418	-0.94472	0
0.731	25.784	84.562	2.328	2.88519	-0.87939	0
0.731	23.853	85.134	2.328	2.90472	-0.81353	0
0.731	21.911	85.662	2.328	2.92274	-0.7473	0
0.731	19.957	86.147	2.329	2.93929	-0.68063	0
0.731	17.992	86.585	2.329	2.95427	-0.61364	0
0.731	16.019	86.979	2.33	2.96772	-0.54632	0
0.732	14.035	87.328	2.33	2.97965	-0.47865	0
0.732	12.045	87.633	2.33	2.99005	-0.41079	0
0.732	10.048	87.891	2.331	2.99888	-0.34269	0
0.732	8.044	88.105	2.331	3.00615	-0.27436	0
0.732	6.038	88.272	2.331	3.01186	-0.20592	0
0.732	4.028	88.394	2.332	3.01605	-0.13737	0
0.732	2.014	88.47	2.332	3.01864	-0.06868	0
0.731	0	88.5	2.333	3.01966	0	0
0.731	-2.014	88.484	2.333	3.01911	0.06869	0
0.731	-4.029	88.422	2.333	3.017	0.13741	0
0.731	-6.041	88.316	2.334	3.01336	0.20602	0
0.731	-8.05	88.162	2.334	3.00812	0.27454	0
0.731	-10.056	87.963	2.335	3.00132	0.34297	0
0.731	-12.056	87.718	2.335	2.99296	0.41119	0
0.73	-14.051	87.429	2.335	2.98309	0.4792	0
0.73	-16.04	87.093	2.336	2.97162	0.54703	0
0.73	-18.019	86.713	2.336	2.95862	0.61454	0
0.73	-19.989	86.287	2.336	2.94408	0.68174	0
0.729	-21.951	85.817	2.337	2.92803	0.74865	0
0.729	-23.9	85.302	2.337	2.91045	0.81514	0
0.729	-25.839	84.742	2.338	2.89133	0.88126	0
0.729	-27.763	84.139	2.338	2.87073	0.94688	0
0.729	-29.673	83.493	2.338	2.84867	1.01204	0
0.729	-31.569	82.802	2.339	2.82508	1.07672	0
0.729	-33.448	82.069	2.339	2.80003	1.14081	0
0.729	-35.31	81.293	2.34	2.77354	1.20432	0
0.729	-37.156	80.475	2.34	2.74561	1.26728	0
0.728	-38.98	79.615	2.34	2.71624	1.32953	0
0.728	-40.785	78.713	2.341	2.68546	1.3911	0
0.727	-42.571	77.77	2.341	2.65326	1.45201	0
0.727	-44.333	76.788	2.341	2.61973	1.51215	0
0.726	-46.073	75.765	2.342	2.58482	1.5715	0
0.726	-47.79	74.702	2.342	2.54852	1.6301	0
0.726	-49.482	73.601	2.343	2.51094	1.68781	0
0.726	-51.149	72.462	2.343	2.47207	1.74468	0
0.726	-52.79	71.284	2.343	2.43185	1.80068	0
0.726	-54.403	70.07	2.344	2.3904	1.85571	0
0.726	-55.988	68.819	2.344	2.34771	1.90979	0
0.727	-57.546	67.532	2.345	2.30379	1.96296	0
0.727	-59.072	66.211	2.345	2.25867	2.01505	0
0.727	-60.569	64.854	2.345	2.21238	2.06612	0
0.727	-62.035	63.463	2.346	2.16489	2.11615	0
0.727	-63.469	62.04	2.346	2.11634	2.16509	0
0.727	-64.87	60.584	2.346	2.06663	2.21293	0
0.726	-66.237	59.096	2.347	2.01587	2.25959	0
0.726	-67.57	57.578	2.347	1.96407	2.30509	0
0.726	-68.87	56.029	2.348	1.91121	2.34946	0
0.725	-70.133	54.452	2.348	1.85739	2.39256	0
0.725	-71.36	52.846	2.348	1.80259	2.43443	0
0.725	-72.551	51.211	2.349	1.7468	2.47508	0
0.725	-73.704	49.551	2.349	1.69017	2.51445	0
0.725	-74.818	47.865	2.35	1.63263	2.55249	0
0.725	-75.895	46.152	2.35	1.5742	2.58925	0
0.725	-76.932	44.416	2.35	1.51498	2.62464	0
0.725	-77.93	42.658	2.351	1.45499	2.65871	0
0.726	-78.887	40.875	2.351	1.39418	2.6914	0
0.726	-79.803	39.073	2.351	1.33268	2.72268	0
0.726	-80.678	37.249	2.352	1.27048	2.75255	0
0.726	-81.513	35.406	2.352	1.20758	2.78105	0
0.726	-82.304	33.544	2.353	1.14408	2.80807	0
0.727	-83.052	31.665	2.353	1.07998	2.83363	0
0.726	-83.759	29.767	2.353	1.01526	2.85774	0
0.726	-84.422	27.856	2.354	0.95007	2.88039	0
0.726	-85.041	25.93	2.354	0.88436	2.90152	0
0.726	-85.616	23.988	2.354	0.81814	2.92117	0
0.726	-86.146	22.035	2.355	0.75153	2.93928	0
0.726	-86.634	20.069	2.355	0.68448	2.95592	0
0.726	-87.075	18.094	2.356	0.61711	2.97099	0
0.726	-87.471	16.109	2.356	0.54941	2.98452	0
0.726	-87.822	14.114	2.356	0.48136	2.99651	0
0.726	-88.128	12.113	2.357	0.41311	3.00697	0
0.727	-88.388	10.105	2.357	0.34463	3.01584	0
0.727	-88.602	8.09	2.358	0.27591	3.02316	0
0.727	-88.771	6.072	2.358	0.20708	3.0289	0
0.727	-88.894	4.051	2.358	0.13815	3.03311	0
0.727	-88.97	2.025	2.359	0.06907	3.03571	0
0.727	-89	0	2.359	0	3.03673	0
0.727	-88.984	-2.026	2.359	-0.06908	3.03619	0
0.726	-88.922	-4.052	2.36	-0.13819	3.03406	0
0.726	-88.814	-6.075	2.36	-0.20719	3.0304	0
0.726	-88.66	-8.095	2.361	-0.27609	3.02513	0
0.726	-88.46	-10.113	2.361	-0.34491	3.01828	0
0.726	-88.214	-12.125	2.361	-0.41351	3.00988	0
0.725	-87.923	-14.13	2.362	-0.48191	2.99995	0
0.725	-87.585	-16.13	2.362	-0.55012	2.98841	0
0.725	-87.202	-18.121	2.363	-0.61801	2.97533	0
0.725	-86.774	-20.102	2.363	-0.68559	2.96071	0
0.724	-86.301	-22.075	2.363	-0.75288	2.94458	0
0.724	-85.783	-24.035	2.364	-0.81974	2.92689	0
0.724	-85.221	-25.985	2.364	-0.88623	2.90766	0
0.724	-84.614	-27.919	2.364	-0.95223	2.88694	0
0.724	-83.964	-29.84	2.365	-1.01775	2.86476	0
0.724	-83.269	-31.747	2.365	-1.0828	2.84103	0
0.724	-82.532	-33.637	2.366	-1.14725	2.81584	0
0.724	-81.751	-35.509	2.366	-1.21112	2.7892	0
0.724	-80.929	-37.365	2.366	-1.27443	2.76111	0
0.723	-80.064	-39.2	2.367	-1.33703	2.73157	0
0.723	-79.157	-41.015	2.367	-1.39895	2.70062	0
0.722	-78.208	-42.811	2.368	-1.4602	2.66824	0
0.722	-77.221	-44.584	2.368	-1.52068	2.63452	0
0.722	-76.192	-46.333	2.368	-1.58037	2.5994	0
0.721	-75.123	-48.06	2.369	-1.63929	2.5629	0
0.721	-74.016	-49.761	2.369	-1.69733	2.5251	0
0.721	-72.871	-51.437	2.37	-1.75452	2.48601	0
0.721	-71.686	-53.088	2.37	-1.81083	2.44557	0
0.722	-70.465	-54.709	2.37	-1.86617	2.40388	0
0.722	-69.207	-56.303	2.371	-1.92056	2.36095	0
0.722	-67.913	-57.87	2.371	-1.97403	2.31678	0
0.722	-66.584	-59.405	2.371	-2.02641	2.2714	0
0.722	-65.22	-60.91	2.372	-2.07776	2.22485	0
0.722	-63.82	-62.384	2.372	-2.12808	2.1771	0
0.722	-62.39	-63.826	2.373	-2.17729	2.12827	0
0.722	-60.925	-65.236	2.373	-2.2254	2.07827	0
0.722	-59.429	-66.61	2.373	-2.27232	2.02723	0
0.721	-57.902	-67.951	2.374	-2.31808	1.97513	0
0.721	-56.345	-69.258	2.374	-2.3627	1.92198	0
0.721	-54.758	-70.528	2.375	-2.40604	1.86785	0
0.721	-53.143	-71.762	2.375	-2.44815	1.81274	0
0.72	-51.499	-72.959	2.375	-2.48902	1.75664	0
0.72	-49.83	-74.119	2.376	-2.52861	1.69969	0
0.72	-48.134	-75.239	2.376	-2.56687	1.64183	0
0.72	-46.412	-76.322	2.376	-2.60383	1.58306	0
0.721	-44.667	-77.365	2.377	-2.63943	1.52351	0
0.721	-42.898	-78.368	2.377	-2.67369	1.46319	0
0.721	-41.105	-79.331	2.378	-2.70656	1.40203	0
0.721	-39.293	-80.252	2.378	-2.73801	1.34018	0
0.722	-37.459	-81.132	2.378	-2.76805	1.27763	0
0.722	-35.605	-81.971	2.379	-2.79671	1.21438	0
0.722	-33.733	-82.767	2.379	-2.82388	1.15052	0
0.722	-31.843	-83.52	2.38	-2.84958	1.08606	0
0.722	-29.935	-84.23	2.38	-2.87383	1.02097	0
0.722	-28.013	-84.897	2.38	-2.89661	0.95541	0
0.721	-26.076	-85.519	2.381	-2.91785	0.88933	0
0.721	-24.123	-86.097	2.381	-2.93761	0.82274	0
0.721	-22.159	-86.631	2.381	-2.95582	0.75575	0
0.721	-20.182	-87.121	2.382	-2.97256	0.68833	0
0.721	-18.196	-87.564	2.382	-2.98771	0.62058	0
0.721	-16.2	-87.963	2.383	-3.00131	0.55249	0
0.722	-14.193	-88.316	2.383	-3.01337	0.48406	0
0.722	-12.181	-88.624	2.383	-3.02389	0.41543	0
0.722	-10.162	-88.885	2.384	-3.03281	0.34656	0
0.722	-8.135	-89.1	2.384	-3.04016	0.27746	0
0.722	-6.106	-89.269	2.385	-3.04593	0.20825	0
0.722	-4.073	-89.393	2.385	-3.05016	0.13892	0
0.722	-2.037	-89.47	2.385	-3.05278	0.06946	0
0.722	0	-89.5	2.386	-3.05381	0	0
0.722	2.037	-89.484	2.386	-3.05326	-0.06947	0
0.722	4.075	-89.421	2.386	-3.05112	-0.13897	0
0.722	6.109	-89.313	2.387	-3.04743	-0.20835	0
0.722	8.141	-89.158	2.387	-3.04213	-0.27764	0
0.721	10.17	-88.957	2.388	-3.03525	-0.34684	0
0.721	12.193	-88.709	2.388	-3.0268	-0.41583	0
0.721	14.21	-88.416	2.388	-3.0168	-0.48462	0
0.72	16.221	-88.077	2.389	-3.0052	-0.55321	0
0.72	18.222	-87.692	2.389	-2.99205	-0.62148	0
0.72	20.215	-87.261	2.39	-2.97735	-0.68944	0
0.72	22.199	-86.786	2.39	-2.96112	-0.75711	0
0.72	24.17	-86.265	2.39	-2.94333	-0.82434	0
0.72	26.13	-85.699	2.391	-2.924	-0.8912	0
0.72	28.076	-85.089	2.391	-2.90316	-0.95757	0
0.72	30.008	-84.435	2.392	-2.88084	-1.02346	0
0.72	31.926	-83.736	2.392	-2.85698	-1.08888	0
0.72	33.826	-82.995	2.392	-2.83165	-1.15369	0
0.719	35.708	-82.21	2.393	-2.80486	-1.21791	0
0.719	37.575	-81.383	2.393	-2.77661	-1.28158	0
0.719	39.42	-80.513	2.393	-2.74691	-1.34453	0
0.718	41.245	-79.601	2.394	-2.71578	-1.4068	0
0.718	43.051	-78.647	2.394	-2.68321	-1.46839	0
0.718	44.834	-77.654	2.395	-2.6493	-1.52921	0
0.717	46.593	-76.619	2.395	-2.61399	-1.58923	0
0.717	48.329	-75.544	2.395	-2.57728	-1.64848	0
0.717	50.04	-74.431	2.396	-2.53927	-1.70685	0
0.717	51.725	-73.279	2.396	-2.49996	-1.76436	0
0.717	53.385	-72.088	2.397	-2.45929	-1.82098	0
0.717	55.016	-70.86	2.397	-2.41737	-1.87664	0
0.717	56.619	-69.595	2.397	-2.37419	-1.93133	0
0.718	58.194	-68.293	2.398	-2.32977	-1.98509	0
0.718	59.738	-66.957	2.398	-2.28414	-2.03777	0
0.718	61.251	-65.585	2.398	-2.23732	-2.08941	0
0.718	62.734	-64.178	2.399	-2.1893	-2.14001	0
0.718	64.184	-62.739	2.399	-2.1402	-2.1895	0
0.718	65.601	-61.266	2.4	-2.08992	-2.23787	0
0.717	66.984	-59.762	2.4	-2.03859	-2.28506	0
0.717	68.332	-58.227	2.4	-1.9862	-2.33107	0
0.717	69.646	-56.66	2.401	-1.93275	-2.37594	0
0.717	70.923	-55.065	2.401	-1.87831	-2.41952	0
0.716	72.163	-53.441	2.402	-1.82289	-2.46186	0
0.716	73.368	-51.788	2.402	-1.76648	-2.50297	0
0.716	74.534	-50.109	2.402	-1.70921	-2.54278	0
0.716	75.661	-48.404	2.403	-1.65102	-2.58125	0
0.716	76.749	-46.672	2.403	-1.59193	-2.61842	0
0.716	77.798	-44.917	2.403	-1.53204	-2.65421	0
0.716	78.807	-43.138	2.404	-1.47138	-2.68866	0
0.717	79.775	-41.335	2.404	-1.40987	-2.72172	0
0.717	80.701	-39.512	2.405	-1.34768	-2.75335	0
0.717	81.586	-37.669	2.405	-1.28478	-2.78355	0
0.717	82.43	-35.804	2.405	-1.22117	-2.81237	0
0.717	83.23	-33.921	2.406	-1.15696	-2.83969	0
0.717	83.987	-32.021	2.406	-1.09213	-2.86553	0
0.717	84.701	-30.102	2.407	-1.02668	-2.88992	0
0.717	85.372	-28.17	2.407	-0.96076	-2.91282	0
0.717	85.997	-26.221	2.407	-0.89431	-2.93419	0
0.717	86.579	-24.258	2.408	-0.82734	-2.95405	0
0.717	87.115	-22.283	2.408	-0.75998	-2.97237	0
0.717	87.608	-20.295	2.409	-0.69218	-2.98919	0
0.717	88.054	-18.298	2.409	-0.62405	-3.00442	0
0.717	88.454	-16.29	2.409	-0.55558	-3.0181	0
0.717	88.809	-14.273	2.41	-0.48677	-3.03023	0
0.717	89.119	-12.249	2.41	-0.41775	-3.0408	0
0.717	89.382	-10.219	2.411	-0.3485	-3.04977	0
0.717	89.598	-8.181	2.411	-0.27901	-3.05717	0
0.717	89.768	-6.14	2.411	-0.20941	-3.06297	0
0.717	89.893	-4.096	2.412	-0.1397	-3.06722	0
0.717	89.97	-2.048	2.412	-0.06985	-3.06985	0
0.717	90	0	2.412	0	-3.07089	0
0.699	89.985	1.998	2.413	0.06814	-3.07037	0
0.699	89.925	3.995	2.413	0.13626	-3.06834	0
0.699	89.821	5.991	2.414	0.20433	-3.06479	0
0.699	89.673	7.984	2.414	0.2723	-3.05973	0
0.699	89.481	9.974	2.414	0.34015	-3.05316	0
0.699	89.244	11.96	2.415	0.4079	-3.04507	0
0.699	88.964	13.939	2.415	0.4754	-3.03549	0
0.698	88.64	15.912	2.416	0.54269	-3.02444	0
0.698	88.272	17.877	2.416	0.60971	-3.01187	0
0.698	87.86	19.834	2.416	0.67645	-2.9978	0
0.698	87.405	21.781	2.417	0.74286	-2.98226	0
0.698	86.907	23.718	2.417	0.80892	-2.96524	0
0.697	86.365	25.643	2.417	0.87459	-2.94676	0
0.697	85.782	27.556	2.418	0.93984	-2.92682	0
0.698	85.155	29.456	2.418	1.00464	-2.90544	0
0.697	84.487	31.342	2.419	1.06895	-2.88261	0
0.697	83.777	33.212	2.419	1.13275	-2.85837	0
0.697	83.025	35.068	2.419	1.19606	-2.83269	0
0.697	82.232	36.905	2.42	1.25873	-2.80563	0
0.697	81.399	38.724	2.42	1.3208	-2.77718	0
0.697	80.526	40.525	2.42	1.38222	-2.74735	0
0.696	79.612	42.306	2.421	1.44297	-2.71617	0
0.696	78.661	44.067	2.421	1.50305	-2.68368	0
0.695	77.669	45.805	2.422	1.56237	-2.64982	0
0.695	76.639	47.522	2.422	1.62094	-2.61466	0
0.695	75.571	49.215	2.422	1.67871	-2.5782	0
0.695	74.466	50.885	2.423	1.73567	-2.54046	0
0.695	73.324	52.529	2.423	1.79179	-2.50147	0
0.695	72.145	54.148	2.423	1.84703	-2.46124	0
0.695	70.93	55.742	2.424	1.90141	-2.41975	0
0.696	69.68	57.307	2.424	1.95482	-2.3771	0
0.696	68.396	58.845	2.425	2.00728	-2.33327	0
0.696	67.078	60.353	2.425	2.05876	-2.28829	0
0.696	65.727	61.832	2.425	2.10924	-2.24217	0
0.696	64.343	63.281	2.426	2.15868	-2.19494	0
0.696	62.928	64.699	2.426	2.20707	-2.14662	0
0.696	61.481	66.085	2.426	2.25437	-2.09724	0
0.696	60.004	67.439	2.427	2.30061	-2.04684	0
0.695	58.496	68.76	2.427	2.34568	-1.9954	0
0.695	56.96	70.047	2.428	2.38962	-1.94298	0
0.695	55.395	71.3	2.428	2.43238	-1.88958	0
0.694	53.802	72.518	2.428	2.47398	-1.83521	0
0.694	52.183	73.7	2.429	2.51433	-1.77996	0
0.694	50.538	74.847	2.429	2.55346	-1.72383	0
0.694	48.868	75.956	2.43	2.59133	-1.66685	0
0.694	47.173	77.028	2.43	2.62793	-1.60904	0
0.694	45.455	78.062	2.43	2.66324	-1.55042	0
0.695	43.714	79.058	2.431	2.69724	-1.49103	0
0.694	41.952	80.015	2.431	2.72992	-1.4309	0
0.695	40.168	80.933	2.431	2.76126	-1.37006	0
0.695	38.365	81.811	2.432	2.79124	-1.30854	0
0.695	36.542	82.649	2.432	2.81985	-1.24636	0
0.695	34.702	83.447	2.433	2.84711	-1.18357	0
0.695	32.842	84.204	2.433	2.87295	-1.12012	0
0.695	30.967	84.919	2.433	2.89736	-1.05617	0
0.695	29.076	85.592	2.434	2.92035	-0.99168	0
0.695	27.171	86.223	2.434	2.9419	-0.9267	0
0.695	25.252	86.812	2.434	2.962	-0.86126	0
0.695	23.321	87.358	2.435	2.98065	-0.79537	0
0.695	21.378	87.861	2.435	2.99782	-0.72909	0
0.695	19.423	88.32	2.436	3.01352	-0.66244	0
0.695	17.459	88.737	2.436	3.02774	-0.59545	0
0.695	15.486	89.109	2.436	3.04047	-0.52816	0
0.695	13.505	89.438	2.437	3.05169	-0.4606	0
0.695	11.516	89.723	2.437	3.06143	-0.39275	0
0.695	9.522	89.963	2.438	3.06964	-0.32475	0
0.695	7.523	90.16	2.438	3.07634	-0.25658	0
0.695	5.521	90.312	2.438	3.08156	-0.18828	0
0.695	3.515	90.42	2.439	3.08522	-0.11987	0
0.695	1.507	90.482	2.439	3.08736	-0.05139	0
0.695	-0.502	90.501	2.439	3.08798	0.01713	0
0.695	-2.511	90.474	2.44	3.08708	0.08565	0
0.695	-4.52	90.403	2.44	3.08465	0.15414	0
0.695	-6.526	90.287	2.441	3.08071	0.22256	0
0.695	-8.529	90.127	2.441	3.07524	0.29088	0
0.695	-10.528	89.923	2.441	3.06825	0.35907	0
0.695	-12.525	89.674	2.442	3.05974	0.42715	0
0.694	-14.513	89.38	2.442	3.04972	0.49498	0
0.694	-16.495	89.043	2.442	3.0382	0.56257	0
0.694	-18.469	88.662	2.443	3.02518	0.6299	0
0.693	-20.434	88.237	2.443	3.01067	0.69692	0
0.693	-22.39	87.769	2.444	2.9947	0.76363	0
0.693	-24.335	87.257	2.444	2.97722	0.82996	0
0.693	-26.268	86.702	2.444	2.95826	0.89589	0
0.693	-28.188	86.104	2.445	2.93785	0.96139	0
0.693	-30.095	85.464	2.445	2.91598	1.02643	0
0.693	-31.987	84.781	2.446	2.89267	1.09098	0
0.693	-33.864	84.057	2.446	2.86793	1.155	0
0.693	-35.726	83.29	2.446	2.84175	1.21851	0
0.693	-37.569	82.483	2.447	2.81419	1.28138	0
0.693	-39.394	81.635	2.447	2.78523	1.34363	0
0.693	-41.199	80.747	2.447	2.7549	1.40523	0
0.692	-42.985	79.818	2.448	2.7232	1.46615	0
0.692	-44.75	78.851	2.448	2.69016	1.52635	0
0.691	-46.493	77.844	2.449	2.65579	1.58582	0
0.691	-48.213	76.798	2.449	2.6201	1.64451	0
0.691	-49.91	75.716	2.449	2.58314	1.70242	0
0.691	-51.583	74.595	2.45	2.54488	1.75949	0
0.691	-53.23	73.437	2.45	2.50535	1.8157	0
0.691	-54.851	72.243	2.451	2.46459	1.87102	0
0.692	-56.447	71.012	2.451	2.42257	1.92547	0
0.692	-58.014	69.747	2.451	2.37938	1.97895	0
0.692	-59.553	68.447	2.452	2.33502	2.03145	0
0.692	-61.062	67.114	2.452	2.28949	2.08297	0
0.692	-62.542	65.747	2.452	2.24284	2.13346	0
0.692	-63.991	64.347	2.453	2.19507	2.18291	0
0.692	-65.409	62.916	2.453	2.14621	2.2313	0
0.692	-66.794	61.453	2.454	2.09629	2.2786	0
0.692	-68.147	59.96	2.454	2.04533	2.32478	0
0.692	-69.467	58.436	2.454	1.99336	2.36982	0
0.691	-70.752	56.884	2.455	1.94039	2.4137	0
0.691	-72.004	55.305	2.455	1.88648	2.45643	0
0.691	-73.221	53.695	2.456	1.83157	2.49795	0
0.69	-74.4	52.061	2.456	1.7758	2.53822	0
0.69	-75.543	50.4	2.456	1.71914	2.57725	0
0.69	-76.65	48.715	2.457	1.66163	2.61501	0
0.69	-77.718	47.005	2.457	1.60329	2.65149	0
0.691	-78.748	45.271	2.457	1.54415	2.68667	0
0.691	-79.74	43.515	2.458	1.48424	2.72053	0
0.691	-80.693	41.738	2.458	1.4236	2.75305	0
0.691	-81.606	39.939	2.459	1.36224	2.78423	0
0.691	-82.478	38.121	2.459	1.30021	2.81403	0
0.691	-83.311	36.283	2.459	1.23753	2.84245	0
0.691	-84.103	34.426	2.46	1.17418	2.86949	0
0.691	-84.853	32.553	2.46	1.11029	2.89511	0
0.691	-85.561	30.664	2.46	1.04584	2.91929	0
0.691	-86.228	28.76	2.461	0.98088	2.94208	0
0.691	-86.852	26.84	2.461	0.91542	2.96338	0
0.691	-87.433	24.908	2.462	0.8495	2.98323	0
0.69	-87.972	22.962	2.462	0.78315	3.00161	0
0.691	-88.466	21.006	2.462	0.7164	3.01851	0
0.691	-88.918	19.038	2.463	0.6493	3.03392	0
0.691	-89.325	17.061	2.463	0.58186	3.04784	0
0.691	-89.689	15.075	2.464	0.51413	3.06026	0
0.691	-90.008	13.081	2.464	0.44613	3.07117	0
0.691	-90.284	11.079	2.464	0.37785	3.08058	0
0.692	-90.514	9.073	2.465	0.30943	3.08846	0
0.692	-90.701	7.062	2.465	0.24084	3.09481	0
0.692	-90.842	5.047	2.465	0.17213	3.09964	0
0.692	-90.939	3.029	2.466	0.10332	3.10294	0
0.692	-90.99	1.01	2.466	0.03445	3.10471	0
0.692	-90.998	-1.01	2.467	-0.03445	3.10499	0
0.692	-90.961	-3.03	2.467	-0.10334	3.10369	0
0.691	-90.878	-5.049	2.467	-0.1722	3.10087	0
0.691	-90.75	-7.066	2.468	-0.24097	3.09651	0
0.691	-90.578	-9.079	2.468	-0.30964	3.09063	0
0.691	-90.361	-11.089	2.469	-0.37817	3.08322	0
0.69	-90.099	-13.094	2.469	-0.44658	3.07428	0
0.69	-89.793	-15.092	2.469	-0.51473	3.06383	0
0.69	-89.443	-17.083	2.47	-0.58263	3.05187	0
0.69	-89.049	-19.066	2.47	-0.65025	3.0384	0
0.69	-88.61	-21.04	2.47	-0.71757	3.02343	0
0.689	-88.128	-23.003	2.471	-0.78454	3.00696	0
0.689	-87.603	-24.956	2.471	-0.85114	2.98901	0
0.69	-87.034	-26.897	2.472	-0.91733	2.96958	0
0.689	-86.422	-28.824	2.472	-0.98308	2.94869	0
0.689	-85.768	-30.738	2.472	-1.04837	2.92637	0
0.69	-85.071	-32.637	2.473	-1.11315	2.90257	0
0.689	-84.332	-34.52	2.473	-1.17738	2.87733	0
0.689	-83.551	-36.388	2.474	-1.2411	2.85065	0
0.689	-82.729	-38.237	2.474	-1.30416	2.82258	0
0.689	-81.866	-40.067	2.474	-1.36659	2.79312	0
0.689	-80.963	-41.877	2.475	-1.42836	2.76227	0
0.688	-80.019	-43.668	2.475	-1.48944	2.73006	0
0.688	-79.036	-45.437	2.475	-1.5498	2.6965	0
0.688	-78.014	-47.184	2.476	-1.6094	2.6616	0
0.688	-76.953	-48.908	2.476	-1.66822	2.62539	0
0.687	-75.855	-50.608	2.477	-1.72622	2.58787	0
0.688	-74.718	-52.283	2.477	-1.78339	2.54908	0
0.688	-73.545	-53.933	2.477	-1.83969	2.50902	0
0.688	-72.334	-55.558	2.478	-1.89513	2.46769	0
0.688	-71.089	-57.155	2.478	-1.94963	2.42519	0
0.688	-69.808	-58.724	2.479	-2.00315	2.38147	0
0.689	-68.493	-60.263	2.479	-2.0557	2.33656	0
0.689	-67.143	-61.774	2.479	-2.10724	2.2905	0
0.689	-65.76	-63.254	2.48	-2.15776	2.2433	0
0.689	-64.345	-64.703	2.48	-2.20722	2.195	0
0.689	-62.898	-66.121	2.48	-2.2556	2.1456	0
0.689	-61.419	-67.506	2.481	-2.30288	2.09514	0
0.688	-59.91	-68.858	2.481	-2.34903	2.04364	0
0.688	-58.371	-70.176	2.482	-2.39403	1.99112	0
0.688	-56.803	-71.46	2.482	-2.43785	1.93762	0
0.687	-55.206	-72.71	2.482	-2.48052	1.88311	0
0.687	-53.582	-73.923	2.483	-2.52194	1.82771	0
0.687	-51.932	-75.1	2.483	-2.56212	1.7714	0
0.687	-50.256	-76.24	2.483	-2.60104	1.71422	0
0.687	-48.555	-77.344	2.484	-2.63872	1.65619	0
0.687	-46.83	-78.409	2.484	-2.67507	1.59733	0
0.687	-45.081	-79.435	2.485	-2.71011	1.53767	0
0.687	-43.31	-80.422	2.485	-2.74383	1.47724	0
0.687	-41.517	-81.37	2.485	-2.77619	1.41608	0
0.687	-39.704	-82.278	2.486	-2.80719	1.35422	0
0.688	-37.871	-83.146	2.486	-2.83681	1.29167	0
0.687	-36.018	-83.972	2.487	-2.86504	1.22849	0
0.688	-34.146	-84.758	2.487	-2.89188	1.16463	0
0.688	-32.259	-85.502	2.487	-2.91727	1.10025	0
0.687	-30.355	-86.204	2.488	-2.94123	1.03531	0
0.687	-28.436	-86.863	2.488	-2.96375	0.96986	0
0.687	-26.503	-87.479	2.488	-2.9848	0.90392	0
0.687	-24.557	-88.053	2.489	-3.00439	0.83753	0
0.687	-22.598	-88.583	2.489	-3.02249	0.77071	0
0.687	-20.627	-89.071	2.49	-3.03915	0.70351	0
0.687	-18.647	-89.513	2.49	-3.05427	0.63595	0
0.687	-16.656	-89.912	2.49	-3.06789	0.56806	0
0.687	-14.657	-90.267	2.491	-3.08	0.49989	0
0.688	-12.651	-90.577	2.491	-3.09059	0.43145	0
0.688	-10.636	-90.842	2.492	-3.09966	0.36275	0
0.688	-8.618	-91.063	2.492	-3.1072	0.2939	0
0.688	-6.595	-91.239	2.492	-3.1132	0.2249	0
0.688	-4.568	-91.37	2.493	-3.11767	0.15578	0
0.688	-2.539	-91.456	2.493	-3.12061	0.08658	0
0.688	-0.508	-91.497	2.493	-3.122	0.01732	0
0.688	1.524	-91.492	2.494	-3.12186	-0.05196	0
0.688	3.554	-91.443	2.494	-3.12017	-0.12122	0
0.688	5.584	-91.348	2.495	-3.11694	-0.19044	0
0.688	7.611	-91.21	2.495	-3.11221	-0.25957	0
0.688	9.635	-91.026	2.495	-3.10591	-0.32859	0
0.687	11.654	-90.796	2.496	-3.09808	-0.39745	0
0.687	13.669	-90.522	2.496	-3.08871	-0.46619	0
0.686	15.676	-90.203	2.497	-3.07782	-0.53465	0
0.686	17.676	-89.84	2.497	-3.06541	-0.60286	0
0.686	19.668	-89.432	2.497	-3.05148	-0.67078	0
0.686	21.65	-88.98	2.498	-3.03605	-0.73838	0
0.686	23.622	-88.484	2.498	-3.01912	-0.80563	0
0.685	25.582	-87.945	2.499	-3.0007	-0.8725	0
0.686	27.53	-87.362	2.499	-2.98079	-0.93894	0
0.686	29.465	-86.736	2.499	-2.95941	-1.00494	0
0.686	31.385	-86.067	2.5	-2.93657	-1.07045	0
0.686	33.291	-85.356	2.5	-2.91228	-1.13544	0
0.686	35.182	-84.601	2.5	-2.88652	-1.19994	0
0.686	37.054	-83.807	2.501	-2.85939	-1.26382	0
0.686	38.908	-82.97	2.501	-2.83081	-1.32708	0
0.685	40.744	-82.092	2.502	-2.80084	-1.38969	0
0.685	42.559	-81.174	2.502	-2.76948	-1.45162	0
0.685	44.354	-80.215	2.502	-2.73674	-1.51286	0
0.685	46.127	-79.217	2.503	-2.70266	-1.57336	0
0.684	47.878	-78.179	2.503	-2.66723	-1.63309	0
0.684	49.606	-77.103	2.504	-2.63049	-1.69203	0
0.684	51.309	-75.989	2.504	-2.59245	-1.75015	0
0.684	52.987	-74.837	2.504	-2.55312	-1.80741	0
0.684	54.64	-73.647	2.505	-2.51253	-1.86379	0
0.684	56.267	-72.421	2.505	-2.47066	-1.91931	0
0.685	57.865	-71.159	2.505	-2.42759	-1.97385	0
0.685	59.435	-69.863	2.506	-2.38333	-2.02742	0
0.686	60.976	-68.531	2.506	-2.33789	-2.08001	0
0.686	62.487	-67.167	2.507	-2.29131	-2.1316	0
0.685	63.968	-65.768	2.507	-2.24357	-2.18213	0
0.686	65.417	-64.337	2.507	-2.19472	-2.23159	0
0.686	66.834	-62.874	2.508	-2.14478	-2.27996	0
0.685	68.219	-61.379	2.508	-2.09378	-2.32721	0
0.685	69.57	-59.854	2.509	-2.04174	-2.37333	0
0.685	70.887	-58.3	2.509	-1.98868	-2.41828	0
0.685	72.169	-56.716	2.509	-1.93464	-2.46205	0
0.684	73.417	-55.103	2.51	-1.8796	-2.50465	0
0.684	74.627	-53.464	2.51	-1.82366	-2.54598	0
0.683	75.802	-51.798	2.51	-1.76682	-2.58607	0
0.683	76.939	-50.106	2.511	-1.7091	-2.62488	0
0.683	78.038	-48.389	2.511	-1.65053	-2.66242	0
0.683	79.099	-46.649	2.512	-1.59114	-2.69864	0
0.684	80.121	-44.885	2.512	-1.53096	-2.73354	0
0.684	81.105	-43.099	2.512	-1.47003	-2.76713	0
0.684	82.048	-41.291	2.513	-1.40835	-2.79933	0
0.684	82.951	-39.462	2.513	-1.34597	-2.83015	0
0.684	83.813	-37.614	2.514	-1.28292	-2.85958	0
0.684	84.633	-35.747	2.514	-1.21923	-2.88761	0
0.684	85.413	-33.861	2.514	-1.15488	-2.91424	0
0.684	86.15	-31.959	2.515	-1.09	-2.93941	0
0.684	86.845	-30.041	2.515	-1.02458	-2.96314	0
0.684	87.497	-28.107	2.516	-0.95864	-2.98541	0
0.684	88.106	-26.16	2.516	-0.89222	-3.00621	0
0.684	88.672	-24.2	2.516	-0.82535	-3.02553	0
0.684	89.194	-22.227	2.517	-0.75807	-3.04337	0
0.683	89.673	-20.243	2.517	-0.6904	-3.0597	0
0.683	90.107	-18.249	2.517	-0.62238	-3.07453	0
0.684	90.496	-16.245	2.518	-0.55405	-3.08784	0
0.684	90.843	-14.234	2.518	-0.48544	-3.09967	0
0.684	91.143	-12.215	2.519	-0.41658	-3.10993	0
0.685	91.399	-10.187	2.519	-0.34744	-3.11867	0
0.685	91.61	-8.157	2.519	-0.27818	-3.12586	0
0.684	91.775	-6.121	2.52	-0.20877	-3.13151	0
0.684	91.895	-4.083	2.52	-0.13925	-3.13562	0
0.684	91.97	-2.042	2.521	-0.06965	-3.13818	0
0.684	92	0	2.521	0	-3.1392	0
0.67	91.985	2.001	2.521	0.06823	-3.13869	0
0.67	91.927	3.999	2.522	0.13639	-3.1367	0
0.67	91.825	5.998	2.522	0.20455	-3.13323	0
0.67	91.68	7.994	2.522	0.27262	-3.12827	0
0.67	91.492	9.984	2.523	0.34052	-3.12184	0
0.67	91.26	11.972	2.523	0.40832	-3.11392	0
0.669	90.984	13.955	2.524	0.47594	-3.1045	0
0.669	90.666	15.93	2.524	0.54329	-3.09364	0
0.669	90.305	17.899	2.524	0.61045	-3.08131	0
0.668	89.902	19.86	2.525	0.67733	-3.06752	0
0.668	89.456	21.81	2.525	0.74385	-3.05229	0
0.668	88.967	23.752	2.525	0.81008	-3.0356	0
0.668	88.436	25.683	2.526	0.87594	-3.01748	0
0.668	87.864	27.601	2.526	0.94135	-2.99793	0
0.668	87.25	29.507	2.527	1.00637	-2.97695	0
0.669	86.594	31.4	2.527	1.07093	-2.95456	0
0.668	85.898	33.276	2.527	1.13495	-2.93079	0
0.669	85.16	35.139	2.528	1.19848	-2.90561	0
0.669	84.382	36.985	2.528	1.26145	-2.87901	0
0.668	83.564	38.812	2.529	1.3238	-2.85111	0
0.668	82.707	40.623	2.529	1.38558	-2.82183	0
0.668	81.81	42.415	2.529	1.44672	-2.79121	0
0.668	80.875	44.188	2.53	1.50718	-2.75927	0
0.667	79.902	45.938	2.53	1.5669	-2.72604	0
0.667	78.89	47.668	2.53	1.62593	-2.6915	0
0.667	77.84	49.376	2.531	1.6842	-2.65567	0
0.667	76.755	51.06	2.531	1.74164	-2.61862	0
0.667	75.632	52.721	2.532	1.79832	-2.58029	0
0.667	74.474	54.357	2.532	1.85415	-2.54073	0
0.667	73.281	55.967	2.532	1.90907	-2.5	0
0.668	72.052	57.551	2.533	1.96315	-2.45806	0
0.668	70.788	59.108	2.533	2.01628	-2.41491	0
0.668	69.492	60.637	2.533	2.06845	-2.37068	0
0.668	68.162	62.138	2.534	2.11969	-2.32529	0
0.669	66.8	63.611	2.534	2.16994	-2.2788	0
0.669	65.407	65.052	2.535	2.21913	-2.23125	0
0.668	63.982	66.464	2.535	2.26732	-2.18261	0
0.668	62.526	67.845	2.535	2.31445	-2.13293	0
0.668	61.042	69.193	2.536	2.36045	-2.08228	0
0.668	59.528	70.509	2.536	2.40539	-2.03059	0
0.667	57.985	71.792	2.537	2.44919	-1.97794	0
0.667	56.415	73.041	2.537	2.49181	-1.92439	0
0.667	54.818	74.256	2.537	2.53329	-1.86988	0
0.667	53.194	75.435	2.538	2.57355	-1.81446	0
0.666	51.546	76.579	2.538	2.6126	-1.75824	0
0.666	49.873	77.687	2.538	2.65045	-1.70113	0
0.666	48.175	78.76	2.539	2.68705	-1.64322	0
0.666	46.456	79.794	2.539	2.72236	-1.58457	0
0.667	44.713	80.791	2.54	2.75642	-1.52511	0
0.667	42.949	81.751	2.54	2.78917	-1.46492	0
0.667	41.166	82.671	2.54	2.82059	-1.40409	0
0.667	39.361	83.553	2.541	2.85071	-1.34253	0
0.667	37.538	84.395	2.541	2.87948	-1.28033	0
0.667	35.698	85.197	2.541	2.90687	-1.21757	0
0.667	33.84	85.96	2.542	2.93291	-1.15417	0
0.667	31.965	86.682	2.542	2.95757	-1.09022	0
0.667	30.076	87.362	2.543	2.98079	-1.02578	0
0.667	28.171	88.002	2.543	3.00264	-0.96082	0
0.666	26.253	88.6	2.543	3.02308	-0.89539	0
0.666	24.324	89.157	2.544	3.04208	-0.82958	0
0.666	22.381	89.671	2.544	3.05966	-0.76331	0
0.666	20.427	90.144	2.545	3.07579	-0.69668	0
0.667	18.464	90.573	2.545	3.09047	-0.62971	0
0.667	16.493	90.96	2.545	3.10367	-0.56248	0
0.667	14.512	91.304	2.546	3.11542	-0.49492	0
0.667	12.524	91.605	2.546	3.1257	-0.42713	0
0.667	10.531	91.862	2.546	3.13449	-0.35917	0
10	8.532	92.077	2.547	3.14181	-0.29098	0
10	6.528	92.247	2.547	3.14764	-0.22264	0
10	4.523	92.373	2.548	3.15195	-0.15424	0
10	2.513	92.457	2.548	3.1548	-0.08571	0
10	0.502	92.497	2.548	3.15616	-0.01712	0
10	-1.508	92.493	2.549	3.15603	0.05143	0
10	-3.519	92.445	2.549	3.1544	0.12002	0
10	-5.529	92.354	2.549	3.15128	0.18856	0
10	-7.535	92.219	2.55	3.14667	0.25697	0
10	-9.539	92.04	2.55	3.14056	0.32533	0
0.666	-11.539	91.818	2.551	3.13297	0.39354	0
0.666	-13.532	91.552	2.551	3.1239	0.46152	0
0.666	-15.521	91.243	2.551	3.11335	0.52935	0
0.666	-17.503	90.891	2.552	3.10132	0.59694	0
0.666	-19.475	90.495	2.552	3.0878	0.6642	0
0.665	-21.44	90.057	2.553	3.07284	0.73121	0
0.665	-23.395	89.576	2.553	3.05642	0.79789	0
0.665	-25.337	89.054	2.553	3.03857	0.86415	0
10	-27.27	88.488	2.554	3.01926	0.93007	0
10	-29.19	87.881	2.554	2.99852	0.99556	0
10	-31.095	87.233	2.554	2.97638	1.06054	0
10	-32.987	86.542	2.555	2.95281	1.12507	0
0.665	-34.863	85.811	2.555	2.92783	1.18909	0
0.665	-36.723	85.04	2.556	2.90149	1.25251	0
0.665	-38.566	84.228	2.556	2.87375	1.31539	0
0.665	-40.391	83.375	2.556	2.84465	1.37767	0
0.665	-42.197	82.484	2.557	2.81423	1.43925	0
0.665	-43.983	81.552	2.557	2.78241	1.5002	0
0.664	-45.75	80.583	2.557	2.7493	1.56046	0
0.664	-47.493	79.576	2.558	2.71492	1.61995	0
0.664	-49.216	78.53	2.558	2.67922	1.67874	0
10	-50.916	77.447	2.559	2.64225	1.73673	0
10	-52.591	76.328	2.559	2.60405	1.79388	0
10	-54.242	75.172	2.559	2.56459	1.85023	0
10	-55.868	73.981	2.56	2.5239	1.90571	0
10	-57.467	72.755	2.56	2.48206	1.96026	0
10	-59.04	71.494	2.561	2.439	2.01394	0
10	-60.585	70.198	2.561	2.39478	2.06667	0
10	-62.102	68.869	2.561	2.34942	2.11844	0
0.666	-63.587	67.508	2.562	2.30296	2.16915	0
0.666	-65.045	66.114	2.562	2.25539	2.2189	0
0.666	-66.473	64.689	2.562	2.20675	2.26762	0
0.666	-67.868	63.234	2.563	2.1571	2.31523	0
0.666	-69.232	61.748	2.563	2.10638	2.36179	0
0.666	-70.563	60.233	2.564	2.05466	2.40725	0
10	-71.861	58.69	2.564	2.002	2.45154	0
10	-73.126	57.118	2.564	1.94835	2.49471	0
10	-74.356	55.518	2.565	1.89377	2.53671	0
10	-75.55	53.894	2.565	1.83834	2.57749	0
10	-76.71	52.242	2.566	1.78198	2.61709	0
10	-77.834	50.565	2.566	1.72477	2.65545	0
10	-78.92	48.866	2.566	1.66679	2.69254	0
10	-79.969	47.141	2.567	1.60795	2.72836	0
0.664	-80.982	45.395	2.567	1.54836	2.76292	0
0.664	-81.955	43.628	2.567	1.48807	2.79616	0
0.664	-82.891	41.838	2.568	1.42703	2.8281	0
0.664	-83.787	40.029	2.568	1.36531	2.85872	0
10	-84.643	38.202	2.569	1.30298	2.88796	0
10	-85.461	36.355	2.569	1.23997	2.91586	0
10	-86.237	34.491	2.569	1.17638	2.94239	0
10	-86.973	32.611	2.57	1.11227	2.96751	0
0.664	-87.668	30.715	2.57	1.04757	2.99125	0
0.664	-88.322	28.803	2.571	0.98237	3.01358	0
0.663	-88.934	26.879	2.571	0.91675	3.03447	0
0.663	-89.503	24.941	2.571	0.85063	3.05391	0
10	-90.031	22.99	2.572	0.7841	3.07194	0
10	-90.516	21.03	2.572	0.71725	3.08851	0
10	-90.959	19.059	2.572	0.65	3.10363	0
10	-91.359	17.077	2.573	0.58243	3.11729	0
10	-91.715	15.09	2.573	0.51463	3.12946	0
10	-92.028	13.093	2.574	0.44652	3.14016	0
10	-92.298	11.089	2.574	0.3782	3.14938	0
10	-92.524	9.082	2.574	0.30974	3.15711	0
10	-92.707	7.068	2.575	0.24106	3.16334	0
10	-92.846	5.051	2.575	0.17227	3.16808	0
10	-92.941	3.033	2.576	0.10343	3.17132	0
10	-92.992	1.011	2.576	0.03449	3.17306	0
10	-92.998	-1.011	2.576	-0.03449	3.17327	0
10	-92.961	-3.033	2.577	-0.10346	3.172	0
10	-92.88	-5.053	2.577	-0.17233	3.16924	0
10	-92.755	-7.072	2.577	-0.24119	3.16498	0
10	-92.586	-9.088	2.578	-0.30994	3.15921	0
10	-92.374	-11.098	2.578	-0.37851	3.15196	0
10	-92.117	-13.105	2.579	-0.44696	3.14321	0
10	-91.818	-15.106	2.579	-0.51521	3.13297	0
10	-91.475	-17.099	2.579	-0.58317	3.12125	0
10	-91.088	-19.086	2.58	-0.65092	3.10805	0
10	-90.658	-21.063	2.58	-0.71838	3.09337	0
10	-90.186	-23.03	2.581	-0.78545	3.07724	0
0.662	-89.671	-24.988	2.581	-0.85222	3.05964	0
0.662	-89.112	-26.933	2.581	-0.91859	3.04055	0
0.663	-88.512	-28.865	2.582	-0.98449	3.02007	0
0.663	-87.87	-30.785	2.582	-1.04999	2.99815	0
10	-87.187	-32.691	2.582	-1.115	2.9748	0
10	-86.462	-34.581	2.583	-1.17944	2.95006	0
10	-85.696	-36.455	2.583	-1.24339	2.92391	0
10	-84.89	-38.313	2.584	-1.30677	2.89636	0
10	-84.043	-40.151	2.584	-1.36948	2.86747	0
10	-83.157	-41.973	2.584	-1.43161	2.83719	0
10	-82.23	-43.774	2.585	-1.49307	2.80556	0
10	-81.266	-45.554	2.585	-1.55379	2.77263	0
10	-80.262	-47.314	2.586	-1.61384	2.73836	0
10	-79.22	-49.051	2.586	-1.67311	2.70276	0
10	-78.141	-50.765	2.586	-1.73158	2.66593	0
10	-77.024	-52.456	2.587	-1.78928	2.62781	0
10	-75.871	-54.122	2.587	-1.84614	2.58844	0
10	-74.683	-55.762	2.587	-1.9021	2.54788	0
10	-73.458	-57.377	2.588	-1.95722	2.50607	0
10	-72.199	-58.966	2.588	-2.01142	2.46307	0
10	-70.906	-60.525	2.589	-2.06463	2.41893	0
10	-69.578	-62.057	2.589	-2.11692	2.37361	0
10	-68.217	-63.56	2.589	-2.16822	2.32717	0
10	-66.825	-65.032	2.59	-2.21846	2.27965	0
10	-65.4	-66.475	2.59	-2.2677	2.23101	0
0.663	-63.944	-67.887	2.591	-2.31588	2.18131	0
0.663	-62.458	-69.264	2.591	-2.36291	2.1306	0
0.663	-60.942	-70.611	2.591	-2.40889	2.07885	0
0.663	-59.396	-71.925	2.592	-2.45374	2.02611	0
10	-57.822	-73.205	2.592	-2.49743	1.9724	0
10	-56.222	-74.45	2.592	-2.53992	1.9178	0
10	-54.594	-75.661	2.593	-2.58125	1.86225	0
10	-52.94	-76.836	2.593	-2.62137	1.8058	0
10	-51.262	-77.974	2.594	-2.66022	1.74854	0
10	-49.558	-79.076	2.594	-2.69785	1.6904	0
10	-47.83	-80.141	2.594	-2.73421	1.63146	0
10	-46.081	-81.167	2.595	-2.76926	1.57178	0
10	-44.309	-82.156	2.595	-2.80303	1.51131	0
10	-42.515	-83.106	2.595	-2.83545	1.4501	0
10	-40.702	-84.016	2.596	-2.86653	1.38826	0
10	-38.868	-84.888	2.596	-2.8963	1.3257	0
10	-37.016	-85.719	2.597	-2.92469	1.26252	0
10	-35.147	-86.51	2.597	-2.95169	1.19877	0
10	-33.26	-87.26	2.597	-2.97731	1.13441	0
0.661	-31.357	-87.969	2.598	-3.00153	1.06949	0
0.661	-29.441	-88.636	2.598	-3.02432	1.00412	0
0.661	-27.508	-89.262	2.599	-3.0457	0.93821	0
0.661	-25.563	-89.846	2.599	-3.06563	0.87185	0
10	-23.606	-90.387	2.599	-3.08411	0.80512	0
10	-21.637	-90.886	2.6	-3.10115	0.73794	0
10	-19.657	-91.342	2.6	-3.11672	0.67041	0
10	-17.669	-91.753	2.6	-3.13077	0.6026	0
10	-15.671	-92.123	2.601	-3.14339	0.53445	0
10	-13.665	-92.449	2.601	-3.15452	0.46604	0
10	-11.654	-92.731	2.602	-3.16415	0.39745	0
10	-9.635	-92.969	2.602	-3.1723	0.32861	0
10	-7.612	-93.164	2.602	-3.17894	0.2596	0
10	-5.586	-93.314	2.603	-3.18408	0.19052	0
10	-3.556	-93.42	2.603	-3.18771	0.12128	0
10	-1.524	-93.483	2.604	-3.18984	0.05198	0
10	0.508	-93.501	2.604	-3.19045	-0.01731	0
10	2.541	-93.474	2.604	-3.18956	-0.08665	0
10	4.573	-93.404	2.605	-3.18716	-0.15596	0
10	6.602	-93.289	2.605	-3.18321	-0.22516	0
10	8.63	-93.13	2.605	-3.17779	-0.29431	0
10	10.653	-92.927	2.606	-3.17087	-0.36333	0
10	12.671	-92.681	2.606	-3.16245	-0.43214	0
10	14.684	-92.39	2.607	-3.15253	-0.50081	0
10	16.691	-92.056	2.607	-3.14111	-0.56926	0
10	18.689	-91.679	2.607	-3.12822	-0.63739	0
10	20.68	-91.257	2.608	-3.11383	-0.70529	0
10	22.661	-90.793	2.608	-3.09796	-0.77286	0
10	24.632	-90.285	2.609	-3.08063	-0.84008	0
10	26.589	-89.736	2.609	-3.06185	-0.90686	0
10	28.537	-89.143	2.609	-3.04161	-0.97328	0
10	30.47	-88.508	2.61	-3.01992	-1.03924	0
10	32.388	-87.83	2.61	-2.99679	-1.10466	0
10	34.293	-87.112	2.611	-2.97225	-1.16964	0
10	36.182	-86.352	2.611	-2.9463	-1.23407	0
10	38.053	-85.552	2.611	-2.91898	-1.29788	0
10	39.907	-84.711	2.612	-2.89025	-1.36114	0
10	41.743	-83.829	2.612	-2.86015	-1.42376	0
10	43.557	-82.908	2.612	-2.82871	-1.48568	0
10	45.353	-81.948	2.613	-2.79591	-1.54695	0
10	47.128	-80.948	2.613	-2.76178	-1.6075	0
10	48.88	-79.911	2.614	-2.72637	-1.66725	0
10	50.609	-78.835	2.614	-2.68964	-1.72628	0
10	52.316	-77.722	2.614	-2.65163	-1.78449	0
10	53.996	-76.573	2.615	-2.61239	-1.84183	0
10	55.652	-75.385	2.615	-2.57185	-1.89834	0
10	57.282	-74.163	2.616	-2.53012	-1.95397	0
10	58.885	-72.906	2.616	-2.48722	-2.00865	0
10	60.46	-71.614	2.616	-2.4431	-2.06243	0
10	62.008	-70.287	2.617	-2.39782	-2.11524	0
10	63.525	-68.929	2.617	-2.35145	-2.16703	0
10	65.014	-67.536	2.617	-2.30391	-2.21783	0
10	66.472	-66.111	2.618	-2.25528	-2.2676	0
10	67.898	-64.656	2.618	-2.20562	-2.31627	0
10	69.293	-63.169	2.619	-2.15487	-2.36389	0
10	70.656	-61.652	2.619	-2.10309	-2.41039	0
10	71.984	-60.107	2.619	-2.05036	-2.45573	0
10	73.279	-58.531	2.62	-1.99658	-2.49993	0
10	74.54	-56.928	2.62	-1.94188	-2.54298	0
10	75.765	-55.299	2.621	-1.8863	-2.5848	0
10	76.955	-53.643	2.621	-1.82977	-2.62543	0
10	78.109	-51.96	2.621	-1.77237	-2.66484	0
10	79.225	-50.255	2.622	-1.71417	-2.70295	0
10	80.305	-48.524	2.622	-1.65511	-2.73983	0
10	81.348	-46.769	2.623	-1.59526	-2.77542	0
10	82.351	-44.994	2.623	-1.5347	-2.80967	0
10	83.316	-43.196	2.623	-1.47335	-2.84263	0
10	84.242	-41.377	2.624	-1.4113	-2.87424	0
10	85.128	-39.539	2.624	-1.34857	-2.9045	0
10	85.973	-37.682	2.624	-1.28525	-2.93337	0
10	86.778	-35.806	2.625	-1.22125	-2.96085	0
10	87.543	-33.913	2.625	-1.15668	-2.98696	0
10	88.265	-32.006	2.626	-1.09161	-3.01165	0
10	88.947	-30.081	2.626	-1.02596	-3.03493	0
10	89.587	-28.142	2.626	-0.95981	-3.05678	0
10	90.184	-26.191	2.627	-0.89326	-3.07717	0
10	90.739	-24.225	2.627	-0.82622	-3.09612	0
10	91.251	-22.248	2.628	-0.75878	-3.11361	0
10	91.72	-20.262	2.628	-0.69103	-3.12962	0
10	92.145	-18.264	2.628	-0.62289	-3.14416	0
10	92.528	-16.257	2.629	-0.55444	-3.15722	0
10	92.866	-14.244	2.629	-0.48578	-3.16878	0
10	93.16	-12.222	2.629	-0.41682	-3.17881	0
10	93.41	-10.194	2.63	-0.34766	-3.18737	0
10	93.617	-8.162	2.63	-0.27838	-3.19442	0
10	93.779	-6.125	2.631	-0.2089	-3.19997	0
10	93.897	-4.085	2.631	-0.13931	-3.204	0
10	93.971	-2.044	2.631	-0.06971	-3.20651	0
10	94	0	2.632	0	-3.20751	0
10	93.986	2.002	2.632	0.06826	-3.20702	0
10	93.929	4.004	2.633	0.13656	-3.20507	0
10	93.828	6.003	2.633	0.20475	-3.20164	0
10	93.686	8	2.633	0.27285	-3.19679	0
10	93.501	9.996	2.634	0.3409	-3.19047	0
10	93.274	11.985	2.634	0.40875	-3.18272	0
10	93.004	13.969	2.634	0.47642	-3.17348	0
10	92.692	15.949	2.635	0.54394	-3.16283	0
10	92.338	17.92	2.635	0.61118	-3.15075	0
10	91.943	19.884	2.636	0.67814	-3.13723	0
10	91.505	21.84	2.636	0.74487	-3.12228	0
10	91.025	23.785	2.636	0.8112	-3.10589	0
10	90.504	25.719	2.637	0.87719	-3.08812	0
10	89.943	27.644	2.637	0.94284	-3.06893	0
10	89.34	29.555	2.638	1.00802	-3.04835	0
10	88.696	31.453	2.638	1.07274	-3.02636	0
10	88.013	33.338	2.638	1.13705	-3.00301	0
10	87.289	35.207	2.639	1.20081	-2.97831	0
10	86.526	37.06	2.639	1.26403	-2.95226	0
10	85.723	38.898	2.639	1.32674	-2.92483	0
10	84.881	40.717	2.64	1.38879	-2.89607	0
10	84.001	42.519	2.64	1.45024	-2.86603	0
10	83.082	44.302	2.641	1.51109	-2.83465	0
10	82.126	46.065	2.641	1.57121	-2.802	0
10	81.132	47.806	2.641	1.63062	-2.76806	0
10	80.101	49.527	2.642	1.68936	-2.73285	0
10	79.034	51.225	2.642	1.74729	-2.69643	0
10	77.931	52.9	2.642	1.80445	-2.65877	0
10	76.792	54.553	2.643	1.86084	-2.61988	0
10	75.618	56.179	2.643	1.91633	-2.5798	0
10	74.409	57.782	2.644	1.97103	-2.53853	0
10	73.168	59.358	2.644	2.0248	-2.49614	0
10	71.892	60.907	2.644	2.07766	-2.45262	0
10	70.584	62.429	2.645	2.12963	-2.40794	0
10	69.243	63.922	2.645	2.18057	-2.36217	0
10	67.871	65.387	2.646	2.23056	-2.31535	0
10	66.467	66.823	2.646	2.27958	-2.26744	0
10	65.034	68.228	2.646	2.32754	-2.21853	0
10	63.571	69.602	2.647	2.37443	-2.16858	0
10	62.078	70.946	2.647	2.42031	-2.11763	0
10	60.558	72.257	2.647	2.46506	-2.06575	0
10	59.01	73.536	2.648	2.5087	-2.01293	0
10	57.434	74.782	2.648	2.55125	-1.95915	0
10	55.832	75.993	2.649	2.59258	-1.90449	0
10	54.206	77.17	2.649	2.63277	-1.84899	0
10	52.553	78.313	2.649	2.67181	-1.79259	0
10	50.877	79.42	2.65	2.70961	-1.73542	0
10	49.178	80.491	2.65	2.74615	-1.67744	0
10	47.455	81.526	2.65	2.78152	-1.61866	0
10	45.712	82.524	2.651	2.81559	-1.55918	0
10	43.948	83.485	2.651	2.8484	-1.49899	0
10	42.162	84.409	2.652	2.87995	-1.43807	0
10	40.358	85.293	2.652	2.91013	-1.37652	0
10	38.536	86.139	2.652	2.93903	-1.31435	0
10	36.694	86.947	2.653	2.96663	-1.25153	0
10	34.837	87.715	2.653	2.99286	-1.18819	0
10	32.964	88.443	2.653	3.0177	-1.12428	0
10	31.074	89.132	2.654	3.04123	-1.05982	0
10	29.171	89.78	2.654	3.06336	-0.99492	0
10	27.255	90.387	2.655	3.08411	-0.92957	0
10	25.325	90.954	2.655	3.10348	-0.86372	0
10	23.384	91.479	2.655	3.12139	-0.79753	0
10	21.433	91.963	2.656	3.13792	-0.73097	0
10	19.469	92.405	2.656	3.15304	-0.66401	0
10	17.499	92.806	2.657	3.16671	-0.5968	0
10	15.52	93.163	2.657	3.17892	-0.52931	0
10	13.532	93.48	2.657	3.18973	-0.46152	0
10	11.54	93.753	2.658	3.19909	-0.39356	0
10	9.542	93.985	2.658	3.20699	-0.32542	0
10	7.537	94.174	2.659	3.21345	-0.25706	0
10	5.531	94.319	2.659	3.21841	-0.18863	0
10	3.522	94.422	2.659	3.22194	-0.12011	0
10	1.509	94.483	2.66	3.22401	-0.05146	0
10	-0.503	94.501	2.66	3.22461	0.01716	0
10	-2.515	94.475	2.66	3.22372	0.08578	0
10	-4.528	94.406	2.661	3.22139	0.15443	0
10	-6.538	94.296	2.661	3.21761	0.22296	0
10	-8.544	94.142	2.662	3.21236	0.29141	0
10	-10.549	93.946	2.662	3.20565	0.35978	0
10	-12.548	93.706	2.662	3.19745	0.42795	0
10	-14.541	93.424	2.663	3.18784	0.49593	0
10	-16.53	93.1	2.663	3.17677	0.56376	0
10	-18.51	92.734	2.663	3.16426	0.63128	0
10	-20.481	92.324	2.664	3.15028	0.69853	0
10	-22.446	91.874	2.664	3.13489	0.76553	0
10	-24.399	91.382	2.665	3.11809	0.83213	0
10	-26.341	90.848	2.665	3.09986	0.89837	0
10	-28.273	90.273	2.665	3.08022	0.96427	0
10	-30.19	89.656	2.666	3.05915	1.02968	0
10	-32.096	88.999	2.666	3.03671	1.09469	0
10	-33.986	88.302	2.667	3.01291	1.15917	0
10	-35.861	87.565	2.667	2.98773	1.22313	0
10	-37.722	86.788	2.667	2.96118	1.2866	0
10	-39.564	85.97	2.668	2.93326	1.34943	0
10	-41.388	85.115	2.668	2.90405	1.41167	0
10	-43.196	84.22	2.668	2.87348	1.47334	0
10	-44.982	83.287	2.669	2.84164	1.53429	0
10	-46.748	82.316	2.669	2.80847	1.59454	0
10	-48.495	81.307	2.67	2.77402	1.65415	0
10	-50.219	80.262	2.67	2.73834	1.71297	0
10	-51.921	79.18	2.67	2.70141	1.77102	0
10	-53.6	78.062	2.671	2.66322	1.82832	0
10	-55.253	76.908	2.671	2.62382	1.88474	0
10	-56.883	75.719	2.671	2.58325	1.94033	0
10	-58.488	74.495	2.672	2.54147	1.9951	0
10	-60.065	73.239	2.672	2.49857	2.04892	0
10	-61.614	71.948	2.673	2.4545	2.10181	0
10	-63.138	70.624	2.673	2.40931	2.15381	0
10	-64.632	69.269	2.673	2.36305	2.20481	0
10	-66.097	67.882	2.674	2.31571	2.25481	0
10	-67.534	66.463	2.674	2.26728	2.30384	0
10	-68.938	65.014	2.675	2.21783	2.35177	0
10	-70.312	63.536	2.675	2.16739	2.39866	0
10	-71.655	62.028	2.675	2.11592	2.44451	0
10	-72.965	60.493	2.676	2.06353	2.48922	0
10	-74.241	58.929	2.676	2.01017	2.53279	0
10	-75.485	57.338	2.676	1.95588	2.57527	0
10	-76.695	55.722	2.677	1.90073	2.61656	0
10	-77.87	54.08	2.677	1.84471	2.65666	0
10	-79.01	52.413	2.678	1.78781	2.69561	0
10	-80.113	50.722	2.678	1.73011	2.73327	0
10	-81.181	49.008	2.678	1.67164	2.76973	0
10	-82.213	47.271	2.679	1.61236	2.80496	0
10	-83.207	45.513	2.679	1.55239	2.8389	0
10	-84.162	43.734	2.68	1.49169	2.87153	0
10	-85.081	41.934	2.68	1.43028	2.90291	0
10	-85.961	40.115	2.68	1.36825	2.93296	0
10	-86.802	38.279	2.681	1.3056	2.96168	0
10	-87.605	36.423	2.681	1.2423	2.98909	0
10	-88.366	34.552	2.681	1.17847	3.01508	0
10	-89.088	32.665	2.682	1.1141	3.03975	0
10	-89.771	30.762	2.682	1.04917	3.06306	0
10	-90.412	28.845	2.683	0.98381	3.08496	0
10	-91.011	26.916	2.683	0.91799	3.10543	0
10	-91.571	24.972	2.683	0.85169	3.12455	0
10	-92.089	23.018	2.684	0.78506	3.14223	0
10	-92.565	21.054	2.684	0.71806	3.15849	0
10	-92.999	19.078	2.685	0.65067	3.17333	0
10	-93.39	17.095	2.685	0.58302	3.18668	0
10	-93.74	15.104	2.685	0.51511	3.19863	0
10	-94.048	13.104	2.686	0.4469	3.20913	0
10	-94.312	11.099	2.686	0.37854	3.21817	0
10	-94.533	9.089	2.686	0.30998	3.22572	0
10	-94.712	7.073	2.687	0.24123	3.23184	0
10	-94.848	5.055	2.687	0.17241	3.23649	0
10	-94.941	3.035	2.688	0.10351	3.23967	0
10	-94.992	1.011	2.688	0.03449	3.24138	0
10	-94.998	-1.011	2.688	-0.03449	3.24159	0
10	-94.961	-3.036	2.689	-0.10353	3.24035	0
10	-94.882	-5.057	2.689	-0.17248	3.23765	0
10	-94.76	-7.077	2.69	-0.24135	3.23347	0
10	-94.595	-9.095	2.69	-0.31019	3.22783	0
10	-94.386	-11.108	2.69	-0.37883	3.22068	0
10	-94.135	-13.116	2.691	-0.44732	3.21211	0
10	-93.841	-15.12	2.691	-0.51567	3.20207	0
10	-93.504	-17.116	2.691	-0.58374	3.19058	0
10	-93.125	-19.104	2.692	-0.65155	3.17761	0
10	-92.703	-21.085	2.692	-0.71913	3.16322	0
10	-92.24	-23.056	2.693	-0.78635	3.1474	0
10	-91.735	-25.017	2.693	-0.85322	3.13015	0
10	-91.188	-26.968	2.693	-0.91977	3.11146	0
10	-90.599	-28.905	2.694	-0.98584	3.09134	0
10	-89.969	-30.83	2.694	-1.0515	3.06984	0
10	-89.299	-32.742	2.695	-1.11673	3.04693	0
10	-88.588	-34.639	2.695	-1.18142	3.02265	0
10	-87.836	-36.519	2.695	-1.24558	2.99697	0
10	-87.044	-38.386	2.696	-1.30924	2.96993	0
10	-86.213	-40.233	2.696	-1.37226	2.94156	0
10	-85.343	-42.063	2.696	-1.43468	2.91186	0
10	-84.434	-43.875	2.697	-1.49651	2.8808	0
10	-83.486	-45.666	2.697	-1.5576	2.84843	0
10	-82.501	-47.436	2.698	-1.61801	2.81479	0
10	-81.477	-49.187	2.698	-1.67775	2.77984	0
10	-80.417	-50.914	2.698	-1.73668	2.74365	0
10	-79.32	-52.618	2.699	-1.79482	2.70619	0
10	-78.187	-54.301	2.699	-1.85223	2.66749	0
10	-77.018	-55.957	2.7	-1.90875	2.62761	0
10	-75.815	-57.589	2.7	-1.96442	2.58653	0
10	-74.576	-59.195	2.7	-2.01925	2.54423	0
10	-73.304	-60.774	2.701	-2.07311	2.50079	0
10	-71.998	-62.325	2.701	-2.12606	2.45623	0
10	-70.659	-63.85	2.701	-2.1781	2.41051	0
10	-69.289	-65.345	2.702	-2.22912	2.36374	0
10	-67.886	-66.809	2.702	-2.27911	2.31586	0
10	-66.452	-68.246	2.703	-2.32814	2.26691	0
10	-64.989	-69.65	2.703	-2.37608	2.21696	0
10	-63.495	-71.023	2.703	-2.42295	2.16601	0
10	-61.972	-72.366	2.704	-2.46876	2.11402	0
10	-60.421	-73.673	2.704	-2.5134	2.06109	0
10	-58.843	-74.949	2.704	-2.55694	2.00724	0
10	-57.237	-76.191	2.705	-2.59936	1.95242	0
10	-55.606	-77.398	2.705	-2.64057	1.89676	0
10	-53.949	-78.569	2.706	-2.68056	1.84022	0
10	-52.266	-79.707	2.706	-2.7194	1.7828	0
10	-50.561	-80.808	2.706	-2.75698	1.72462	0
10	-48.833	-81.872	2.707	-2.79332	1.66565	0
10	-47.08	-82.9	2.707	-2.82842	1.60587	0
10	-45.307	-83.889	2.708	-2.86219	1.54538	0
10	-43.514	-84.841	2.708	-2.89469	1.4842	0
10	-41.7	-85.755	2.708	-2.92591	1.42229	0
10	-39.867	-86.63	2.709	-2.95579	1.35978	0
10	-38.016	-87.464	2.709	-2.98429	1.29664	0
10	-36.146	-88.261	2.71	-3.0115	1.23285	0
10	-34.261	-89.017	2.71	-3.03732	1.16856	0
10	-32.361	-89.733	2.71	-3.06177	1.10372	0
10	-30.444	-90.409	2.711	-3.08485	1.03832	0
10	-28.513	-91.042	2.711	-3.10649	0.97249	0
10	-26.569	-91.636	2.711	-3.12676	0.90616	0
10	-24.614	-92.188	2.712	-3.14561	0.83947	0
10	-22.647	-92.698	2.712	-3.16303	0.77239	0
10	-20.668	-93.166	2.713	-3.17902	0.70489	0
10	-18.681	-93.591	2.713	-3.19353	0.63712	0
10	-16.685	-93.974	2.713	-3.20663	0.56905	0
10	-14.68	-94.315	2.714	-3.21828	0.50066	0
10	-12.67	-94.613	2.714	-3.22847	0.43209	0
10	-10.653	-94.868	2.715	-3.23715	0.36331	0
10	-8.63	-95.08	2.715	-3.24441	0.29431	0
10	-6.604	-95.249	2.715	-3.25019	0.22522	0
10	-4.575	-95.375	2.716	-3.25449	0.15601	0
10	-2.541	-95.458	2.716	-3.25732	0.08667	0
10	-0.508	-95.497	2.716	-3.25863	0.01734	0
10	1.525	-95.493	2.717	-3.2585	-0.05201	0
10	3.56	-95.446	2.717	-3.25689	-0.12141	0
10	5.592	-95.355	2.718	-3.2538	-0.1907	0
10	7.621	-95.221	2.718	-3.2492	-0.25992	0
10	9.649	-95.043	2.718	-3.24315	-0.32908	0
10	11.671	-94.823	2.719	-3.23564	-0.39805	0
10	13.689	-94.56	2.719	-3.22665	-0.46685	0
10	15.702	-94.254	2.72	-3.21619	-0.53551	0
10	17.706	-93.904	2.72	-3.20424	-0.60387	0
10	19.703	-93.513	2.72	-3.19087	-0.67197	0
10	21.693	-93.079	2.721	-3.17604	-0.73984	0
10	23.671	-92.602	2.721	-3.15977	-0.80732	0
10	25.639	-92.083	2.721	-3.14204	-0.87445	0
10	27.597	-91.523	2.722	-3.12289	-0.94124	0
10	29.542	-90.921	2.722	-3.10234	-1.00757	0
10	31.473	-90.278	2.723	-3.08038	-1.07345	0
10	33.392	-89.593	2.723	-3.057	-1.13891	0
10	35.295	-88.868	2.723	-3.03222	-1.2038	0
10	37.182	-88.103	2.724	-3.00608	-1.26817	0
10	39.053	-87.297	2.724	-2.97856	-1.33202	0
10	40.906	-86.452	2.725	-2.9497	-1.39523	0
10	42.74	-85.566	2.725	-2.91948	-1.4578	0
10	44.557	-84.642	2.725	-2.88792	-1.51978	0
10	46.353	-83.681	2.726	-2.85508	-1.58104	0
10	48.127	-82.681	2.726	-2.82094	-1.64159	0
10	49.882	-81.643	2.727	-2.78549	-1.70145	0
10	51.612	-80.567	2.727	-2.74876	-1.76049	0
10	53.32	-79.456	2.727	-2.71082	-1.81875	0
10	55.005	-78.307	2.728	-2.67161	-1.87625	0
10	56.664	-77.124	2.728	-2.63121	-1.93286	0
10	58.296	-75.905	2.728	-2.58959	-1.98858	0
10	59.905	-74.651	2.729	-2.54678	-2.04347	0
10	61.485	-73.364	2.729	-2.50284	-2.0974	0
10	63.038	-72.043	2.73	-2.45776	-2.1504	0
10	64.564	-70.689	2.73	-2.41153	-2.20246	0
10	66.058	-69.303	2.73	-2.36421	-2.25347	0
10	67.524	-67.885	2.731	-2.31583	-2.30349	0
10	68.96	-66.436	2.731	-2.26636	-2.35252	0
10	70.364	-64.957	2.732	-2.2159	-2.40044	0
10	71.736	-63.448	2.732	-2.1644	-2.44726	0
10	73.077	-61.91	2.732	-2.11189	-2.49304	0
10	74.384	-60.344	2.733	-2.05847	-2.53766	0
10	75.657	-58.751	2.733	-2.0041	-2.58113	0
10	76.898	-57.13	2.733	-1.94877	-2.62348	0
10	78.101	-55.483	2.734	-1.89258	-2.66458	0
10	79.272	-53.81	2.734	-1.8355	-2.70454	0
10	80.405	-52.114	2.735	-1.77762	-2.74324	0
10	81.503	-50.394	2.735	-1.71893	-2.78071	0
10	82.564	-48.649	2.735	-1.6594	-2.81695	0
10	83.586	-46.883	2.736	-1.59915	-2.85186	0
10	84.572	-45.096	2.736	-1.53818	-2.88551	0
10	85.52	-43.287	2.737	-1.47646	-2.91788	0
10	86.428	-41.46	2.737	-1.41411	-2.94891	0
10	87.297	-39.613	2.737	-1.3511	-2.97857	0
10	88.128	-37.746	2.738	-1.28742	-3.00694	0
10	88.918	-35.864	2.738	-1.22321	-3.03393	0
10	89.668	-33.965	2.739	-1.15844	-3.05954	0
10	90.378	-32.049	2.739	-1.09308	-3.08379	0
10	91.045	-30.119	2.739	-1.02726	-3.10659	0
10	91.673	-28.176	2.74	-0.96098	-3.12802	0
10	92.259	-26.218	2.74	-0.89419	-3.14804	0
10	92.803	-24.25	2.74	-0.82705	-3.16663	0
10	93.304	-22.27	2.741	-0.75952	-3.18374	0
10	93.764	-20.278	2.741	-0.69158	-3.19946	0
10	94.182	-18.278	2.742	-0.62338	-3.21372	0
10	94.556	-16.27	2.742	-0.55489	-3.22652	0
10	94.889	-14.252	2.742	-0.48608	-3.23786	0
10	95.177	-12.23	2.743	-0.41709	-3.2477	0
10	95.422	-10.201	2.743	-0.34791	-3.25609	0
10	95.625	-8.166	2.744	-0.2785	-3.26302	0
10	95.784	-6.129	2.744	-0.20901	-3.26845	0
10	95.899	-4.088	2.744	-0.13942	-3.27238	0
10	95.971	-2.044	2.745	-0.0697	-3.27485	0
10	95.971	-2.044	2.745	-0.0697	-3.27485	0